hub_id,in_degree,out_degree,betweenness_centrality,clustering_coefficient,pagerank,total_sla_breach_trips,risk_tier
IND000000ACB,101,108,0.23380061704735056,0.03715846994535519,0.014993404995547794,728.0,High Risk
IND421302AAG,67,81,0.04559701712567218,0.06507936507936508,0.007750968915871727,635.0,High Risk
IND562132AAA,78,86,0.12324050407068299,0.05187074829931973,0.010562399352175494,495.0,High Risk
IND560099AAB,30,41,0.004724623152808049,0.14035087719298245,0.003489696728660833,308.0,High Risk
IND411033AAA,38,43,0.0490700819731,0.06157635467980296,0.0062167831809181425,289.0,High Risk
IND160002AAC,45,40,0.05207971870745136,0.0313588850174216,0.009649526606953273,268.0,High Risk
IND400072AAB,22,21,0.00501076922262769,0.07692307692307693,0.002224352868936386,220.0,High Risk
IND501359AAE,58,45,0.08180866996131547,0.042682926829268296,0.010641990878152242,217.0,High Risk
IND560300AAA,10,21,0.0055762573606067956,0.22727272727272727,0.001245871532541616,205.0,High Risk
IND600056AAB,32,40,0.04380567468858462,0.05533596837944664,0.004163704248309379,200.0,High Risk
IND382430AAB,29,24,0.030783571511191446,0.03985507246376811,0.0037324963512088733,188.0,High Risk
IND712311AAA,44,43,0.07414963209251023,0.043010752688172046,0.010922163590869578,177.0,High Risk
IND110037AAM,34,34,0.03892342549731582,0.06653225806451613,0.005473984814113225,173.0,High Risk
IND131028AAB,38,30,0.04788051568284583,0.0367816091954023,0.006336334297274932,169.0,High Risk
IND209304AAA,22,17,0.03562688669296035,0.03463203463203463,0.00489914856863798,149.0,High Risk
IND842001AAA,17,21,0.0244240979594799,0.057971014492753624,0.005102995817126724,123.0,High Risk
IND121004AAB,15,13,0.004788883168487493,0.05555555555555555,0.002817526823626685,122.0,High Risk
IND110044AAB,5,15,0.002754486672094748,0.39285714285714285,0.00047630258539954607,121.0,High Risk
IND000000ACT,0,11,0.0,1.0,0.00012114567835132603,116.0,Low Risk
IND302014AAB,10,15,8.92080217667573e-05,0.02197802197802198,0.0024747283921484177,105.0,Low Risk
IND600032AAB,9,10,3.780000922320225e-06,0.6666666666666666,0.0010804896784519066,97.0,Low Risk
IND000000ACA,17,13,0.011108288710422444,0.1,0.0033380074142594584,97.0,High Risk
IND462022AAA,21,15,0.03166846972710661,0.0718954248366013,0.00395286349779493,82.0,High Risk
IND302014AAA,13,11,0.03644714689310384,0.06666666666666667,0.0029304585249397175,76.0,High Risk
IND400072AAD,5,4,0.00036552608918836576,0.0,0.00036218120721227744,73.0,Low Risk
IND395023AAA,13,17,0.00885729816118075,0.16363636363636364,0.0016832426414778697,66.0,High Risk
IND560043AAC,10,9,0.0008006041953474236,0.3,0.0008007147749034139,58.0,Low Risk
IND834002AAB,9,12,0.006977125702418671,0.15555555555555556,0.0015634645105204001,58.0,High Risk
IND751002AAB,17,11,0.014925711641873639,0.10476190476190476,0.0031788893151763705,57.0,High Risk
IND521225AAB,12,10,0.011864666894978722,0.10256410256410256,0.002652204044511946,56.0,High Risk
IND000000AFT,11,11,0.004395007072381725,0.07142857142857142,0.001570241661835909,56.0,High Risk
IND580028AAA,16,17,0.013083339192334762,0.0989010989010989,0.00325468461036992,54.0,High Risk
IND401104AAA,10,10,0.0012012842931133675,0.2,0.0009584761012674324,53.0,High Risk
IND518002AAA,12,10,0.008754860136185873,0.12121212121212122,0.003425631844625394,51.0,High Risk
IND532001AAB,9,8,0.007168771749180306,0.14285714285714285,0.0018347072438409967,50.0,High Risk
IND131021AAA,0,4,0.0,0.0,0.00012114567835132603,50.0,Low Risk
IND400011AAA,2,4,0.0007994701950707275,0.0,0.0003333671356046323,48.0,Low Risk
IND560058AAB,10,9,3.02400073785618e-06,0.8333333333333334,0.0008775191131209995,45.0,Low Risk
IND854326AAB,11,13,0.01878395858328589,0.14285714285714285,0.0018929345364784515,43.0,High Risk
IND249407AAA,7,6,0.003991302973877926,0.2,0.001569826163178935,43.0,High Risk
IND144001AAB,8,7,0.0035928908766653736,0.26666666666666666,0.002927095510129022,43.0,High Risk
IND683511AAA,21,13,0.022133039400461612,0.029411764705882353,0.002956848302676747,41.0,High Risk
IND395023AAD,9,8,1.85220045193691e-05,0.0,0.0026411629979917173,41.0,Low Risk
IND431136AAC,8,9,0.005583439362359204,0.047619047619047616,0.00151899058055132,41.0,High Risk
IND421302AAR,7,6,0.0016121703933695759,0.0,0.001828463363150708,40.0,High Risk
IND413002AAA,7,6,0.0035539568671654753,0.26666666666666666,0.0012194174735267779,40.0,High Risk
IND585104AAA,6,5,0.006378373556323147,0.0,0.0019270107248625997,40.0,High Risk
IND384205AAA,8,6,0.008360984040080106,0.1111111111111111,0.002265186088096652,40.0,High Risk
IND530012AAA,14,16,0.017784526339424424,0.054945054945054944,0.003005397637336936,39.0,High Risk
IND263153AAB,8,8,0.007169149749272539,0.1111111111111111,0.001926832478395571,39.0,High Risk
IND811399AAA,1,4,0.0003987900973047837,0.6666666666666666,0.00023549220338261854,39.0,Low Risk
IND712310AAE,7,5,0.0032247187868313836,0.09523809523809523,0.001576336210098898,38.0,High Risk
IND781018AAB,23,22,0.03260401995538087,0.021645021645021644,0.003557282588157166,38.0,High Risk
IND211002AAB,8,5,0.008735960131574272,0.027777777777777776,0.0016583940651926864,38.0,High Risk
IND390022AAA,5,6,0.005136265253248722,0.3,0.0012509213218937756,37.0,High Risk
IND515004AAA,9,9,0.012695511097704707,0.06666666666666667,0.00241394282656482,36.0,High Risk
IND122004AAA,0,4,0.0,0.0,0.00012114567835132603,35.0,Low Risk
IND110037AAK,2,3,0.0,0.0,0.00033877521179827654,35.0,Low Risk
IND306401AAB,3,5,0.00829823602476959,0.2,0.0008915709010379814,35.0,High Risk
IND313001AAB,5,6,0.008181433996269895,0.14285714285714285,0.001808517874845838,35.0,High Risk
IND110064AAA,4,5,0.0008028721959008158,0.16666666666666666,0.0006936041695586482,34.0,Low Risk
IND560064AAD,0,2,0.0,0.0,0.00012114567835132603,34.0,Low Risk
IND140301AAA,1,2,0.0008017381956241196,0.3333333333333333,0.00028073580935141103,33.0,Low Risk
IND305001AAC,7,5,0.006774517652982307,0.10714285714285714,0.001810342496461918,32.0,High Risk
IND560058AAD,6,3,0.0,1.0,0.0006584812289281228,31.0,Low Risk
IND786001AAB,6,7,0.004897369194958083,0.10606060606060606,0.0018395727338073775,31.0,High Risk
IND403726AAA,7,8,0.009604226343431227,0.1388888888888889,0.0014286421372837765,31.0,High Risk
IND627005AAA,3,3,1.6254003965976968e-05,0.06666666666666667,0.0011030470974237128,30.0,Low Risk
IND410206AAB,0,2,0.0,0.0,0.00012114567835132603,30.0,Low Risk
IND641062AAD,13,13,9.676802361139776e-05,0.06060606060606061,0.0034514844573802434,30.0,Low Risk
IND600044AAD,9,10,0.003195234779637286,0.2,0.0010574955791587046,29.0,High Risk
IND560002AAA,7,4,0.0,1.0,0.0008561182480621697,29.0,Low Risk
IND362001AAA,3,6,4.195801023775449e-05,0.047619047619047616,0.0018522607752996273,29.0,Low Risk
IND140901AAA,2,2,0.0003984120972125517,0.6666666666666666,0.00040977719998163813,28.0,Low Risk
IND517501AAB,2,2,9.072002213568539e-06,0.0,0.0013611369303008105,28.0,Low Risk
IND503111AAC,2,2,0.010261568503822715,0.16666666666666666,0.0009013691000816234,28.0,High Risk
IND411021AAA,3,2,0.0,0.0,0.000443105058523451,27.0,Low Risk
IND273014AAB,5,6,0.006057829478110392,0.0,0.0025902266431162145,27.0,High Risk
IND380021AAA,0,2,0.0,0.0,0.00012114567835132603,26.0,Low Risk
IND786181AAC,4,5,0.0008285762021725933,0.16666666666666666,0.00179363410515453,26.0,Low Risk
IND412105AAC,1,2,0.0,0.0,0.000802792977903005,26.0,Low Risk
IND416012AAA,10,8,0.010553006574933604,0.1111111111111111,0.0021300785458280027,26.0,High Risk
IND507002AAA,5,7,0.0038828169474073347,0.1388888888888889,0.0012928121961768074,26.0,High Risk
IND400015AAA,7,4,0.0,1.0,0.0007595040321033604,26.0,Low Risk
IND560048AAB,10,5,0.0007990921949784955,0.5,0.0010296297874205853,26.0,Low Risk
IND632006AAA,6,7,0.0032920028032486837,0.23809523809523808,0.0007200268258307015,26.0,High Risk
IND400102AAC,4,4,0.0004014360979504079,0.0,0.0004725845824629946,25.0,Low Risk
IND401209AAB,0,5,0.0,0.3333333333333333,0.00012114567835132603,25.0,Low Risk
IND411036AAA,3,4,0.0,0.0,0.0004663363868149714,25.0,Low Risk
IND141003AAB,0,2,0.0,1.0,0.00012114567835132603,25.0,Low Risk
IND573201AAB,6,10,0.010824410641156195,0.14285714285714285,0.0015084494837733166,25.0,High Risk
IND201301AAF,16,4,0.0016189743950297522,0.1111111111111111,0.003223544610817249,25.0,High Risk
IND422011AAD,3,5,0.004783213167104013,0.3,0.0009036947811698803,25.0,High Risk
IND500010AAB,4,4,0.0,0.0,0.0011724854967534715,24.0,Low Risk
IND400701AAB,5,4,0.0,1.0,0.0005776819306142019,24.0,Low Risk
IND641607AAA,3,4,4.3092010514450564e-05,0.16666666666666666,0.0010331643814282998,24.0,Low Risk
IND151001AAA,6,4,0.007555843843625897,0.10714285714285714,0.002255142839969222,24.0,High Risk
IND110043AAA,6,4,0.0011993942926522073,0.0,0.0008378464962052483,24.0,High Risk
IND000000ACK,0,1,0.0,0.0,0.00012114567835132603,24.0,Low Risk
IND125001AAA,10,11,0.009169526237364401,0.10606060606060606,0.0031504966674734862,24.0,High Risk
IND462001AAA,2,2,0.00039954609748924777,0.0,0.0005165887200225354,24.0,Low Risk
IND533106AAA,11,12,0.005589865363927148,0.15555555555555556,0.0020945519845263576,23.0,High Risk
IND583101AAA,2,2,0.003991680973970157,0.16666666666666666,0.0006111889733901391,23.0,High Risk
IND560083AAB,4,4,0.0,1.0,0.000482285720039965,23.0,Low Risk
IND577002AAA,6,5,0.003192966779083894,0.26666666666666666,0.001752995656140594,23.0,High Risk
IND245304AAA,2,2,0.0,1.0,0.0006429236751197139,23.0,Low Risk
IND380006AAB,0,2,0.0,0.0,0.00012114567835132603,22.0,Low Risk
IND842003AAB,6,8,0.011919098908260133,0.06060606060606061,0.00409132265434778,22.0,High Risk
IND121001AAA,2,2,0.0,0.0,0.00041754209127599335,22.0,Low Risk
IND382421AAA,1,3,0.0,1.0,0.00025200815297781847,22.0,Low Risk
IND600044AAE,4,4,0.0,0.0,0.0004278167635892361,22.0,Low Risk
IND474003AAA,9,7,0.006762421650030882,0.15555555555555556,0.0018065077922062558,21.0,High Risk
IND424006AAA,5,8,0.0020219224933490884,0.13333333333333333,0.0008457897496789193,21.0,High Risk
IND160102AAC,2,3,0.0,0.0,0.0005138826985659604,21.0,Low Risk
IND560078AAC,8,5,0.0,1.0,0.000868152519877316,21.0,Low Risk
IND610001AAA,3,3,0.003587598875374125,0.16666666666666666,0.0012792015314499355,21.0,High Risk
IND396191AAC,7,7,0.002000376488091863,0.1,0.0007599731511367301,20.0,High Risk
IND396321AAA,2,2,9.450002305800563e-06,0.0,0.0008685605964274468,20.0,Low Risk
IND583201AAA,4,3,0.001999620487907399,0.3333333333333333,0.0010647126549578837,20.0,High Risk
IND201301AAM,3,2,0.0,0.0,0.000621599343877775,20.0,Low Risk
IND560060AAB,11,4,0.0,1.0,0.0009969251458216762,20.0,Low Risk
IND620020AAA,0,2,0.0,0.0,0.00012114567835132603,19.0,Low Risk
IND713205AAB,11,14,0.014274039482865633,0.054945054945054944,0.002938568181674021,19.0,High Risk
IND136128AAA,1,1,0.0008043841962697438,0.0,0.0003615429527771903,19.0,Low Risk
IND570020AAA,5,3,0.0028285746901722244,0.09523809523809523,0.001508952253203843,19.0,High Risk
IND673592AAA,3,4,0.0012009062930211354,0.16666666666666666,0.000662114593391811,19.0,High Risk
IND691574AAA,3,2,0.0008153461989444724,0.3333333333333333,0.00025586787203560677,19.0,Low Risk
IND332001AAB,3,6,0.007970509944804426,0.08333333333333333,0.001327333857346785,19.0,High Risk
IND142001AAB,2,2,0.0,0.6666666666666666,0.0005249171095519297,19.0,Low Risk
IND848114AAA,1,1,0.0012024182933900636,1.0,0.00029537138012062763,19.0,High Risk
IND585401AAA,1,1,0.003970512968805164,0.0,0.0005085282763986151,19.0,High Risk
IND502220AAC,1,1,0.003966732967882844,0.0,0.0005915497986826458,19.0,High Risk
IND502286AAB,1,1,0.003968622968344004,0.0,0.0005527570060716983,19.0,High Risk
IND136118AAA,1,1,0.0012054422941279196,0.0,0.00028276731499806464,19.0,High Risk
IND206001AAA,1,1,0.00039916809739701573,0.0,0.0003764495474950193,19.0,Low Risk
IND400015AAB,4,6,0.0,1.0,0.00045203657233470134,18.0,Low Risk
IND480334AAA,2,2,0.00040294809831933594,0.0,0.0006764771745730924,18.0,Low Risk
IND460001AAA,2,2,0.0008051401964542079,0.0,0.0006531342975251642,18.0,Low Risk
IND380054AAA,2,2,0.0,0.0,0.00042564396397790435,18.0,Low Risk
IND285001AAD,1,1,0.001598184389956991,0.0,0.000562064564157924,18.0,High Risk
IND444005AAB,5,3,0.004387447070537085,0.1,0.0013028547622751581,18.0,High Risk
IND209111AAA,1,1,0.001600074390418151,0.0,0.0005185074697940416,18.0,High Risk
IND503187AAA,1,1,0.001600074390418151,0.0,0.0005236905853849991,18.0,High Risk
IND788026AAC,4,8,0.004791151169040885,0.06666666666666667,0.0013797369047085734,18.0,High Risk
IND413501AAA,2,2,0.0005352481306005438,0.6666666666666666,0.00041702873249493684,18.0,Low Risk
IND523002AAA,7,8,0.00798071594729469,0.1388888888888889,0.0019675442360836456,18.0,High Risk
IND461111AAA,1,2,0.0012065762944046157,0.0,0.0006257933187051341,18.0,High Risk
IND852139AAB,3,2,0.0007968241944251034,0.6666666666666666,0.0005566227248361568,18.0,Low Risk
IND712124AAA,3,4,0.0,1.0,0.0009883348919961707,18.0,Low Risk
IND136027AAA,1,1,0.00040257009822710396,0.0,0.00042850756394255504,18.0,Low Risk
IND144001AAC,0,5,0.0,1.0,0.00012114567835132603,18.0,Low Risk
IND244221AAA,1,1,0.007468903822412532,0.0,0.00030345725073543283,18.0,High Risk
IND560067AAC,1,2,0.0,0.0,0.00018966867655843673,18.0,Low Risk
IND560300AAB,3,4,2.2680005533921347e-06,0.3,0.0008193876235197365,18.0,Low Risk
IND695101AAB,3,3,1.360800332035281e-05,0.3333333333333333,0.0005049718298500832,18.0,Low Risk
IND282001AAF,0,2,0.0,0.0,0.00012114567835132603,18.0,Low Risk
IND585330AAE,1,1,0.003972402969266324,0.0,0.00045516046115235033,18.0,High Risk
IND502110AAA,1,1,0.001596294389495831,0.0,0.0006025967090673663,17.0,High Risk
IND312001AAA,2,2,0.0023972765849354866,0.16666666666666666,0.0008012505863172136,17.0,High Risk
IND121002AAB,4,4,0.0,0.0,0.00062528877663911,17.0,Low Risk
IND206122AAA,1,1,0.00040105809785817586,0.0,0.0003001718529970465,17.0,Low Risk
IND402109AAA,2,2,3.780000922320225e-07,1.0,0.000802792977903005,17.0,Low Risk
IND700065AAA,6,5,0.00039916809739701573,1.0,0.0016219916031920277,17.0,Low Risk
IND503185AAA,1,1,0.0016019643908793113,0.0,0.00047199391705905893,17.0,High Risk
IND122001AAA,5,5,0.0016004523905103832,0.2,0.0007281353016525441,17.0,High Risk
IND503122AAA,1,1,0.001598184389956991,0.0,0.0005665078535050909,17.0,High Risk
IND845401AAA,2,1,0.0007998481951629596,0.6666666666666666,0.0005361908342902112,17.0,Low Risk
IND423701AAB,3,1,0.0019909264857860625,0.8333333333333334,0.0007837963019730722,17.0,High Risk
IND140001AAA,1,1,0.00040105809785817586,0.0,0.00022965493499320366,17.0,Low Risk
IND515134AAA,4,3,0.0023972765849354866,0.16666666666666666,0.000849873381330352,17.0,High Risk
IND532201AAA,3,2,0.0012001502928366714,0.6666666666666666,0.000864384137687125,17.0,High Risk
IND140118AAA,1,1,0.00039916809739701573,0.0,0.0003164062301505372,16.0,Low Risk
IND845305AAA,1,1,0.0007979581947017995,1.0,0.0005766805216024596,16.0,Low Risk
IND142026AAA,1,2,3.780000922320225e-07,0.6666666666666666,0.00017074565500660574,16.0,Low Risk
IND624001AAA,2,3,1.3986003412584832e-05,0.2,0.0006637854624032041,16.0,Low Risk
IND821115AAB,6,6,0.010122842469973562,0.1388888888888889,0.001513471490858509,16.0,High Risk
IND401104AAB,4,5,0.0,1.0,0.00046289545370411904,16.0,Low Risk
IND203390AAA,2,1,7.56000184464045e-06,0.3333333333333333,0.0004693704150194754,16.0,Low Risk
IND500008AAF,0,2,0.0,0.0,0.00012114567835132603,16.0,Low Risk
IND521301AAA,2,2,0.0,1.0,0.0004426730680189645,16.0,Low Risk
IND413401AAA,1,1,0.0,1.0,0.0002604193750013157,16.0,Low Risk
IND506132AAA,1,1,0.0012020402932978315,0.0,0.0002781340944204849,16.0,High Risk
IND515201AAA,1,2,0.0008017381956241196,0.0,0.0003803815175044791,16.0,Low Risk
IND846004AAA,2,3,0.0008017381956241196,0.6666666666666666,0.0004658770737788414,16.0,Low Risk
IND854335AAA,3,3,0.0004006800977659438,0.6666666666666666,0.00025375288159852226,16.0,Low Risk
IND591123AAC,3,3,0.0012020402932978315,0.0,0.0005657806535399533,16.0,High Risk
IND262802AAA,2,2,1.1340002766960673e-06,0.0,0.00038609768254056114,16.0,Low Risk
IND712103AAA,3,3,0.0,1.0,0.0006901931496606303,16.0,Low Risk
IND201304AAA,2,2,0.0,0.0,0.0014850510919938698,16.0,Low Risk
IND731301AAA,3,2,0.0011963702919143512,0.3333333333333333,0.0005260790830639721,16.0,High Risk
IND852113AAA,3,3,0.0,0.6666666666666666,0.0006096081766505455,16.0,Low Risk
IND500039AAC,7,7,0.004788127168303029,0.047619047619047616,0.0013880032313640794,15.0,High Risk
IND402107AAA,1,2,3.780000922320225e-07,1.0,0.000802792977903005,15.0,Low Risk
IND812002AAA,2,2,3.780000922320225e-07,0.0,0.000224126329183162,15.0,Low Risk
IND637211AAA,1,1,7.56000184464045e-07,0.0,0.00024748662680706415,15.0,Low Risk
IND852111AAA,3,5,7.56000184464045e-07,0.5,0.0003787716933796784,15.0,Low Risk
IND695121AAA,1,2,0.0004048380987804961,0.6666666666666666,0.0003767108922912467,15.0,Low Risk
IND382715AAA,1,1,0.0,1.0,0.00039457211477571133,15.0,Low Risk
IND532421AAA,2,2,0.0,1.0,0.0006280817113346148,15.0,Low Risk
IND244713AAA,3,2,0.0,1.0,0.001472537640704802,15.0,Low Risk
IND524101AAB,1,1,3.4020008300882024e-06,0.0,0.0007407329819986188,15.0,Low Risk
IND591102AAA,2,2,0.0004006800977659438,0.0,0.00022412632918316207,15.0,Low Risk
IND605601AAA,3,3,0.0047862371678418685,0.0,0.0010373780742938985,15.0,High Risk
IND577598AAB,2,2,0.0,1.0,0.0003800494676794545,15.0,Low Risk
IND141109AAA,1,1,0.0,1.0,0.00017095899437687877,15.0,Low Risk
IND261001AAA,2,2,1.1340002766960673e-06,0.0,0.00022412632918316207,15.0,Low Risk
IND585222AAA,2,2,7.56000184464045e-07,0.0,0.00047541345115091496,15.0,Low Risk
IND262701AAA,2,2,1.51200036892809e-06,0.0,0.00031167483198985826,15.0,Low Risk
IND274301AAB,3,1,0.0012118682956958641,0.3333333333333333,0.0008079881830783609,15.0,High Risk
IND832109AAB,2,1,0.0,0.0,0.00031358160096567263,15.0,Low Risk
IND852201AAA,5,4,7.56000184464045e-07,0.6666666666666666,0.0008639410182156957,15.0,Low Risk
IND282002AAD,8,7,0.004909087197817276,0.25,0.0012814149623681529,15.0,High Risk
IND843105AAB,1,1,0.0,1.0,0.0003460624777717189,15.0,Low Risk
IND848210AAA,1,2,0.0012005282929289033,0.6666666666666666,0.0003720944839405386,15.0,High Risk
IND847212AAA,2,2,0.00040105809785817586,1.0,0.00043386501895237517,14.0,Low Risk
IND847226AAA,2,2,0.00039916809739701573,1.0,0.0004897157532220551,14.0,Low Risk
IND847103AAA,2,2,0.0007998481951629596,1.0,0.0002978779030400631,14.0,Low Risk
IND587103AAB,3,4,0.0012001502928366714,0.3333333333333333,0.0006020136536577481,14.0,High Risk
IND177033AAA,1,1,0.0007998481951629596,0.0,0.00031167483198985826,14.0,Low Risk
IND585307AAB,2,2,0.0004006800977659438,0.0,0.0006018714068969508,14.0,Low Risk
IND585211AAA,2,2,0.0003987900973047837,0.0,0.0006701096539128486,14.0,Low Risk
IND573142AAA,4,2,0.0019920604860627585,0.3333333333333333,0.0006665284918188773,14.0,High Risk
IND571432AAB,2,2,0.0012020402932978315,0.0,0.00029173881545063566,14.0,High Risk
IND581115AAC,3,3,0.0,1.0,0.0010504759516434111,14.0,Low Risk
IND582101AAB,4,3,0.0011963702919143512,0.3333333333333333,0.000699553574727415,14.0,High Risk
IND581325AAA,3,2,0.0007979581947017995,0.3333333333333333,0.00063499442309188,14.0,Low Risk
IND261201AAB,0,2,0.0,0.0,0.00012114567835132603,14.0,Low Risk
IND302020AAA,1,2,0.0,0.0,0.00022546375380916826,14.0,Low Risk
IND721134AAB,1,2,0.001212624295880328,0.3333333333333333,0.00040140265346232497,14.0,High Risk
IND700136AAG,0,2,0.0,0.0,0.00012114567835132603,14.0,Low Risk
IND532127AAA,2,2,0.0016019643908793113,0.0,0.00044655315134841837,14.0,High Risk
IND535558AAA,1,2,0.001598184389956991,0.0,0.0005466817358822333,14.0,High Risk
IND263401AAA,3,2,0.0007975801946095674,1.0,0.001515037892615792,14.0,Low Risk
IND614616AAA,1,1,2.2680005533921347e-06,0.0,0.00031167483198985826,14.0,Low Risk
IND614804AAA,1,1,1.51200036892809e-06,0.0,0.00022412632918316207,14.0,Low Risk
IND614602AAA,0,1,0.0,0.0,0.00012114567835132603,14.0,Low Risk
IND614715AAA,2,2,0.00040105809785817586,1.0,0.0008130335123241274,14.0,Low Risk
IND614809AAA,2,2,0.00039916809739701573,1.0,0.0008133243108212078,14.0,Low Risk
IND385535AAA,1,1,0.00039916809739701573,1.0,0.0007698731013996758,14.0,Low Risk
IND517644AAA,1,1,3.4020008300882024e-06,0.0,0.0007333331956537196,14.0,Low Risk
IND713148AAA,1,2,0.0012020402932978315,0.0,0.00029373724657956354,14.0,High Risk
IND370110AAA,1,2,0.0,1.0,0.00031308336984128154,14.0,Low Risk
IND362720AAA,1,1,1.7010004150441013e-05,0.0,0.0012439913319741136,14.0,Low Risk
IND732103AAB,2,3,1.6254003965976968e-05,0.1,0.001486837514183002,14.0,Low Risk
IND506314AAA,1,1,0.0011963702919143512,0.0,0.00048262658310906667,14.0,High Risk
IND584101AAA,2,2,0.0008013601955318876,1.0,0.00030325915960782994,14.0,Low Risk
IND401602AAA,2,2,0.0,0.0,0.000802792977903005,14.0,Low Risk
IND401501AAA,2,2,0.0,0.0,0.000802792977903005,14.0,Low Risk
IND507111AAA,0,1,0.0,0.0,0.00012114567835132603,14.0,Low Risk
IND400102AAB,3,4,0.0,0.0,0.00037170296704219417,14.0,Low Risk
IND813102AAA,0,2,0.0,0.0,0.00012114567835132603,14.0,Low Risk
IND462042AAA,1,2,0.0,0.0,0.0003862214175629661,14.0,Low Risk
IND843301AAA,3,2,0.0012001502928366714,0.6666666666666666,0.000636706083762199,14.0,High Risk
IND421601AAB,1,1,0.00039916809739701573,1.0,0.0002984910302811027,14.0,Low Risk
IND203131AAA,1,1,3.02400073785618e-06,0.0,0.00022412632918316207,14.0,Low Risk
IND636016AAA,1,1,7.56000184464045e-07,0.0,0.0001486236885492438,14.0,Low Risk
IND152026AAA,6,5,0.0036412748884710727,0.14285714285714285,0.0014698060842982333,14.0,High Risk
IND143001AAA,4,1,0.0,1.0,0.0009408372405557871,14.0,Low Risk
IND851127AAA,1,2,0.0004014360979504079,0.3333333333333333,0.00021950429147935793,14.0,Low Risk
IND457226AAA,2,2,0.0,1.0,0.0001901110620254061,13.0,Low Risk
IND431514AAA,1,1,0.002787750680211166,0.0,0.00046662031901394374,13.0,High Risk
IND431708AAA,1,1,0.0027896406806723257,0.0,0.00040651786423633274,13.0,High Risk
IND212601AAA,1,1,0.0008017381956241196,0.0,0.00037369805132554505,13.0,Low Risk
IND425508AAB,3,2,3.780000922320225e-06,0.6666666666666666,0.0009880679466119954,13.0,Low Risk
IND210501AAB,0,1,0.0,0.0,0.00012114567835132603,13.0,Low Risk
IND509001AAA,2,2,0.0008017381956241196,0.0,0.0003854452204489902,13.0,Low Risk
IND444602AAA,0,2,0.0,0.0,0.00012114567835132603,13.0,Low Risk
IND509203AAA,2,2,0.0007998481951629596,0.0,0.0004488402813438888,13.0,Low Risk
IND524132AAA,1,1,3.4020008300882024e-06,0.0,0.0007434057749408523,13.0,Low Risk
IND388320AAA,4,5,0.0032560927944866418,0.2,0.0014746832230317425,13.0,High Risk
IND380006AAA,0,2,0.0,0.0,0.00012114567835132603,13.0,Low Risk
IND517583AAA,1,1,3.4020008300882024e-06,0.0,0.0006640812140584263,13.0,Low Risk
IND245101AAA,2,2,0.0,1.0,0.0006000719481433802,13.0,Low Risk
IND385001AAA,2,1,0.00040105809785817586,0.6666666666666666,0.0007625814469190202,13.0,Low Risk
IND509301AAA,2,3,0.0007979581947017995,0.3333333333333333,0.0005028187136397301,13.0,Low Risk
IND516115AAA,1,1,3.4020008300882024e-06,0.0,0.0006921969921786233,13.0,Low Risk
IND362265AAA,4,1,1.7010004150441013e-05,0.3333333333333333,0.0013225716164194045,13.0,Low Risk
IND516101AAA,1,1,3.4020008300882024e-06,0.0,0.0006846637561899823,13.0,Low Risk
IND126112AAA,0,1,0.0,0.0,0.00012114567835132603,13.0,Low Risk
IND507303AAA,1,1,0.0007983361947940315,1.0,0.0004061133420159639,13.0,Low Risk
IND673104AAA,4,2,0.000807030196915368,0.3333333333333333,0.0006833056962485924,13.0,Low Risk
IND144001AAA,1,1,0.0,1.0,0.0004818737876276023,13.0,Low Risk
IND134102AAA,2,1,0.0,0.0,0.00035005560863073733,13.0,Low Risk
IND421502AAA,0,1,0.0,0.0,0.00012114567835132603,13.0,Low Risk
IND571104AAA,2,3,0.0011982602923755112,0.3333333333333333,0.0004348951466207429,13.0,High Risk
IND582209AAA,2,2,0.0,1.0,0.00036269672913221286,13.0,Low Risk
IND847404AAB,3,2,0.0007979581947017995,0.6666666666666666,0.0005932639714402592,13.0,Low Risk
IND581110AAE,4,4,0.0007998481951629596,0.6666666666666666,0.001349778529089077,13.0,Low Risk
IND673506AAA,2,2,0.0012077102946813118,0.0,0.0007022432740378167,13.0,High Risk
IND563131AAB,3,3,0.001993950486523919,0.5,0.0010091300284767347,13.0,High Risk
IND68004AAA,3,3,0.0008017381956241196,0.3333333333333333,0.0006117140526311389,13.0,Low Risk
IND563131AAA,1,1,0.0,1.0,0.00017156938951287876,13.0,Low Risk
IND401209AAA,1,2,0.0,0.0,0.00017998674810685718,13.0,Low Risk
IND473226AAA,1,3,0.0008002261952551916,0.3333333333333333,0.0003785881367524825,13.0,Low Risk
IND691001AAB,6,7,0.006030991471561918,0.0,0.001507270799806222,13.0,High Risk
IND522647AAA,3,3,0.0011982602923755112,0.0,0.0007722179173300443,13.0,High Risk
IND515301AAA,1,1,0.00040105809785817586,0.0,0.00031996570346234015,13.0,Low Risk
IND534001AAA,2,3,0.0007972021945173354,0.6666666666666666,0.0002976714995329451,13.0,Low Risk
IND600016AAB,0,2,0.0,0.0,0.00012114567835132603,13.0,Low Risk
IND563101AAB,2,3,0.0008002261952551916,0.5,0.0003496032461292779,13.0,Low Risk
IND826004AAA,11,9,0.011336222766038354,0.0641025641025641,0.0024449706565589585,13.0,High Risk
IND507117AAB,2,1,0.0008002261952551916,0.3333333333333333,0.00033517760788206893,13.0,Low Risk
IND400072AAC,0,1,0.0,0.0,0.00012114567835132603,13.0,Low Risk
IND521333AAA,4,2,0.0,0.6666666666666666,0.0004988586404284709,13.0,Low Risk
IND628801AAA,1,1,5.6700013834803375e-06,0.0,0.00041640787397443594,12.0,Low Risk
IND431001AAB,0,2,0.0,0.0,0.00012114567835132603,12.0,Low Risk
IND209206AAB,1,1,0.0004018140980426399,0.0,0.00020655795303093591,12.0,Low Risk
IND721306AAA,6,5,0.004790395168856421,0.09523809523809523,0.0011594703199869938,12.0,High Risk
IND713364AAB,1,1,0.00039916809739701573,0.0,0.0003264788534482193,12.0,Low Risk
IND518501AAA,2,2,0.0012020402932978315,1.0,0.0003447914294888412,12.0,High Risk
IND524003AAA,1,1,0.0,1.0,0.00018748205270953085,12.0,Low Risk
IND247667AAA,1,1,0.0,1.0,0.00027450650591922024,12.0,Low Risk
IND335513AAA,4,4,0.004787749168210797,0.06666666666666667,0.0010379155679230332,12.0,High Risk
IND600008AAC,5,3,0.0012012842931133675,0.0,0.0008645805692571915,12.0,High Risk
IND621010AAA,1,1,2.2680005533921347e-06,0.0,0.00022412632918316207,12.0,Low Risk
IND413709AAA,4,3,0.0007987141948862636,0.6,0.0006433401040307684,12.0,Low Risk
IND360510AAB,1,1,7.938001936872472e-06,0.0,0.00036517644227482705,12.0,Low Risk
IND515761AAA,2,2,0.0011963702919143512,0.0,0.0008542113964672197,12.0,High Risk
IND360530AAB,1,1,7.938001936872472e-06,0.0,0.00043130048966898447,12.0,Low Risk
IND622407AAA,1,1,1.51200036892809e-06,0.0,0.0004493730323887552,12.0,Low Risk
IND203396AAB,1,1,0.0,1.0,0.0002526558882388083,12.0,Low Risk
IND389001AAA,2,2,0.0008036281960852798,0.0,0.00035922861735582923,12.0,Low Risk
IND742226AAA,2,4,0.0015996963903259192,0.0,0.0004540260166642537,12.0,High Risk
IND384355AAB,1,2,0.0,1.0,0.00042137862815065115,12.0,Low Risk
IND802119AAA,1,1,0.0,1.0,0.00027426528551813495,12.0,Low Risk
IND723130AAA,5,3,0.0039909249737856934,0.2,0.001290277279290134,12.0,High Risk
IND244901AAB,10,8,0.013877895386206473,0.08333333333333333,0.004089963349599329,12.0,High Risk
IND627401AAA,1,1,2.6460006456241573e-06,1.0,0.00046496775803606024,12.0,Low Risk
IND630002AAA,1,1,2.2680005533921347e-06,0.0,0.00038609768254056114,12.0,Low Risk
IND388620AAB,1,1,0.00039916809739701573,1.0,0.0005236589379318105,12.0,Low Risk
IND382721AAA,2,1,0.0,1.0,0.00027581879139044834,12.0,Low Risk
IND465683AAA,1,1,0.001600074390418151,0.0,0.0003951701798293063,12.0,High Risk
IND341303AAA,2,1,0.005150251256661307,0.3333333333333333,0.0007647749359326182,12.0,High Risk
IND322241AAA,1,1,2.608200636400955e-05,0.0,0.00043144073053042543,12.0,Low Risk
IND638701AAA,1,1,1.7010004150441013e-05,0.0,0.0006410450310941878,12.0,Low Risk
IND248197AAA,0,2,0.0,0.0,0.00012114567835132603,12.0,Low Risk
IND249201AAA,2,4,0.0016027203910637753,0.0,0.0004016228184416586,12.0,High Risk
IND246149AAA,2,1,0.0,0.0,0.0005946426219432898,12.0,Low Risk
IND561202AAB,1,1,0.00039916809739701573,0.0,0.00039318436855094614,12.0,Low Risk
IND742102AAB,9,8,0.007488181827116365,0.027777777777777776,0.0017799235308154629,12.0,High Risk
IND742101AAC,8,7,0.007176709751117179,0.03636363636363636,0.001576229098990658,12.0,High Risk
IND431603AAA,4,3,0.003994704974708014,0.2,0.0012895491954269945,12.0,High Risk
IND583231AAA,2,2,0.0,1.0,0.00045220097013442574,12.0,Low Risk
IND402301AAA,2,1,3.780000922320225e-07,1.0,0.000802792977903005,12.0,Low Risk
IND583227AAA,2,3,0.00040105809785817586,1.0,0.0006708903844181287,12.0,Low Risk
IND333042AAA,1,1,0.0,1.0,0.00030397517378567325,12.0,Low Risk
IND562114AAA,2,3,0.0003999240975814798,0.0,0.00028238061773113815,12.0,Low Risk
IND244001AAA,2,2,0.003578904873252789,1.0,0.00043375554593079105,12.0,High Risk
IND395009AAA,1,2,0.0,0.0,0.0004583425864126825,12.0,Low Risk
IND742148AAA,2,2,0.0,1.0,0.00018114204402467022,12.0,Low Risk
IND742223AAA,2,2,0.0012009062930211354,0.0,0.00039157635037675623,12.0,High Risk
IND134203AAA,1,1,0.00040105809785817586,1.0,0.00036444688507675845,12.0,Low Risk
IND140501AAA,1,1,0.00039916809739701573,1.0,0.00043106667039569574,12.0,Low Risk
IND273304AAA,2,1,0.0008085421972842961,0.0,0.0009359627331902385,12.0,Low Risk
IND466001AAA,1,1,0.00040105809785817586,1.0,0.00040075214745330514,12.0,Low Risk
IND571426AAA,2,2,0.0012001502928366714,0.0,0.00036911309606815323,12.0,High Risk
IND151506AAA,1,1,0.0007979581947017995,0.0,0.0005354625722717261,12.0,Low Risk
IND473331AAA,1,1,0.0004003020976737118,1.0,0.0003028271099569391,12.0,Low Risk
IND313324AAA,1,1,0.0019897924855093664,1.0,0.0007725175966976561,12.0,High Risk
IND561203AAB,1,1,0.0,1.0,0.0005434376549361127,12.0,Low Risk
IND581119AAB,2,2,0.0,1.0,0.00042949273033527686,12.0,Low Risk
IND581303AAA,2,3,0.0,0.6666666666666666,0.00037222126367363544,12.0,Low Risk
IND274304AAB,2,2,0.0004048380987804961,0.3333333333333333,0.0006041933140373824,12.0,Low Risk
IND441904AAB,0,1,0.0,0.0,0.00012114567835132603,12.0,Low Risk
IND621212AAA,3,1,4.158001014552247e-06,0.3333333333333333,0.0006706512939339144,12.0,Low Risk
IND628204AAA,1,1,6.04800147571236e-06,0.0,0.0004759428104901164,12.0,Low Risk
IND621704AAA,1,1,4.536001106784269e-06,1.0,0.0006907736729260208,12.0,Low Risk
IND844505AAB,1,1,0.0007979581947017995,1.0,0.000732454376841024,12.0,Low Risk
IND845455AAB,2,4,0.00039916809739701573,1.0,0.0008441006249478038,12.0,Low Risk
IND845438AAA,4,2,0.00040105809785817586,1.0,0.0008511614218319149,12.0,Low Risk
IND848101AAA,2,1,0.0007998481951629596,0.6666666666666666,0.0007196161436997833,12.0,Low Risk
IND821109AAA,1,1,0.0008017381956241196,0.0,0.0003455158030519152,11.0,Low Risk
IND845412AAB,1,1,0.0,1.0,0.00029831799093823396,11.0,Low Risk
IND201007AAA,12,5,0.0035951588772187657,0.17857142857142858,0.0019986532332870025,11.0,High Risk
IND301001AAB,5,3,0.003193722779268358,0.3,0.0011389168553780813,11.0,High Risk
IND628613AAA,1,1,6.804001660176405e-06,0.0,0.000568485631746389,11.0,Low Risk
IND000000ACN,1,2,3.780000922320225e-07,0.0,0.00022412632918316207,11.0,Low Risk
IND425405AAA,2,2,1.51200036892809e-06,0.6666666666666666,0.00026377973254331497,11.0,Low Risk
IND642126AAA,3,2,0.0,1.0,0.000671584798320527,11.0,Low Risk
IND626138AAA,2,2,4.536001106784269e-06,0.0,0.0016055410643428534,11.0,Low Risk
IND621211AAA,0,1,0.0,0.0,0.00012114567835132603,11.0,Low Risk
IND441912AAA,1,1,3.780000922320225e-07,0.0,0.00022412632918316207,11.0,Low Risk
IND212402AAA,1,1,0.0007979581947017995,0.0,0.0006011235088127522,11.0,Low Risk
IND421401AAC,1,1,0.00040105809785817586,1.0,0.00020858836744316813,11.0,Low Risk
IND742121AAA,2,3,1.1340002766960673e-06,0.6666666666666666,0.0006468615126192883,11.0,Low Risk
IND691506AAA,2,2,1.4742003597048876e-05,0.0,0.0005102386031664613,11.0,Low Risk
IND563125AAB,3,2,0.0007972021945173354,0.5,0.00045875838995130825,11.0,Low Risk
IND695572AAB,2,2,1.1340002766960673e-06,0.6666666666666666,0.00039500407652049997,11.0,Low Risk
IND563116AAA,2,1,0.0,1.0,0.0006345332798459092,11.0,Low Risk
IND281121AAB,0,2,0.0,0.0,0.00012114567835132603,11.0,Low Risk
IND508223AAA,2,1,0.0007979581947017995,0.6666666666666666,0.0004044668963325924,11.0,Low Risk
IND686507AAA,1,3,0.0,1.0,0.00025039353660983227,11.0,Low Risk
IND785690AAB,1,1,0.0,0.0,0.0006981389718038457,11.0,Low Risk
IND508213AAB,1,1,0.0,1.0,0.00025949238918834816,11.0,Low Risk
IND691551AAA,3,2,0.0012088442949580078,0.3333333333333333,0.0006602883431884638,11.0,High Risk
IND303303AAA,1,1,2.3814005810617415e-05,0.0,0.0002865492994539475,11.0,Low Risk
IND472001AAA,4,3,0.0012001502928366714,0.3333333333333333,0.00047692070639895786,11.0,High Risk
IND274001AAA,2,2,0.00042147010283870507,0.0,0.0006417916282518032,11.0,Low Risk
IND500080AAB,5,3,0.00039954609748924777,0.0,0.000894016398695099,11.0,Low Risk
IND322230AAA,1,1,2.4948006087313483e-05,0.0,0.00036465281524025213,11.0,Low Risk
IND586211AAA,2,2,7.56000184464045e-07,0.0,0.00046256905745203344,11.0,Low Risk
IND679531AAA,2,2,0.0011982602923755112,0.0,0.0005812889484564152,11.0,High Risk
IND742303AAB,3,2,0.0004018140980426399,0.0,0.0005957921244595718,11.0,Low Risk
IND465669AAB,1,1,0.0016019643908793113,0.0,0.00032231923043158863,11.0,High Risk
IND723202AAA,2,2,0.0027839706792888454,0.0,0.0009655743345706668,11.0,High Risk
IND723101AAA,2,2,0.0027858606797500057,0.0,0.00099304541598585,11.0,High Risk
IND508001AAA,2,1,0.0018900004611601125,0.3333333333333333,0.00052971183735822,11.0,High Risk
IND201307AAA,2,2,0.0,0.0,0.0005690133805647566,11.0,Low Risk
IND606003AAA,1,1,0.001598184389956991,0.0,0.0005725942355759438,11.0,High Risk
IND606105AAA,1,1,0.001596294389495831,0.0,0.0006091703815693469,11.0,High Risk
IND606201AAC,1,1,0.0015944043890346708,0.0,0.0006376362350912009,11.0,High Risk
IND506002AAA,4,4,0.006779809654273555,0.0,0.001134509522982755,11.0,High Risk
IND421302AAF,1,1,0.0,0.0,0.00042642532940145855,11.0,Low Risk
IND423601AAA,3,2,0.0003984120972125517,0.5,0.0005157853618614569,11.0,Low Risk
IND614620AAA,1,1,1.0206002490264607e-05,0.0,0.0004993648128415481,11.0,Low Risk
IND802101AAA,1,2,0.0008017381956241196,0.6666666666666666,0.0003505252417937616,11.0,Low Risk
IND515401AAB,2,2,0.0,1.0,0.0005087944834052041,11.0,Low Risk
IND431515AAA,1,1,0.0027858606797500057,0.0,0.0005177165602480904,11.0,High Risk
IND450331AAA,2,2,1.1340002766960673e-06,1.0,0.0009581074505014116,11.0,Low Risk
IND211011AAA,1,1,0.0008017381956241196,0.0,0.0005209003114042456,11.0,Low Risk
IND638501AAB,2,2,1.1718002859192697e-05,0.0,0.0005751952818786972,11.0,Low Risk
IND723133AAA,2,1,0.00039916809739701573,0.6666666666666666,0.0004874452388886755,11.0,Low Risk
IND212501AAA,1,1,0.0007998481951629596,0.0,0.0005641008695633011,11.0,Low Risk
IND283203AAA,3,4,0.00039916809739701573,0.3333333333333333,0.0006379804160741255,11.0,Low Risk
IND623315AAB,1,1,5.6700013834803375e-06,0.0,0.00044484008193160126,11.0,Low Risk
IND627756AAA,2,2,1.8144004427137077e-05,0.0,0.00193925894263692,11.0,Low Risk
IND388220AAA,2,1,0.00039916809739701573,1.0,0.0008769485005258391,11.0,Low Risk
IND626123AAA,2,2,2.4948006087313483e-05,0.0,0.0021221575509817177,11.0,Low Risk
IND625008AAA,8,3,4.8006011713466854e-05,0.047619047619047616,0.0031797771452920986,11.0,Low Risk
IND609001AAA,1,1,7.56000184464045e-07,0.0,0.00022412632918316207,11.0,Low Risk
IND507123AAA,1,1,0.0011982602923755112,0.0,0.00042518605127478106,11.0,High Risk
IND515865AAB,2,2,0.0011982602923755112,0.0,0.0008630596164783586,11.0,High Risk
IND585314AAA,2,2,0.0,0.0,0.0006529647359592919,11.0,Low Risk
IND607801AAA,1,1,0.001600074390418151,0.0,0.0005319249015623353,11.0,High Risk
IND638657AAA,1,1,1.7388004242673033e-05,0.0,0.0006120879425095177,11.0,Low Risk
IND515801AAA,3,2,0.0012001502928366714,0.3333333333333333,0.0008731358073683762,11.0,High Risk
IND400064AAB,0,2,0.0,0.0,0.00012114567835132603,11.0,Low Risk
IND731204AAB,1,1,0.0,1.0,0.00021059784143664733,11.0,Low Risk
IND134109AAA,0,2,0.0,0.0,0.00012114567835132603,11.0,Low Risk
IND361001AAA,0,1,0.0,0.0,0.00012114567835132603,11.0,Low Risk
IND423109AAA,3,3,0.0,0.6,0.0005491113127107616,11.0,Low Risk
IND246763AAA,1,2,0.001997730487446239,0.3333333333333333,0.0004646318767721247,11.0,High Risk
IND248122AAB,2,2,0.0003999240975814798,0.0,0.00022412632918316207,11.0,Low Risk
IND642001AAA,3,3,6.04800147571236e-06,1.0,0.0008523659454969877,11.0,Low Risk
IND608301AAA,1,1,3.780000922320225e-06,0.0,0.0003659018882128415,11.0,Low Risk
IND400016AAB,0,3,0.0,0.0,0.00012114567835132603,11.0,Low Risk
IND384170AAA,1,1,0.0012020402932978315,0.0,0.0003490010420383138,11.0,High Risk
IND535501AAB,2,3,0.001596294389495831,0.3333333333333333,0.0005858608658024826,11.0,High Risk
IND533003AAA,4,3,0.00040105809785817586,1.0,0.0008612770640155711,11.0,Low Risk
IND742225AAA,3,2,0.0008013601955318876,0.3333333333333333,0.0003181162347772991,11.0,Low Risk
IND532440AAA,2,2,0.0,1.0,0.0004278884274868134,11.0,Low Risk
IND572101AAA,4,2,0.0016095243927239516,0.16666666666666666,0.0011230191489896653,11.0,High Risk
IND110078AAA,2,2,0.0,0.0,0.0003193457385837057,11.0,Low Risk
IND500055AAC,0,2,0.0,0.0,0.00012114567835132603,11.0,Low Risk
IND741126AAB,3,2,0.0011982602923755112,0.3333333333333333,0.0008309705458508145,11.0,High Risk
IND246701AAA,1,1,0.001999620487907399,0.0,0.00040429204358752367,11.0,High Risk
IND586128AAA,2,2,0.0007994701950707275,0.0,0.0006569164651262854,10.0,Low Risk
IND442101AAB,1,1,3.780000922320225e-07,0.0,0.00022412632918316207,10.0,Low Risk
IND637301AAA,0,1,0.0,0.0,0.00012114567835132603,10.0,Low Risk
IND466116AAA,1,1,0.00039916809739701573,1.0,0.0004618562228308811,10.0,Low Risk
IND431517AAB,1,1,0.0027839706792888454,0.0,0.0005611209752572609,10.0,Low Risk
IND421301AAA,2,1,0.0,0.0,0.0007242143223471203,10.0,Low Risk
IND000000AEL,3,4,0.0,0.0,0.00044448057635189413,10.0,Low Risk
IND803116AAA,1,1,1.51200036892809e-06,0.0,0.0004493730323887552,10.0,Low Risk
IND509216AAC,2,2,0.0,0.6666666666666666,0.000386089174276056,10.0,Low Risk
IND505001AAB,9,6,0.01387373738519192,0.12121212121212122,0.002423104303749257,10.0,Low Risk
IND509358AAA,2,3,0.0012020402932978315,0.3333333333333333,0.0008767419044492387,10.0,Low Risk
IND224141AAB,3,3,3.780000922320225e-07,0.0,0.00022412632918316207,10.0,Low Risk
IND607106AAA,1,1,0.0016019643908793113,0.0,0.00048146596518810445,10.0,Low Risk
IND363421AAB,1,1,7.56000184464045e-07,0.0,0.00031167483198985826,10.0,Low Risk
IND602001AAB,0,1,0.0,0.0,0.00012114567835132603,10.0,Low Risk
IND387001AAA,2,1,0.0,1.0,0.0006935915192105876,10.0,Low Risk
IND388121AAA,1,1,0.00040105809785817586,1.0,0.00047308521144636534,10.0,Low Risk
IND384265AAB,1,2,0.0012001502928366714,0.3333333333333333,0.00041798882584211236,10.0,Low Risk
IND243001AAA,0,2,0.0,1.0,0.00012114567835132603,10.0,Low Risk
IND723131AAA,1,1,0.0008017381956241196,1.0,0.0003463504916697917,10.0,Low Risk
IND673573AAA,0,2,0.0,0.0,0.00012114567835132603,10.0,Low Risk
IND603102AAA,1,1,0.00039916809739701573,0.0,0.00031970093552374725,10.0,Low Risk
IND175018AAA,2,2,0.0023953865844743264,0.0,0.0008338861089755885,10.0,Low Risk
IND603301AAA,1,1,0.00039916809739701573,1.0,0.00030263404453960863,10.0,Low Risk
IND756100AAC,4,5,0.0016083903924472556,0.5,0.0010553895583304187,10.0,Low Risk
IND673305AAA,3,2,0.0,0.6666666666666666,0.0004425068006315847,10.0,Low Risk
IND641664AAA,2,1,1.7766004334905057e-05,0.3333333333333333,0.0005778791276177985,10.0,Low Risk
IND175001AAA,2,2,0.0023934965840131666,0.0,0.0008302551444793548,10.0,Low Risk
IND341510AAB,2,2,0.0015944043890346708,0.0,0.0007962960001443082,10.0,Low Risk
IND504215AAA,1,2,0.0,0.6666666666666666,0.0007374106197287224,10.0,Low Risk
IND713128AAB,2,3,0.0012001502928366714,0.3333333333333333,0.0003708975415149391,10.0,Low Risk
IND523105AAA,4,3,0.0007998481951629596,0.6666666666666666,0.001058959246796132,10.0,Low Risk
IND742149AAA,0,3,0.0,1.0,0.00012114567835132603,10.0,Low Risk
IND825409AAA,2,2,0.0007979581947017995,0.0,0.00044022527688064296,10.0,Low Risk
IND571124AAA,1,1,7.56000184464045e-06,1.0,0.001119866019461362,10.0,Low Risk
IND396232AAA,1,2,0.0,0.0,0.00022466074453580075,10.0,Low Risk
IND571105AAA,0,1,0.0,0.0,0.00012114567835132603,10.0,Low Risk
IND505122AAA,2,1,0.0007998481951629596,0.3333333333333333,0.00032012749522741525,10.0,Low Risk
IND688009AAA,2,2,4.536001106784269e-06,0.0,0.0006323615181964131,10.0,Low Risk
IND174001AAA,4,2,0.0023972765849354866,0.0,0.0008381723963790004,10.0,Low Risk
IND303301AAB,1,1,2.268000553392135e-05,0.0,0.0001943322595761065,10.0,Low Risk
IND691305AAA,2,3,0.00041277610071736853,0.3333333333333333,0.0005553896617378328,10.0,Low Risk
IND732202AAA,1,1,2.6460006456241573e-06,0.0,0.000625605427519232,10.0,Low Risk
IND148028AAA,0,4,0.0,0.0,0.00012114567835132603,10.0,Low Risk
IND689645AAA,2,2,0.0008108101978376882,1.0,0.000366872388450885,10.0,Low Risk
IND683572AAA,0,2,0.0,0.0,0.00012114567835132603,10.0,Low Risk
IND829122AAA,2,2,0.0008017381956241196,0.0,0.00029899187325223037,10.0,Low Risk
IND302006AAA,1,1,0.0,0.0,0.00021805717045166148,10.0,Low Risk
IND679303AAA,2,2,0.0012001502928366714,0.0,0.0005407959596939321,10.0,Low Risk
IND305601AAC,1,1,0.0,1.0,0.00022348402429800868,10.0,Low Risk
IND825301AAA,2,2,0.0007998481951629596,0.0,0.000375328310845496,10.0,Low Risk
IND421302AAN,0,1,0.0,0.0,0.00012114567835132603,10.0,Low Risk
IND123001AAA,2,1,0.001598940390141455,0.3333333333333333,0.0005068297469243738,10.0,Low Risk
IND312605AAB,2,3,0.001997730487446239,0.3333333333333333,0.0011119558580284428,10.0,Low Risk
IND561207AAB,2,2,0.00040408209859603205,0.0,0.0010668082566629045,10.0,Low Risk
IND533401AAA,2,3,3.780000922320225e-07,1.0,0.0005954996666190364,10.0,Low Risk
IND144401AAB,2,2,0.0,0.0,0.0005851637055260542,10.0,Low Risk
IND518422AAB,2,2,0.0007998481951629596,0.0,0.0004286408997819051,10.0,Low Risk
IND786171AAA,1,1,0.0012224522982783607,1.0,0.00042761504234500777,10.0,Low Risk
IND630561AAA,1,2,1.4742003597048876e-05,0.0,0.0005466583447056205,10.0,Low Risk
IND700065AAB,0,2,0.0,0.0,0.00012114567835132603,10.0,Low Risk
IND141115AAA,2,1,0.00039954609748924777,0.3333333333333333,0.0003705526078277301,10.0,Low Risk
IND629179AAA,0,1,0.0,0.0,0.00012114567835132603,9.0,Low Risk
IND424304AAC,2,2,7.56000184464045e-07,1.0,0.00022071781026455168,9.0,Low Risk
IND416510AAA,3,3,0.0012009062930211354,0.0,0.0007558074295530284,9.0,Low Risk
IND410206AAA,4,1,0.0003984120972125517,1.0,0.0005929664628016105,9.0,Low Risk
IND208012AAA,1,1,0.0,0.0,0.0003344391087317963,9.0,Low Risk
IND144040AAA,2,1,0.0007979581947017995,0.6666666666666666,0.0007656912621854737,9.0,Low Risk
IND303503AAA,1,1,0.0,1.0,0.0003168219650875359,9.0,Low Risk
IND312403AAA,1,1,0.0007979581947017995,0.0,0.0005401191169632707,9.0,Low Risk
IND577598AAC,1,1,0.0,1.0,0.000214454915631953,9.0,Low Risk
IND458001AAB,1,1,0.00040105809785817586,1.0,0.0003838379567277732,9.0,Low Risk
IND742121AAB,3,3,0.0011982602923755112,0.3333333333333333,0.0009657939396257567,9.0,Low Risk
IND124141AAA,1,1,0.0011963702919143512,0.0,0.0005397085959358626,9.0,Low Risk
IND123401AAB,1,2,0.001597050389680295,0.0,0.0005521678733382458,9.0,Low Risk
IND480001AAA,2,2,0.0,0.6666666666666666,0.0005897243633649024,9.0,Low Risk
IND686028AAB,5,3,0.002422980591207264,0.0,0.0013897805320923049,9.0,Low Risk
IND571111AAB,1,1,0.0008108101978376882,0.0,0.0005671965369868519,9.0,Low Risk
IND573116AAA,2,3,0.002001510488368559,0.3333333333333333,0.00033189691660695915,9.0,Low Risk
IND577501AAA,2,1,0.00039916809739701573,0.6666666666666666,0.0003994912551538721,9.0,Low Risk
IND571313AAB,1,1,0.0004082400996105843,0.0,0.0006039522584332945,9.0,Low Risk
IND573134AAB,4,3,0.0027907746809490218,0.3333333333333333,0.0010361660360494534,9.0,Low Risk
IND332404AAA,2,1,0.0,0.6666666666666666,0.0005416293700145098,9.0,Low Risk
IND505327AAA,3,1,0.0007975801946095674,0.16666666666666666,0.0007506808718236597,9.0,Low Risk
IND501359AAG,0,1,0.0,0.0,0.00012114567835132603,9.0,Low Risk
IND571430AAA,2,1,0.0004101301000717444,0.3333333333333333,0.0011766983401642998,9.0,Low Risk
IND690548AAA,3,2,0.0004067280992416562,0.3333333333333333,0.0006010607431212009,9.0,Low Risk
IND400701AAA,1,3,0.0008024941958085837,0.3333333333333333,0.00023643053201212894,9.0,Low Risk
IND121102AAA,2,1,0.0,0.0,0.0004266121199597327,9.0,Low Risk
IND635601AAB,1,2,0.00040105809785817586,1.0,0.0002912122753716904,9.0,Low Risk
IND637408AAA,0,1,0.0,0.0,0.00012114567835132603,9.0,Low Risk
IND631102AAA,1,1,0.00039916809739701573,0.0,0.00032155506498578304,9.0,Low Risk
IND176310AAA,1,1,1.1340002766960673e-06,1.0,0.0008902735234618776,9.0,Low Risk
IND641654AAA,1,1,0.0,1.0,0.000322299994423955,9.0,Low Risk
IND741123AAB,3,2,0.0007998481951629596,0.6666666666666666,0.0005851452157847826,9.0,Low Risk
IND531163AAA,1,1,0.00039916809739701573,0.0,0.0003842693647084633,9.0,Low Risk
IND383001AAA,1,1,0.0008017381956241196,1.0,0.0004059648829600608,9.0,Low Risk
IND500050AAA,4,5,0.0011997722927444394,0.3333333333333333,0.0007556421833936899,9.0,Low Risk
IND523230AAA,3,3,0.0008017381956241196,1.0,0.0005750819680716892,9.0,Low Risk
IND250611AAA,1,1,0.0008017381956241196,0.0,0.0003896900327888175,9.0,Low Risk
IND251001AAA,2,2,0.00040105809785817586,0.0,0.0004243678631298836,9.0,Low Risk
IND248001AAA,4,2,0.0007990921949784955,0.0,0.0005789564064204584,9.0,Low Risk
IND342301AAA,5,2,0.0015944043890346708,0.5,0.00061455312996622,9.0,Low Risk
IND516269AAA,2,2,0.0027858606797500057,0.0,0.0008214950063905507,9.0,Low Risk
IND360490AAA,1,1,7.938001936872472e-06,0.0,0.00048498803779734533,9.0,Low Risk
IND518102AAA,2,2,0.0007979581947017995,0.0,0.00048529098946657826,9.0,Low Risk
IND506143AAA,2,2,0.003567186870393596,0.0,0.0007048205586084552,9.0,Low Risk
IND247776AAA,1,1,0.0007998481951629596,0.0,0.00045245255602800516,9.0,Low Risk
IND422103AAC,1,2,0.0008009821954396557,0.0,0.00022468206434714803,9.0,Low Risk
IND639001AAA,0,1,0.0,0.0,0.00012114567835132603,9.0,Low Risk
IND251309AAB,1,1,0.0007979581947017995,0.0,0.0005057996486317181,9.0,Low Risk
IND506167AAB,2,2,0.003565296869932436,0.0,0.0007205023357903899,9.0,Low Risk
IND395001AAA,2,2,0.0,0.0,0.0005728493720813919,9.0,Low Risk
IND322201AAA,1,2,2.721600664070562e-05,0.3333333333333333,0.000487769689849543,9.0,Low Risk
IND635802AAB,4,3,0.0015993183902336871,0.4,0.0005701982191248297,9.0,Low Risk
IND516390AAA,2,2,0.0027839706792888454,0.0,0.0008194098638640632,9.0,Low Risk
IND174101AAB,0,2,0.0,0.0,0.00012114567835132603,9.0,Low Risk
IND509103AAB,2,2,0.0,1.0,0.0005197991792749404,9.0,Low Risk
IND600008AAA,0,2,0.0,0.0,0.00012114567835132603,9.0,Low Risk
IND246725AAB,1,1,0.002001510488368559,0.0,0.0003333117008744139,9.0,Low Risk
IND605010AAB,2,3,0.007164613748165754,0.0,0.0005783209632911047,9.0,Low Risk
IND603001AAA,1,1,0.00040105809785817586,1.0,0.00021346477808347814,9.0,Low Risk
IND360575AAA,1,1,7.938001936872472e-06,0.0,0.00028731902081233955,9.0,Low Risk
IND614018AAA,1,1,7.56000184464045e-07,0.0,0.00031167483198985826,9.0,Low Risk
IND509124AAA,2,4,0.00040105809785817586,0.6666666666666666,0.0004411096997889256,9.0,Low Risk
IND722143AAB,1,1,0.0,1.0,0.0002925782375082499,9.0,Low Risk
IND802158AAB,2,1,0.0007979581947017995,0.6666666666666666,0.0004992488131517747,9.0,Low Risk
IND627117AAA,1,1,3.02400073785618e-06,0.0,0.0004812215266721918,9.0,Low Risk
IND627811AAA,1,1,2.2680005533921347e-06,1.0,0.00040353930370514785,9.0,Low Risk
IND203135AAA,1,2,5.2920012912483145e-06,0.3333333333333333,0.00031167483198985826,9.0,Low Risk
IND847223AAA,2,2,0.0011963702919143512,1.0,0.0010988495032019934,9.0,Low Risk
IND425412AAA,3,3,0.0008092981974687602,0.6666666666666666,0.0002878243816791481,8.0,Low Risk
IND210001AAA,1,1,0.0007998481951629596,0.0,0.00043900881952211966,8.0,Low Risk
IND000000ABG,0,1,0.0,0.0,0.00012114567835132603,8.0,Low Risk
IND632402AAA,1,1,0.00040105809785817586,0.0,0.0002357194862079431,8.0,Low Risk
IND845418AAB,4,3,3.780000922320225e-07,1.0,0.000688509433779393,8.0,Low Risk
IND363310AAB,2,1,0.0019943284866161507,0.6666666666666666,0.0005553034432514006,8.0,Low Risk
IND805110AAD,1,1,2.2680005533921347e-06,0.0,0.00038609768254056114,8.0,Low Risk
IND803101AAA,1,1,2.2680005533921347e-06,0.0,0.00031167483198985826,8.0,Low Risk
IND814133AAB,5,2,0.0007990921949784955,0.3333333333333333,0.0007298826440985023,8.0,Low Risk
IND741165AAB,2,2,0.0003999240975814798,0.0,0.0006271597770059684,8.0,Low Risk
IND741156AAA,2,3,0.0011963702919143512,0.0,0.0008273416974538707,8.0,Low Risk
IND508248AAB,3,2,0.0011982602923755112,0.3333333333333333,0.0009052424583206377,8.0,Low Risk
IND508277AAB,1,1,0.0,1.0,0.00020125720589915118,8.0,Low Risk
IND515671AAA,2,3,0.0027972006825169662,0.3333333333333333,0.0005998251896767409,8.0,Low Risk
IND721212AAA,0,1,0.0,0.0,0.00012114567835132603,8.0,Low Risk
IND761200AAA,2,2,0.0,1.0,0.0005477745781754115,8.0,Low Risk
IND532222AAA,2,3,0.0011982602923755112,0.6666666666666666,0.0008557526596054959,8.0,Low Risk
IND370001AAA,2,3,0.0008002261952551916,0.3333333333333333,0.0005157822207448841,8.0,Low Risk
IND365560AAB,2,1,0.00040257009822710396,0.0,0.0017612945337603073,8.0,Low Risk
IND342902A1B,2,1,0.0023791325805083497,0.3333333333333333,0.00039190255985814223,8.0,Low Risk
IND341505AAA,2,2,0.001598184389956991,0.0,0.0007919677272125242,8.0,Low Risk
IND362560AAA,1,1,1.7010004150441013e-05,0.0,0.0011775945619932442,8.0,Low Risk
IND362150AAA,1,1,1.7010004150441013e-05,0.0,0.0011213672217021803,8.0,Low Risk
IND721102AAA,1,2,0.002381400581061742,1.0,0.0002767981512725306,8.0,Low Risk
IND530043AAA,1,1,0.00040105809785817586,0.0,0.0003095394001617598,8.0,Low Risk
IND523316AAB,4,3,0.0012001502928366714,0.3333333333333333,0.0007670290932557997,8.0,Low Risk
IND508206AAA,3,3,0.00044301610809593033,0.6666666666666666,0.0005724379091847676,8.0,Low Risk
IND533308AAB,3,3,3.780000922320225e-07,1.0,0.0006807536880587504,8.0,Low Risk
IND342005AAD,3,4,0.0051865392655155804,0.2,0.0007615614393788456,8.0,Low Risk
IND341503AAB,2,2,0.001596294389495831,0.0,0.0007954642550478261,8.0,Low Risk
IND473001AAA,1,1,3.780000922320225e-07,1.0,0.00021370360204218903,8.0,Low Risk
IND500008AAC,3,4,0.0004014360979504079,0.0,0.0006206057737917347,8.0,Low Risk
IND494334AAB,1,2,7.56000184464045e-07,0.0,0.00022412632918316207,8.0,Low Risk
IND415409AAB,1,2,0.0016019643908793113,0.0,0.0003316905637742911,8.0,Low Risk
IND415605AAA,2,2,0.001598184389956991,0.0,0.0004643971487020097,8.0,Low Risk
IND713130AAA,3,3,1.51200036892809e-06,0.3333333333333333,0.0005396848891772091,8.0,Low Risk
IND303002AAA,1,1,0.0,1.0,0.00020320949616314704,8.0,Low Risk
IND321001AAA,2,2,0.00039954609748924777,0.5,0.0003490675828015096,8.0,Low Risk
IND828111AAA,2,2,0.00039954609748924777,0.0,0.000495092414095737,8.0,Low Risk
IND305404AAA,1,2,0.0008006041953474236,0.3333333333333333,0.00031167483198985826,8.0,Low Risk
IND785682AAA,2,2,0.005659039380805609,0.0,0.0010851410143758436,8.0,Low Risk
IND783301AAA,3,2,0.0035868428751896614,0.0,0.0007093717202015116,8.0,Low Risk
IND788713AAA,2,2,0.0007998481951629596,0.0,0.00043702907257021136,8.0,Low Risk
IND574104AAA,2,3,0.00039916809739701573,0.0,0.00035251653808504764,8.0,Low Risk
IND135001AAA,3,2,0.0008002261952551916,0.3333333333333333,0.0004296130671457829,8.0,Low Risk
IND577132AAD,2,2,0.0015940263889424387,1.0,0.0008239059777869873,8.0,Low Risk
IND581402AAA,1,1,0.0016008303906026153,0.0,0.00022982977335571684,8.0,Low Risk
IND577535AAC,1,1,0.002387448582537454,0.0,0.00032117407272528665,8.0,Low Risk
IND577522AAA,1,1,0.0023855585820762937,0.0,0.0003942167854407426,8.0,Low Risk
IND481661AAA,2,1,0.001195992291822119,0.6666666666666666,0.0006288275461096772,8.0,Low Risk
IND477001AAB,1,1,0.0,1.0,0.0004505310387187565,8.0,Low Risk
IND804420AAA,1,1,1.51200036892809e-06,0.0,0.00022412632918316207,8.0,Low Risk
IND577201AAA,2,2,0.0015993183902336871,0.3333333333333333,0.0006130578661517456,8.0,Low Risk
IND581314AAA,3,2,0.0018408604491699494,0.3333333333333333,0.0006952832354530343,8.0,Low Risk
IND506001AAC,0,2,0.0,1.0,0.00012114567835132603,8.0,Low Risk
IND785001AAA,5,3,0.007259869771408224,0.13333333333333333,0.0016042463475686817,8.0,Low Risk
IND787057AAA,2,2,1.1340002766960673e-06,0.0,0.00039922333479655445,8.0,Low Risk
IND176110AAB,1,1,0.0004003020976737118,0.0,0.00022412632918316207,8.0,Low Risk
IND680712AAA,1,1,0.0,1.0,0.0002131878707236327,8.0,Low Risk
IND680012AAA,2,2,0.0012020402932978315,0.0,0.0004932488410998829,8.0,Low Risk
IND422605AAA,1,2,3.780000922320225e-07,0.3333333333333333,0.00021147147454491082,8.0,Low Risk
IND243301AAB,1,2,0.0011982602923755112,0.3333333333333333,0.0001905254181667467,8.0,Low Risk
IND583119AAA,1,1,0.0011952362916376551,1.0,0.00047683190201803854,8.0,Low Risk
IND600016AAC,5,3,0.0011990162925599754,0.0,0.001302678107813662,8.0,Low Risk
IND243503AAB,3,1,0.00039916809739701573,0.6666666666666666,0.00163743693348221,8.0,Low Risk
IND244501AAA,1,1,0.0,1.0,0.0001708450258142111,8.0,Low Risk
IND244301AAA,1,1,0.0012020402932978315,1.0,0.00027067973952370493,8.0,Low Risk
IND600076AAB,5,4,0.0,1.0,0.000606276583855121,8.0,Low Risk
IND673121AAA,1,1,0.0,1.0,0.00023412029530008515,8.0,Low Risk
IND607001AAA,1,1,0.0027983346827936623,0.0,0.0003151259936754867,8.0,Low Risk
IND609602AAA,1,1,0.002792664681410182,0.0,0.0005058874658162478,8.0,Low Risk
IND224001AAA,0,3,0.0,0.0,0.00012114567835132603,8.0,Low Risk
IND221706AAA,1,1,0.001212246295788096,0.0,0.0005695403182178372,8.0,Low Risk
IND625106AAA,2,2,2.6460006456241573e-06,0.0,0.00022412632918316207,8.0,Low Risk
IND621306AAA,0,2,0.0,0.0,0.00012114567835132603,8.0,Low Risk
IND458990AAA,1,1,0.00039916809739701573,1.0,0.0004478014424963162,8.0,Low Risk
IND843126AAA,2,2,0.0,1.0,0.0007856140254062452,8.0,Low Risk
IND700028AAB,4,2,0.00039954609748924777,0.0,0.0009385972136716421,7.0,Low Risk
IND328001AAA,3,3,0.002639952644148445,0.5,0.00040975005714698236,7.0,Low Risk
IND786125AAA,2,1,0.0,1.0,0.0005047057514064164,7.0,Low Risk
IND786190AAA,3,2,8.694002121336517e-06,0.6666666666666666,0.0008489614555797396,7.0,Low Risk
IND792121AAB,2,2,0.0,0.0,0.0006145129056930199,7.0,Low Risk
IND787001AAA,2,2,1.51200036892809e-06,0.0,0.00032710698001499805,7.0,Low Risk
IND505184AAC,2,2,3.780000922320225e-07,1.0,0.0006896472131666342,7.0,Low Risk
IND421802AAA,1,1,0.00039916809739701573,0.0,0.0003327711022007763,7.0,Low Risk
IND742401AAA,2,4,0.0015944043890346708,0.0,0.0008921260378117938,7.0,Low Risk
IND396580AAB,1,1,0.0,0.0,0.0005285942570950513,7.0,Low Risk
IND505467AAA,1,1,0.0,1.0,0.0001677206518887292,7.0,Low Risk
IND788806AAA,2,1,0.0007979581947017995,0.0,0.0004929988901015395,7.0,Low Risk
IND792130AAB,0,1,0.0,0.0,0.00012114567835132603,7.0,Low Risk
IND400612AAA,2,1,0.0,0.0,0.0005125614733677923,7.0,Low Risk
IND400705AAA,1,2,0.0004014360979504079,0.0,0.00020693219571935728,7.0,Low Risk
IND794101AAA,1,2,0.003581172873806181,0.0,0.0007472251438189312,7.0,Low Risk
IND783348AAA,2,2,0.003584952874728501,0.0,0.0007239838405636596,7.0,Low Risk
IND781005AAA,1,2,0.0,0.0,0.00018617555192061073,7.0,Low Risk
IND781014AAA,0,2,0.0,0.0,0.00012114567835132603,7.0,Low Risk
IND383315AAC,1,2,0.0007998481951629596,0.6666666666666666,0.0004664544500068499,7.0,Low Risk
IND383255AAB,1,1,0.0,1.0,0.00030889084662759895,7.0,Low Risk
IND400037AAA,1,2,0.0,0.0,0.0020708183886106813,7.0,Low Risk
IND507159AAA,2,2,0.0,1.0,0.0003841969364921839,7.0,Low Risk
IND508207AAB,3,3,0.0014031363423652674,0.3333333333333333,0.0007243855017004922,7.0,Low Risk
IND396445AAA,1,1,6.426001567944382e-06,0.0,0.0003273122661605792,7.0,Low Risk
IND410401AAA,2,2,0.0,0.0,0.0002869424260197999,7.0,Low Risk
IND801103AAA,0,1,0.0,0.0,0.00012114567835132603,7.0,Low Risk
IND802212AAA,1,1,0.0007979581947017995,0.0,0.0004739630650643125,7.0,Low Risk
IND363330AAB,1,1,0.0,1.0,0.0002820900854077051,7.0,Low Risk
IND370201AAA,2,2,0.0019981084875384707,0.3333333333333333,0.00041773654787094884,7.0,Low Risk
IND125047AAB,3,2,1.0206002490264607e-05,0.3333333333333333,0.0005755271212599791,7.0,Low Risk
IND733140AAA,2,4,3.780000922320225e-07,0.6666666666666666,0.00029101243945270177,7.0,Low Risk
IND361315AAA,1,1,0.0,1.0,0.00022016349818519942,7.0,Low Risk
IND523226AAA,2,3,0.0,1.0,0.000514675703846807,7.0,Low Risk
IND535001AAA,2,1,0.0007979581947017995,0.0,0.0007746681899594912,7.0,Low Risk
IND173025AAA,2,2,0.0007983361947940315,1.0,0.00048645199911103663,7.0,Low Risk
IND335001AAA,1,1,0.0027824586789199175,0.0,0.0003733658511220083,7.0,Low Risk
IND335051AAA,2,2,0.0015944043890346708,0.0,0.0007963707843539744,7.0,Low Risk
IND743513AAA,1,2,0.00040105809785817586,1.0,0.0003057573477573214,7.0,Low Risk
IND788151AAA,2,2,0.0008017381956241196,0.0,0.0003714101284613318,7.0,Low Risk
IND415003AAA,1,2,0.0021372125214798553,0.3333333333333333,0.0003081988699121777,7.0,Low Risk
IND473443AAA,1,1,0.0,1.0,0.00018362477418689213,7.0,Low Risk
IND000000ADV,0,2,0.0,0.0,0.00012114567835132603,7.0,Low Risk
IND829121AAA,3,3,0.0007979581947017995,1.0,0.0006961672130784807,7.0,Low Risk
IND305624AAA,1,1,0.0004006800977659438,0.0,0.00022412632918316207,7.0,Low Risk
IND302004AAA,2,2,5.6700013834803375e-06,0.0,0.00031702305040954285,7.0,Low Risk
IND458664AAA,1,1,0.0007998481951629596,0.0,0.0004929374374855013,7.0,Low Risk
IND303106AAA,1,2,0.0004003020976737118,0.3333333333333333,0.00022412632918316207,7.0,Low Risk
IND321022AAA,1,1,0.0,1.0,0.00015854088675394803,7.0,Low Risk
IND303108AAB,0,1,0.0,0.0,0.00012114567835132603,7.0,Low Risk
IND562159AAA,0,2,0.0,0.0,0.00012114567835132603,7.0,Low Risk
IND571301AAA,1,1,0.001213380296064792,0.0,0.0005260688507886723,7.0,Low Risk
IND563130AAA,2,1,0.00039765609702808763,0.6666666666666666,0.0003596054014780445,7.0,Low Risk
IND176303AAA,2,1,1.1340002766960673e-06,0.6666666666666666,0.0009067780274995533,7.0,Low Risk
IND160102AAD,0,2,0.0,0.0,0.00012114567835132603,7.0,Low Risk
IND147101AAA,2,2,0.0,1.0,0.0004481740118909864,7.0,Low Risk
IND574239AAA,1,1,0.0007998481951629596,0.0,0.00036118059910825244,7.0,Low Risk
IND574227AAA,1,2,0.00040105809785817586,0.0,0.00027214848450695154,7.0,Low Risk
IND423105AAA,2,2,3.02400073785618e-06,0.3333333333333333,0.0006574920082262977,7.0,Low Risk
IND423106AAA,2,1,5.2920012912483145e-06,1.0,0.00043945468165269776,7.0,Low Risk
IND680587AAA,2,3,0.0011963702919143512,0.3333333333333333,0.0006157677841618465,7.0,Low Risk
IND680104AAA,2,2,0.0004018140980426399,0.0,0.0005007339141677204,7.0,Low Risk
IND271210AAA,3,2,3.780000922320225e-07,1.0,0.0009703787225310531,7.0,Low Risk
IND246424AAA,2,2,3.780000922320225e-07,1.0,0.0008338607433432907,7.0,Low Risk
IND600116AAB,7,5,0.0027987126828858946,0.1,0.0009424072477037931,7.0,Low Risk
IND210427AAA,1,1,0.0007979581947017995,0.0,0.0004944459466472966,7.0,Low Risk
IND611001AAA,1,1,0.0027907746809490218,0.0,0.0005506453771720181,7.0,Low Risk
IND602024AAA,2,3,0.00040105809785817586,1.0,0.00040661501939741524,7.0,Low Risk
IND624619AAA,2,1,7.56000184464045e-06,0.6666666666666666,0.0005686878286036098,7.0,Low Risk
IND624202AAA,1,1,2.2680005533921347e-06,0.0,0.0002878504652774875,7.0,Low Risk
IND205135AAA,3,3,0.00040105809785817586,0.0,0.0006079635197893346,7.0,Low Risk
IND181201AAB,2,2,0.0,0.0,0.0005735943443433682,7.0,Low Risk
IND425409AAA,2,3,0.00040559409896496015,0.6,0.00017444228103054806,7.0,Low Risk
IND416606AAA,2,2,0.0,0.0,0.0005113526046194203,7.0,Low Risk
IND843320AAA,3,2,0.0011982602923755112,0.6666666666666666,0.0011509923500141852,7.0,Low Risk
IND843329AAB,2,2,0.0,1.0,0.0003261672886175912,7.0,Low Risk
IND000000AAL,4,4,0.0,0.0,0.0008374222541560853,7.0,Low Risk
IND000000ABD,2,2,0.00039916809739701573,0.0,0.000537669680401999,6.0,Low Risk
IND828401AAB,1,1,0.0,0.0,0.00022539217949578655,6.0,Low Risk
IND815353AAA,2,4,0.0011982602923755112,0.6666666666666666,0.00045910140386946734,6.0,Low Risk
IND451666AAA,0,2,0.0,1.0,0.00012114567835132603,6.0,Low Risk
IND431203AAA,2,3,0.00040105809785817586,1.0,0.0003632333454771058,6.0,Low Risk
IND821307AAA,1,1,0.0,0.0,0.00026527653034641457,6.0,Low Risk
IND127021AAA,2,1,0.0012001502928366714,0.3333333333333333,0.0004364152381914077,6.0,Low Risk
IND110014AAA,2,2,0.0,0.0,0.001519690247263177,6.0,Low Risk
IND802301AAA,1,1,3.780000922320225e-07,0.0,0.00022412632918316207,6.0,Low Risk
IND000000AEM,0,5,0.0,0.0,0.00012114567835132603,6.0,Low Risk
IND431112AAB,3,2,0.0,1.0,0.0005606710103663461,6.0,Low Risk
IND781124AAA,1,1,0.0,0.0,0.00016732067472012237,6.0,Low Risk
IND202001AAB,7,7,0.0027956886821480383,0.26666666666666666,0.0011825294184415525,6.0,Low Risk
IND000000AFR,0,2,0.0,0.0,0.00012114567835132603,6.0,Low Risk
IND816109AAA,3,2,0.0011967482920065833,0.0,0.000936301400459834,6.0,Low Risk
IND122001AAD,2,2,0.0,1.0,0.000358589311793354,6.0,Low Risk
IND631501AAA,1,2,0.00040105809785817586,1.0,0.000214594740651577,6.0,Low Risk
IND600056AAA,2,1,0.0004018140980426399,0.0,0.0005349431736112781,6.0,Low Risk
IND411014AAA,7,6,0.0015996963903259192,0.0,0.0018877074742778362,6.0,Low Risk
IND606803AAA,2,2,0.00040105809785817586,0.0,0.00024793340431297415,6.0,Low Risk
IND609110AAA,1,1,0.0027945546818713423,0.0,0.0004519486532706967,6.0,Low Risk
IND415408AAC,2,2,0.00039916809739701573,1.0,0.0007505801963636188,6.0,Low Risk
IND603203AAA,2,4,0.00039954609748924777,0.3333333333333333,0.0003544591758638474,6.0,Low Risk
IND632301AAA,2,3,0.0008017381956241196,0.0,0.0003043479999950694,6.0,Low Risk
IND641011AAA,1,2,5.6700013834803375e-06,1.0,0.00021996623619447174,6.0,Low Risk
IND678683AAA,2,2,0.00040105809785817586,0.0,0.0004895013326859785,6.0,Low Risk
IND680307AAA,2,2,0.0004003020976737118,0.3333333333333333,0.00022412632918316207,6.0,Low Risk
IND626117AAA,2,2,1.1340002766960675e-05,0.0,0.0017552846903679572,6.0,Low Risk
IND174021AAA,0,2,0.0,0.0,0.00012114567835132603,6.0,Low Risk
IND177001AAA,0,1,0.0,0.0,0.00012114567835132603,6.0,Low Risk
IND175015AAA,2,2,0.0007998481951629596,0.0,0.00031167483198985826,6.0,Low Risk
IND713303AAA,1,1,0.00040105809785817586,0.0,0.00024150431268005765,6.0,Low Risk
IND743235AAA,1,1,0.00040105809785817586,1.0,0.00030295624825366074,6.0,Low Risk
IND176201AAA,1,1,0.0,1.0,0.0005376582894619619,6.0,Low Risk
IND721253AAC,3,3,0.00040105809785817586,1.0,0.0005078163736275191,6.0,Low Risk
IND731237AAB,4,2,0.0016019643908793113,0.0,0.000970917730584209,6.0,Low Risk
IND722151AAA,1,1,0.0007979581947017995,1.0,0.0001379408193608882,6.0,Low Risk
IND487551AAA,2,1,0.006702319635365991,0.0,0.0006190949183269388,6.0,Low Risk
IND480661AAA,3,2,0.0011997722927444394,0.6666666666666666,0.0006785966180445755,6.0,Low Risk
IND533201AAA,4,3,0.00039954609748924777,0.6666666666666666,0.0012497325999903614,6.0,Low Risk
IND335703AAA,2,2,0.001598184389956991,0.0,0.0007931169473332737,6.0,Low Risk
IND504293AAA,2,2,0.0,0.8333333333333334,0.0003762179598294444,6.0,Low Risk
IND361305AAC,1,2,1.1340002766960673e-06,0.3333333333333333,0.00022412632918316207,6.0,Low Risk
IND518124AAA,2,2,0.0012001502928366714,0.6666666666666666,0.00041403112364796495,6.0,Low Risk
IND518401AAA,2,2,0.0008017381956241196,0.0,0.0003619969685413667,6.0,Low Risk
IND303702AAB,1,2,0.005977315458464971,0.6666666666666666,0.0003672314749948965,6.0,Low Risk
IND364004AAB,1,1,0.0012054422941279196,0.0,0.00023412157796235528,6.0,Low Risk
IND124103AAA,1,1,0.0,1.0,0.00023685315033657465,6.0,Low Risk
IND441614AAA,0,1,0.0,0.0,0.00012114567835132603,6.0,Low Risk
IND140406AAA,1,1,0.0,1.0,0.00034528968106579966,6.0,Low Risk
IND110052AAA,1,2,0.0,0.0,0.00020856910162906945,6.0,Low Risk
IND515591AAA,3,2,0.002787750680211166,0.3333333333333333,0.0008241623425500012,6.0,Low Risk
IND505001AAA,0,2,0.0,0.0,0.00012114567835132603,6.0,Low Risk
IND389151AAA,2,2,0.0004021920981348719,0.0,0.0004266113560565365,6.0,Low Risk
IND683565AAA,2,2,0.00039916809739701573,1.0,0.00046546305194531074,6.0,Low Risk
IND403702AAA,1,2,0.0015736143839619097,0.6666666666666666,0.0002609999859173108,6.0,Low Risk
IND321001AAB,1,2,0.0008006041953474236,0.6666666666666666,0.0003789879414847485,6.0,Low Risk
IND574221AAA,1,1,0.0007979581947017995,0.0,0.0004282266248920923,6.0,Low Risk
IND571114AAA,1,1,6.04800147571236e-06,1.0,0.00015122546027734752,6.0,Low Risk
IND263645AAA,2,2,0.0012001502928366714,0.0,0.00045643655388345647,6.0,Low Risk
IND571213AAA,1,2,3.4020008300882024e-06,0.3333333333333333,0.00022412632918316207,6.0,Low Risk
IND246174AAA,3,2,0.0008040061961775119,0.3333333333333333,0.0008457591743511202,6.0,Low Risk
IND606801AAB,2,2,0.00039916809739701573,0.0,0.000331944519531981,6.0,Low Risk
IND685514AAA,3,2,5.6700013834803375e-06,0.3333333333333333,0.0009835725700438511,6.0,Low Risk
IND414502AAA,2,1,0.0011982602923755112,0.0,0.0004991394944215728,6.0,Low Risk
IND621802AAA,1,3,4.914001199016292e-06,0.3333333333333333,0.0007101421197548373,6.0,Low Risk
IND625516AAA,3,2,1.0206002490264607e-05,0.3333333333333333,0.0009662192288071206,6.0,Low Risk
IND631003AAA,1,1,0.00039916809739701573,1.0,0.00013119522332069274,6.0,Low Risk
IND263002AAA,2,2,0.0012020402932978315,0.0,0.000394568096471082,6.0,Low Risk
IND591201AAA,2,2,0.001999998487999631,0.0,0.0006084829237416058,6.0,Low Risk
IND824101AAA,1,2,0.0003999240975814798,0.0,0.000346683384914485,5.0,Low Risk
IND480886AAA,1,2,0.0,0.6666666666666666,0.0003299654161899198,5.0,Low Risk
IND733128AAA,1,2,6.804001660176405e-06,0.3333333333333333,0.0004012364321490177,5.0,Low Risk
IND126116AAA,1,1,0.0,1.0,0.0002564588783648806,5.0,Low Risk
IND756032AAA,0,1,0.0,0.0,0.00012114567835132603,5.0,Low Risk
IND743270AAA,1,1,0.00039916809739701573,1.0,0.00037871628983536217,5.0,Low Risk
IND757037AAA,3,3,1.51200036892809e-06,1.0,0.0010141592165128753,5.0,Low Risk
IND784168AAB,2,3,0.0011993942926522073,0.16666666666666666,0.000460024231069789,5.0,Low Risk
IND126102AAA,2,3,0.0012001502928366714,0.3333333333333333,0.000462884740834204,5.0,Low Risk
IND431122AAA,2,2,0.0012020402932978315,0.0,0.00038013112771352316,5.0,Low Risk
IND124507AAA,3,3,0.0008002261952551916,0.0,0.0010492108784008237,5.0,Low Risk
IND798601AAA,1,1,0.0,0.0,0.0007771001896771602,5.0,Low Risk
IND121004AAA,2,2,0.0,0.0,0.00042458790908916357,5.0,Low Risk
IND786184AAA,1,2,0.0,1.0,0.00032428821913273544,5.0,Low Risk
IND462011AAA,2,2,0.0,0.0,0.0005582768013207379,5.0,Low Risk
IND802213AAB,1,1,0.0007998481951629596,0.0,0.00041490082234528144,5.0,Low Risk
IND814101AAB,2,2,0.0007998481951629596,0.0,0.0005490305588865915,5.0,Low Risk
IND431127AAA,2,2,0.0012001502928366714,0.0,0.00044435486586265886,5.0,Low Risk
IND470117AAA,2,1,1.1340002766960673e-06,0.6666666666666666,0.00036543245957695197,5.0,Low Risk
IND783370AAC,2,2,0.0031888087780693416,0.0,0.0005704732872237958,5.0,Low Risk
IND142401AAA,2,1,0.0,1.0,0.0005121085044941745,5.0,Low Risk
IND000000AAS,2,2,0.003190698778530502,0.0,0.0005284598831361455,5.0,Low Risk
IND854334AAA,3,6,0.001999620487907399,0.5,0.00033529323148147414,5.0,Low Risk
IND670645AAB,2,1,0.0004003020976737118,1.0,0.0005150536533768252,5.0,Low Risk
IND201301AAL,3,4,0.00040597209905719213,0.0,0.0011761182372587522,5.0,Low Risk
IND636352AAA,0,1,0.0,0.0,0.00012114567835132603,5.0,Low Risk
IND625531AAA,2,2,3.780000922320225e-07,0.0,0.0001879001545352383,5.0,Low Risk
IND207001AAA,1,1,0.0008006041953474236,0.0,0.00031167483198985826,5.0,Low Risk
IND201007AAB,1,5,0.001988280485140438,0.6666666666666666,0.0008144162558277755,5.0,Low Risk
IND176048AAA,2,2,0.0004003020976737118,0.0,0.00022412632918316207,5.0,Low Risk
IND147001AAB,4,4,0.00039803409712031967,0.0,0.0006302864961865657,5.0,Low Risk
IND722101AAA,1,1,0.0,1.0,0.0002710866921912011,5.0,Low Risk
IND486661AAA,1,1,0.0011963702919143512,0.0,0.0007038384349575143,5.0,Low Risk
IND231225AAB,2,2,3.02400073785618e-06,0.0,0.00031167483198985826,5.0,Low Risk
IND231217AAA,2,2,1.8900004611601125e-06,0.0,0.00022412632918316207,5.0,Low Risk
IND486886AAA,2,2,3.4020008300882024e-06,0.0,0.00038609768254056114,5.0,Low Risk
IND500010AAA,6,5,0.001997730487446239,0.3333333333333333,0.0012345560943501925,5.0,Low Risk
IND431107AAB,1,1,0.0011963702919143512,0.0,0.0005454308701081148,5.0,Low Risk
IND232101AAB,2,2,0.0036216188836750074,0.3333333333333333,0.0009933998982663262,5.0,Low Risk
IND500008AAD,0,2,0.0,0.0,0.00012114567835132603,5.0,Low Risk
IND636705AAB,2,2,0.00039954609748924777,0.3333333333333333,0.0003509487814557437,5.0,Low Risk
IND207302AAA,1,1,0.0011997722927444394,0.0,0.00038609768254056114,5.0,Low Risk
IND623704AAA,1,1,2.1168005164993258e-05,0.0,0.0005129727167335645,5.0,Low Risk
IND486771AAA,3,1,0.0011982602923755112,0.5,0.0006849934483892486,5.0,Low Risk
IND203001AAA,0,1,0.0,0.0,0.00012114567835132603,5.0,Low Risk
IND204215AAA,1,1,0.0004006800977659438,0.0,0.00022412632918316207,5.0,Low Risk
IND209801AAA,1,1,0.0,0.0,0.0003588333720304425,5.0,Low Risk
IND608001AAA,1,1,0.0027964446823325025,0.0,0.000388646479132197,5.0,Low Risk
IND208017AAA,0,1,0.0,0.0,0.00012114567835132603,5.0,Low Risk
IND626607AAB,1,1,2.1168005164993258e-05,0.0,0.0005572368705914964,5.0,Low Risk
IND712410AAC,1,1,0.0012016622932055994,0.0,0.0004824179204647697,5.0,Low Risk
IND174103AAA,3,1,0.00039916809739701573,0.0,0.000662364997022658,5.0,Low Risk
IND151505AAA,1,1,0.0007998481951629596,0.0,0.0004872210056113425,5.0,Low Risk
IND700088AAA,4,3,0.0,0.0,0.0013279384970390608,5.0,Low Risk
IND476111AAA,2,2,0.0012005282929289033,0.5,0.0007171487331793144,5.0,Low Risk
IND181152AAA,3,1,0.0,1.0,0.0005773144729403584,5.0,Low Risk
IND686513AAA,2,2,0.0,1.0,0.0002776936259260105,5.0,Low Risk
IND688524AAA,0,2,0.0,0.0,0.00012114567835132603,5.0,Low Risk
IND581343AAC,1,1,0.0,1.0,0.0003420186246090274,5.0,Low Risk
IND591302AAB,3,4,0.00039916809739701573,1.0,0.0010569133667327232,5.0,Low Risk
IND600119AAA,3,2,0.00039954609748924777,0.0,0.001029738851756481,5.0,Low Risk
IND263139AAA,1,1,0.0,0.0,0.0003344330886399914,5.0,Low Risk
IND246444AAB,2,2,0.0004021920981348719,1.0,0.000838451726094373,5.0,Low Risk
IND501401AAC,4,2,0.00039954609748924777,0.3333333333333333,0.0004925105762275906,5.0,Low Risk
IND413304AAA,2,2,0.0015993183902336871,0.3333333333333333,0.000653340556576829,5.0,Low Risk
IND502313AAA,1,1,0.0015944043890346708,0.0,0.0006337025889011929,5.0,Low Risk
IND333031AAA,2,1,0.0012001502928366714,0.3333333333333333,0.000640664766816323,5.0,Low Risk
IND311301AAA,0,1,0.0,0.0,0.00012114567835132603,5.0,Low Risk
IND577101AAA,4,4,0.001597050389680295,0.3333333333333333,0.0014490224170578038,5.0,Low Risk
IND281401AAA,0,2,0.0,1.0,0.00012114567835132603,5.0,Low Risk
IND277201AAA,1,1,0.0008130781983910803,0.0,0.0005271039535455403,5.0,Low Risk
IND321606AAA,2,2,0.00039954609748924777,0.3333333333333333,0.000547914658044142,5.0,Low Risk
IND305802AAA,2,2,0.0016019643908793113,0.0,0.0007825956799975531,5.0,Low Risk
IND504208AAB,3,2,0.0012020402932978315,0.8333333333333334,0.0005774947850148048,5.0,Low Risk
IND581400AAB,3,2,0.0004006800977659438,0.6666666666666666,0.00047192384255486075,5.0,Low Risk
IND301019AAA,0,2,0.0,1.0,0.00012114567835132603,5.0,Low Risk
IND575004AAB,8,9,0.012373833019215255,0.07692307692307693,0.0015923505739012086,5.0,Low Risk
IND277303AAC,1,1,1.4742003597048876e-05,0.0,0.0004187139355923692,5.0,Low Risk
IND274304AAA,2,1,0.0,0.0,0.00047808086178269466,5.0,Low Risk
IND574202AAA,1,1,0.0008017381956241196,0.0,0.000282338114791626,5.0,Low Risk
IND505209AAA,2,2,0.00040105809785817586,1.0,0.0008550434721365354,5.0,Low Risk
IND508377AAB,2,2,0.0011963702919143512,0.0,0.0008909217137786369,5.0,Low Risk
IND342601AAA,1,2,0.0,0.6666666666666666,0.0003029907028643999,5.0,Low Risk
IND362225AAA,1,1,0.0,1.0,0.0005172172949891049,5.0,Low Risk
IND362220AAA,2,2,4.158001014552247e-06,0.6666666666666666,0.0008421457179548971,5.0,Low Risk
IND764001AAC,2,2,0.0016004523905103832,0.3333333333333333,0.0006460898057706726,5.0,Low Risk
IND341001AAC,2,2,0.005154031257583626,0.3333333333333333,0.0006857216950956263,5.0,Low Risk
IND345021AAA,2,2,0.0,1.0,0.0002648002465274646,5.0,Low Risk
IND342902AAA,2,1,0.0003987900973047837,0.3333333333333333,0.00042533865741857155,5.0,Low Risk
IND505325AAA,1,1,0.0003999240975814798,0.0,0.0002991103893811013,5.0,Low Risk
IND509103AAC,2,1,0.0003984120972125517,1.0,0.0003932516697319366,5.0,Low Risk
IND390020AAA,4,3,0.0015996963903259192,0.0,0.0014365496808293775,5.0,Low Risk
IND365560AAA,1,1,0.0008043841962697438,0.0,0.0003202101903973846,5.0,Low Risk
IND380005AAA,2,3,0.0008017381956241196,1.0,0.0004222379428858844,5.0,Low Risk
IND442001AAA,0,1,0.0,0.0,0.00012114567835132603,5.0,Low Risk
IND444203AAA,2,1,0.0015944043890346708,0.6666666666666666,0.0010781518335296846,5.0,Low Risk
IND302022AAD,2,1,0.0,0.0,0.00032669078448263047,5.0,Low Risk
IND000000AFF,1,1,3.780000922320225e-07,0.0,0.00022412632918316207,0.0,Low Risk
IND811213AAA,2,2,7.56000184464045e-07,0.6666666666666666,0.0002587202052328189,0.0,Low Risk
IND811201AAB,2,2,0.0,0.6666666666666666,0.000306917559648391,0.0,Low Risk
IND804452AAA,0,1,0.0,0.0,0.00012114567835132603,0.0,Low Risk
IND811105AAA,2,2,0.0,1.0,0.0001626458647668555,0.0,Low Risk
IND828205AAA,1,0,0.0,0.0,0.00045295131817823397,0.0,Low Risk
IND826001AAC,0,1,0.0,0.0,0.00012114567835132603,0.0,Low Risk
IND827013AAA,3,3,0.0007998481951629596,0.6666666666666666,0.0006763715566753843,0.0,Low Risk
IND825102AAA,1,1,0.0,1.0,0.00026107178568422193,0.0,Low Risk
IND201001AAC,5,3,0.00040294809831933594,1.0,0.0006821192247313477,0.0,Low Risk
IND125033AAA,3,3,0.0,0.8333333333333334,0.0003982165091079419,0.0,Low Risk
IND125005AAA,4,6,0.004702321147366359,0.14285714285714285,0.0008240073751642137,0.0,Low Risk
IND799008AAA,1,0,0.0,0.0,0.0003930901260208841,0.0,Low Risk
IND796321AAB,2,1,0.0,0.0,0.000802792977903005,0.0,Low Risk
IND431001AAA,2,0,0.0,0.0,0.0004577037262171949,0.0,Low Risk
IND461001AAA,2,1,0.0016072563921705595,0.0,0.0005935670763160488,0.0,Low Risk
IND389230AAB,1,0,0.0,0.0,0.0003445439453102611,0.0,Low Risk
IND385340AAB,2,1,0.0011963702919143512,0.3333333333333333,0.0005637737003243915,0.0,Low Risk
IND385320AAA,1,1,0.0011982602923755112,1.0,0.00022743998299020759,0.0,Low Risk
IND364710AAA,1,0,0.0,0.0,0.00038609768254056114,0.0,Low Risk
IND363001AAA,1,1,7.56000184464045e-07,0.0,0.00022412632918316207,0.0,Low Risk
IND387620AAB,1,1,0.0004018140980426399,0.0,0.0002627333325011039,0.0,Low Risk
IND382345AAA,2,0,0.0,0.0,0.00044885075768757055,0.0,Low Risk
IND505302AAB,2,2,0.001998864487722935,0.0,0.0004337768460202294,0.0,Low Risk
IND854105AAB,2,3,0.0008036281960852798,0.3333333333333333,0.00031112291824331173,0.0,Low Risk
IND854105AAA,1,1,0.0,0.0,0.00043421678528942986,0.0,Low Risk
IND851204AAA,4,0,0.0,1.0,0.0007739519982116796,0.0,Low Risk
IND853204AAA,3,3,3.780000922320225e-07,0.3333333333333333,0.0006809562664942111,0.0,Low Risk
IND852131AAA,3,3,0.0004006800977659438,0.6666666666666666,0.00043001174673289687,0.0,Low Risk
IND852118A1B,4,1,0.0,1.0,0.0003254552943164389,0.0,Low Risk
IND424101AAA,1,1,2.6460006456241573e-06,0.0,0.00019665198929273042,0.0,Low Risk
IND423301AAB,1,0,0.0,0.0,0.00041235834801187744,0.0,Low Risk
IND364290AAA,1,1,0.0,0.0,0.0016201790001049159,0.0,Low Risk
IND364001AAA,1,0,0.0,0.0,0.000224126329183162,0.0,Low Risk
IND364270AAA,0,1,0.0,0.0,0.00012114567835132603,0.0,Low Risk
IND363621AAB,1,0,0.0,0.0,0.0001675179047908939,0.0,Low Risk
IND363641AAA,0,2,0.0,0.0,0.00012114567835132603,0.0,Low Risk
IND363520AAC,0,1,0.0,0.0,0.00012114567835132603,0.0,Low Risk
IND516360AAB,1,1,0.0012001502928366714,0.0,0.00045580629804512266,0.0,Low Risk
IND521201AAA,2,2,0.0012020402932978315,0.0,0.0004101935410958403,0.0,Low Risk
IND521105AAA,2,4,0.0012001502928366714,0.3333333333333333,0.0004699029134986952,0.0,Low Risk
IND395006AAA,2,2,0.0,0.0,0.0005473642617641651,0.0,Low Risk
IND395004AAB,2,2,0.0,0.0,0.0008499936535398478,0.0,Low Risk
IND506169AAB,1,1,0.0008043841962697438,0.0,0.0004145939807606098,0.0,Low Risk
IND506343AAA,1,1,0.0012054422941279196,0.0,0.00034511134600554637,0.0,Low Risk
IND515411AAA,1,1,0.0012020402932978315,0.0,0.0003936798174976448,0.0,Low Risk
IND509324AAA,2,2,0.0,1.0,0.0005513167088103855,0.0,Low Risk
IND370615AAB,2,1,0.0,1.0,0.0003056176783125473,0.0,Low Risk
IND380015AAB,2,0,0.0,0.0,0.0004464516564673349,0.0,Low Risk
IND504296AAA,1,3,0.0007998481951629596,0.8333333333333334,0.00022494566541757097,0.0,Low Risk
IND507167AAA,1,0,0.0,0.0,0.0003252070768359336,0.0,Low Risk
IND391110AAD,1,1,0.0,0.0,0.0003095467795057284,0.0,Low Risk
IND390018AAB,1,1,0.0,0.0,0.00044790383816599276,0.0,Low Risk
IND457661AAA,2,0,0.0,0.0,0.00048390717775250103,0.0,Low Risk
IND400072AAA,4,1,0.0,0.0,0.00047172086645151564,0.0,Low Risk
IND400072AAJ,6,1,0.0004018140980426399,0.0,0.0022976030386817935,0.0,Low Risk
IND396105AAA,1,1,0.0,0.0,0.0001445490846191203,0.0,Low Risk
IND396001AAA,1,1,6.426001567944382e-06,0.0,0.00043095680965415863,0.0,Low Risk
IND394221AAA,2,0,0.0,0.0,0.00040329751181768133,0.0,Low Risk
IND395010AAB,0,1,0.0,0.0,0.00012114567835132603,0.0,Low Risk
IND403601AAA,2,2,0.0,0.0,0.0005898916040745531,0.0,Low Risk
IND403507AAB,1,1,0.0,0.0,0.00026587108611419264,0.0,Low Risk
IND516227AAA,1,1,0.0011963702919143512,0.0,0.0005530848736824397,0.0,Low Risk
IND516001AAA,1,1,0.0011982602923755112,0.0,0.0005083892967949708,0.0,Low Risk
IND360410AAA,1,1,7.938001936872472e-06,0.0,0.00042847920592969214,0.0,Low Risk
IND360370AAA,1,1,7.938001936872472e-06,0.0,0.0003618969959233011,0.0,Low Risk
IND360050AAA,1,0,0.0,0.0,0.00031167483198985826,0.0,Low Risk
IND360311AAA,1,1,3.780000922320225e-07,0.0,0.00022412632918316207,0.0,Low Risk
IND360003AAA,0,1,0.0,0.0,0.00012114567835132603,0.0,Low Risk
IND345001AAA,1,2,0.0,1.0,0.00015848785694714602,0.0,Low Risk
IND344001AAA,2,3,0.0008017381956241196,0.6666666666666666,0.00023874294188380057,0.0,Low Risk
IND521165AAA,3,2,0.0,1.0,0.0011012104894946699,0.0,Low Risk
IND521001AAA,3,4,0.0007998481951629596,0.6666666666666666,0.0007582247579018143,0.0,Low Risk
IND521185AAA,3,3,0.0008002261952551916,0.0,0.0005165163324288196,0.0,Low Risk
IND520011AAA,1,2,0.0,0.0,0.00024343624593258179,0.0,Low Risk
IND518222AAA,2,2,0.00039916809739701573,1.0,0.0008507583863317293,0.0,Low Risk
IND360002AAB,2,0,0.0,0.0,0.0005176398752459013,0.0,Low Risk
IND361335AAA,2,1,1.1340002766960673e-06,0.3333333333333333,0.000399814021191871,0.0,Low Risk
IND518206AAA,2,3,0.00040105809785817586,0.6666666666666666,0.001828123257251216,0.0,Low Risk
IND531162AAA,3,0,0.0,0.0,0.00047879676866077297,0.0,Low Risk
IND321408AAB,0,1,0.0,0.0,0.00012114567835132603,0.0,Low Risk
IND321401AAB,2,0,0.0,1.0,0.00036167464181986855,0.0,Low Risk
IND341306AAA,1,1,0.005148361256200146,0.0,0.0007717518978073376,0.0,Low Risk
IND341030AAA,1,1,0.0,1.0,0.0004058056976298101,0.0,Low Risk
IND335701AAA,2,2,0.001596294389495831,0.0,0.0007948074627751889,0.0,Low Risk
IND335804AAD,3,2,0.001600074390418151,0.3333333333333333,0.000790303310968997,0.0,Low Risk
IND335803AAA,2,2,0.0,1.0,0.0005380143938598165,0.0,Low Risk
IND530026AAA,0,1,0.0,0.0,0.00012114567835132603,0.0,Low Risk
IND531036AAA,2,1,0.00039954609748924777,0.0,0.0004198363120347777,0.0,Low Risk
IND531001AAA,2,2,0.00040105809785817586,1.0,0.00030191347805935714,0.0,Low Risk
IND524201AAA,3,3,0.0007979581947017995,1.0,0.00101982432073216,0.0,Low Risk
IND334803AAA,2,1,0.00039916809739701573,0.3333333333333333,0.0005116567172116478,0.0,Low Risk
IND333504AAA,1,0,0.0,0.0,0.0005623720118888271,0.0,Low Risk
IND332709AAA,1,0,0.0,0.0,0.00022412632918316207,0.0,Low Risk
IND332713AAA,0,1,0.0,0.0,0.00012114567835132603,0.0,Low Risk
IND334001AAC,1,2,0.004357585063250755,0.3333333333333333,0.0003038907571749824,0.0,Low Risk
IND560099AAA,2,0,0.0,0.0,0.00022412632918316207,0.0,Low Risk
IND560027AAA,0,2,0.0,0.0,0.00012114567835132603,0.0,Low Risk
IND534260AAC,2,2,0.0,0.0,0.00042239156382766597,0.0,Low Risk
IND533262AAA,4,4,0.0007975801946095674,1.0,0.0010784827537460503,0.0,Low Risk
IND533242AAA,2,1,0.0,1.0,0.0006324774452182368,0.0,Low Risk
IND562125AAA,1,0,0.0,0.0,0.000224126329183162,0.0,Low Risk
IND560099AAH,0,1,0.0,0.0,0.00012114567835132603,0.0,Low Risk
IND560099AAG,0,2,0.0,0.0,0.00012114567835132603,0.0,Low Risk
IND683511AAB,1,0,0.0,0.0,0.0001897621011977879,0.0,Low Risk
IND635001AAA,2,2,0.0004006800977659438,0.6666666666666666,0.0003441834247964875,0.0,Low Risk
IND311302AAA,1,0,0.0,0.0,0.0007614293213072882,0.0,Low Risk
IND344022AAB,1,3,0.0016019643908793113,0.6666666666666666,0.0002695130053937927,0.0,Low Risk
IND523201AAA,3,2,0.0011963702919143512,0.0,0.0007766980621621008,0.0,Low Risk
IND535591AAA,2,1,0.001600074390418151,0.0,0.0005007014259984898,0.0,Low Risk
IND531116AAA,1,2,0.00039916809739701573,1.0,0.00016836798031105357,0.0,Low Risk
IND322001AAC,0,1,0.0,0.0,0.00012114567835132603,0.0,Low Risk
IND530012AAC,0,2,0.0,1.0,0.00012114567835132603,0.0,Low Risk
IND403507AAA,2,2,0.0,0.0,0.0004895300639730135,0.0,Low Risk
IND506164AAA,1,0,0.0,0.0,0.0005238094972405017,0.0,Low Risk
IND505503AAA,1,1,0.00040257009822710396,0.0,0.0004736142708984768,0.0,Low Risk
IND505425AAA,3,2,0.002791152681041254,0.3,0.0011183998688231972,0.0,Low Risk
IND505326AAA,0,1,0.0,0.0,0.00012114567835132603,0.0,Low Risk
IND505172AAA,1,0,0.0,0.0,0.00041927493843297724,0.0,Low Risk
IND396210AAA,1,0,0.0,0.0,0.0002714441770451478,0.0,Low Risk
IND396191AAB,0,2,0.0,0.0,0.00012114567835132603,0.0,Low Risk
IND401208AAA,2,0,0.0,0.0,0.00022822528568534363,0.0,Low Risk
IND421302AAH,5,0,0.0,0.0,0.0003396065073934973,0.0,Low Risk
IND400052AAA,1,0,0.0,0.0,0.0002203609112193843,0.0,Low Risk
IND500039AAD,1,3,0.0,0.0,0.00033657473532548596,0.0,Low Risk
IND505326AAB,2,2,0.0011967482920065833,0.3333333333333333,0.0006774516310056934,0.0,Low Risk
IND764020AAC,1,1,0.0,1.0,0.00040185906251035775,0.0,Low Risk
IND560064AAA,2,0,0.0,0.0,0.0002364238457264764,0.0,Low Risk
IND560085AAA,3,1,0.0,1.0,0.00034390520024322004,0.0,Low Risk
IND343001AAA,1,0,0.0,0.0,0.0002504167191737067,0.0,Low Risk
IND306001AAA,1,0,0.0,0.0,0.000224126329183162,0.0,Low Risk
IND306116AAA,0,1,0.0,0.0,0.00012114567835132603,0.0,Low Risk
IND341512AAA,2,2,0.001600074390418151,0.0,0.000788055675736611,0.0,Low Risk
IND334001AAB,1,1,0.0004006800977659438,0.0,0.0003071870248305317,0.0,Low Risk
IND333028AAA,2,1,0.0004021920981348719,0.3333333333333333,0.0005186543376022282,0.0,Low Risk
IND333001AAA,1,1,0.0,1.0,0.0002707259095366151,0.0,Low Risk
IND331701AAA,1,1,0.00039916809739701573,1.0,0.0007558092433489774,0.0,Low Risk
IND331507AAA,0,1,0.0,0.0,0.00012114567835132603,0.0,Low Risk
IND331304AAA,1,1,0.0011963702919143512,0.0,0.0006878288890436866,0.0,Low Risk
IND331023AAA,1,1,0.0011982602923755112,0.0,0.000666229414400535,0.0,Low Risk
IND331001A1C,1,0,0.0,0.0,0.00022412632918316207,0.0,Low Risk
IND331022A1B,0,1,0.0,0.0,0.00012114567835132603,0.0,Low Risk
IND560077AAA,1,1,0.0,0.0,0.0003155556504443762,0.0,Low Risk
IND530018AAA,0,1,0.0,0.0,0.00012114567835132603,0.0,Low Risk
IND573103AAA,4,2,0.0,0.6666666666666666,0.0005964266291468573,0.0,Low Risk
IND560066AAB,2,0,0.0,0.0,0.00038820225451462317,0.0,Low Risk
IND000000ACS,3,0,0.0,0.0,0.00047097219721896485,0.0,Low Risk
IND562117AAA,2,2,0.0003999240975814798,0.0,0.00022412632918316207,0.0,Low Risk
IND562108AAA,2,2,2.2680005533921347e-06,0.0,0.0010228526331184347,0.0,Low Risk
IND562101AAA,2,2,0.0008058961966386719,0.3333333333333333,0.0011155280108814474,0.0,Low Risk
IND303338AAB,2,1,6.426001567944382e-06,0.0,0.0004370125630955776,0.0,Low Risk
IND304001AAA,2,0,0.0,1.0,0.0005193072605981335,0.0,Low Risk
IND303901AAA,1,1,0.0,1.0,0.0003214363832303831,0.0,Low Risk
IND327001AAB,2,1,0.0012009062930211354,1.0,0.0007162523323052737,0.0,Low Risk
IND312601AAA,1,1,0.0008017381956241196,0.0,0.00043763466431980116,0.0,Low Risk
IND311001AAA,2,1,0.0019916824859705262,0.6666666666666666,0.000766150291272815,0.0,Low Risk
IND302006AAC,2,1,0.0,0.0,0.00043688172007039515,0.0,Low Risk
IND302033AAB,1,0,0.0,0.0,0.0002567552905335981,0.0,Low Risk
IND342602AAC,2,1,0.0004021920981348719,0.3333333333333333,0.0007519237912672078,0.0,Low Risk
IND305901AAA,1,1,0.0,1.0,0.00042571099493677266,0.0,Low Risk
IND284403AAA,2,2,0.0003999240975814798,0.3333333333333333,0.00022412632918316207,0.0,Low Risk
IND284001AAA,0,2,0.0,0.0,0.00012114567835132603,0.0,Low Risk
IND282005AAA,1,0,0.0,0.0,0.0002993432074686471,0.0,Low Risk
IND281004AAA,1,0,0.0,0.0,0.00021790190876501674,0.0,Low Risk
IND283122AAB,2,2,0.0004003020976737118,0.0,0.00022412632918316207,0.0,Low Risk
IND562160AAB,2,0,0.0,0.0,0.00031167483198985826,0.0,Low Risk
IND571401AAA,2,2,3.780000922320225e-07,0.0,0.00022412632918316207,0.0,Low Risk
IND277211AAA,1,1,0.0004139101009940646,0.0,0.0004773572004718313,0.0,Low Risk
IND303603AAB,2,2,1.7388004242673033e-05,0.0,0.000577243996960365,0.0,Low Risk
IND303008AAB,1,1,0.0,0.0,0.00021491814472652095,0.0,Low Risk
IND302026AAA,2,1,0.0,0.0,0.0006086179086084429,0.0,Low Risk
IND302023AAA,2,0,0.0,0.0,0.0004466950823385734,0.0,Low Risk
IND571602AAA,1,0,0.0,0.0,0.0004852299954599789,0.0,Low Risk
IND562132AAC,0,1,0.0,0.0,0.00012114567835132603,0.0,Low Risk
IND574216AAA,4,3,0.001195992291822119,0.3333333333333333,0.000605424502491107,0.0,Low Risk
IND577116AAA,5,2,0.00039916809739701573,0.6666666666666666,0.001209314047492951,0.0,Low Risk
IND504251AAA,1,2,0.0008017381956241196,1.0,0.0003592769865352065,0.0,Low Risk
IND504201AAA,1,2,3.780000922320225e-07,1.0,0.000426371059767581,0.0,Low Risk
IND403401AAA,2,2,0.0,0.0,0.0008232590872073506,0.0,Low Risk
IND403726AAB,8,8,7.56000184464045e-06,0.0,0.002326103088793529,0.0,Low Risk
IND403002AAA,1,1,0.0,0.0,0.0003221029372553898,0.0,Low Risk
IND414001AAA,1,3,0.0012020402932978315,0.6666666666666666,0.0002243699344553173,0.0,Low Risk
IND411017AAA,2,1,0.0,0.0,0.000802792977903005,0.0,Low Risk
IND411048AAA,2,2,0.0,0.0,0.0009246491959905214,0.0,Low Risk
IND411043AAA,2,2,0.0,0.0,0.0006041433921352566,0.0,Low Risk
IND421302AAS,1,0,0.0,0.0,0.00033977178961545895,0.0,Low Risk
IND508252AAB,1,1,0.0005106781246054623,0.0,0.00030556408963884125,0.0,Low Risk
IND501141AAA,1,1,0.0008006041953474236,1.0,0.0002672594044457307,0.0,Low Risk
IND273155AAA,1,1,5.2920012912483145e-06,0.0,0.00047094968993267346,0.0,Low Risk
IND272153AAC,1,0,0.0,0.0,0.00022412632918316207,0.0,Low Risk
IND272207AAB,0,1,0.0,0.0,0.00012114567835132603,0.0,Low Risk
IND285205AAB,1,1,0.001596294389495831,0.0,0.0005992570841151048,0.0,Low Risk
IND577432AAA,1,1,0.00040105809785817586,1.0,0.00041682692377832805,0.0,Low Risk
IND586101AAB,2,2,0.001594782389126903,0.0,0.00038465846559390215,0.0,Low Risk
IND571440AAA,1,1,5.6700013834803375e-06,0.0,0.0006354714005884138,0.0,Low Risk
IND577126AAA,1,1,0.00039916809739701573,1.0,0.00047606319520244084,0.0,Low Risk
IND581320AAA,2,2,0.0013823463372925062,0.0,0.0007627087203230987,0.0,Low Risk
IND671323AAD,1,0,0.0,0.0,0.00022472074482233876,0.0,Low Risk
IND575014AAA,1,1,5.103001245132304e-05,1.0,0.0002995568385560114,0.0,Low Risk
IND574211AAA,2,2,0.0016023423909715432,0.3333333333333333,0.0004066986092876631,0.0,Low Risk
IND576201AAA,2,1,0.0008195041999590247,0.3333333333333333,0.0005807511855671397,0.0,Low Risk
IND576101AAA,2,1,0.0004222261030231691,0.6666666666666666,0.0003551710658866898,0.0,Low Risk
IND574117AAA,1,2,0.0,0.6666666666666666,0.0002873169283701559,0.0,Low Risk
IND581334AAA,2,3,0.0008074081970076,0.3333333333333333,0.0006517837953804782,0.0,Low Risk
IND591115AAB,4,4,3.780000922320225e-07,1.0,0.0007310500955977549,0.0,Low Risk
IND590016AAA,6,3,0.00040105809785817586,1.0,0.0011010575789561707,0.0,Low Risk
IND572201AAB,2,4,0.00039954609748924777,0.5,0.00028290846405091977,0.0,Low Risk
IND571438AAB,0,2,0.0,0.0,0.00012114567835132603,0.0,Low Risk
IND262723AAB,2,0,0.0,0.0,0.0004493730323887552,0.0,Low Risk
IND244901AAC,1,1,3.4020008300882024e-06,0.0,0.0002027561162569784,0.0,Low Risk
IND262001AAA,3,3,0.001596294389495831,0.6666666666666666,0.0016592338931048956,0.0,Low Risk
IND243201AAA,2,2,0.0,1.0,0.0012377226067859105,0.0,Low Risk
IND262501AAA,2,2,0.0,1.0,0.0004130867947573385,0.0,Low Risk
IND262405AAA,0,1,0.0,0.0,0.00012114567835132603,0.0,Low Risk
IND262122AAB,2,1,0.0,1.0,0.00100009818348309,0.0,Low Risk
IND276129AAA,1,1,1.51200036892809e-05,0.0,0.0006047330948954616,0.0,Low Risk
IND276305AAA,2,2,0.0012069542944968478,0.0,0.00028465986350508074,0.0,Low Risk
IND276140AAA,2,1,0.0004158001014552247,0.0,0.0005689735282045943,0.0,Low Risk
IND275303AAA,2,2,0.0008164801992211686,0.0,0.0005265436828472248,0.0,Low Risk
IND274402AAA,1,2,5.6700013834803375e-06,0.3333333333333333,0.00020211145603354582,0.0,Low Risk
IND274509AAB,1,3,1.4742003597048876e-05,0.0,0.00025541207749052685,0.0,Low Risk
IND273303AAA,1,1,0.00040446009868826404,0.0,0.0005218098773354833,0.0,Low Risk
IND580002AAA,2,1,0.0,1.0,0.0005034060552782335,0.0,Low Risk
IND577401AAA,1,2,0.001598940390141455,0.3333333333333333,0.0003164950004887149,0.0,Low Risk
IND584128AAA,0,1,0.0,0.0,0.00012114567835132603,0.0,Low Risk
IND600016AAA,0,1,0.0,0.0,0.00012114567835132603,0.0,Low Risk
IND600013AAA,1,0,0.0,0.0,0.00048166399523269705,0.0,Low Risk
IND600004AAA,1,1,0.0,0.0,0.0003079134092317851,0.0,Low Risk
IND580030AAA,1,0,0.0,0.0,0.00020743201952427468,0.0,Low Risk
IND591304AAA,2,4,0.0019981084875384707,0.0,0.0006387064729574784,0.0,Low Risk
IND591126AAA,0,2,0.0,0.0,0.00012114567835132603,0.0,Low Risk
IND591307AAC,2,3,0.0008006041953474236,0.16666666666666666,0.00031167483198985826,0.0,Low Risk
IND600083AAA,0,1,0.0,0.0,0.00012114567835132603,0.0,Low Risk
IND586101AAA,2,2,0.0,0.0,0.00039921917314246524,0.0,Low Risk
IND272155AAA,0,1,0.0,0.0,0.00012114567835132603,0.0,Low Risk
IND272175AAA,1,0,0.0,0.0,0.00022240599755685608,0.0,Low Risk
IND272001AAA,1,2,0.00040559409896496015,0.0,0.00022412632918316207,0.0,Low Risk
IND271201AAA,2,2,3.780000922320225e-07,1.0,0.0004929326459585754,0.0,Low Risk
IND271001AAA,2,3,3.780000922320225e-07,1.0,0.0009450675652193862,0.0,Low Risk
IND263601AAA,2,3,0.0011982602923755112,0.3333333333333333,0.0005090385839937297,0.0,Low Risk
IND247554AAA,2,3,0.00039916809739701573,0.0,0.00048193691504023036,0.0,Low Risk
IND410505AAB,3,2,0.0007998481951629596,0.6666666666666666,0.0005570654590915273,0.0,Low Risk
IND410503AAA,1,1,0.0,1.0,0.00027698771875379083,0.0,Low Risk
IND410501AAF,1,1,0.0,1.0,0.00043439435177454076,0.0,Low Risk
IND413531AAA,1,1,0.0,1.0,0.0005280940077429237,0.0,Low Risk
IND431717AAA,1,1,0.0,1.0,0.0005190350367700386,0.0,Low Risk
IND413517AAA,2,2,0.0007998481951629596,0.6666666666666666,0.0009734971497123052,0.0,Low Risk
IND413307AAB,1,1,0.00039916809739701573,1.0,0.00042066714904544184,0.0,Low Risk
IND415301AAB,1,1,0.00040105809785817586,1.0,0.000352211336518271,0.0,Low Risk
IND413307AAC,1,1,0.0,0.0,0.00029730300401550745,0.0,Low Risk
IND412803AAB,1,1,0.00040105809785817586,0.0,0.0002488764523753864,0.0,Low Risk
IND501101AAB,1,2,0.0007987141948862636,0.6666666666666666,0.0003483558022840683,0.0,Low Risk
IND501218AAC,3,0,0.0,1.0,0.0010406612844462019,0.0,Low Risk
IND500018AAA,0,2,0.0,0.0,0.00012114567835132603,0.0,Low Risk
IND246761AAA,1,3,0.0008017381956241196,0.5,0.00036862981323590796,0.0,Low Risk
IND583121AAA,1,0,0.0,0.0,0.00022412632918316207,0.0,Low Risk
IND242221AAA,2,2,0.0,1.0,0.0005076022998836504,0.0,Low Risk
IND242307AAB,1,3,0.0023931185839209342,0.3333333333333333,0.000753057654746333,0.0,Low Risk
IND242001AAA,3,1,0.0023950085843820945,0.0,0.0007424594345591961,0.0,Low Risk
IND275503AAA,2,2,0.0012171602969871123,0.3333333333333333,0.00047637989383829014,0.0,Low Risk
IND275101AAA,2,1,0.0,1.0,0.0003060463455352507,0.0,Low Risk
IND600073AAA,0,1,0.0,0.0,0.00012114567835132603,0.0,Low Risk
IND600110AAA,4,5,0.0004014360979504079,0.0,0.0005586991639166108,0.0,Low Risk
IND602105AAB,1,0,0.0,0.0,0.0005759726972295032,0.0,Low Risk
IND231208AAA,0,2,0.0,0.0,0.00012114567835132603,0.0,Low Risk
IND231216AAA,4,0,0.0,1.0,0.0005810383441046575,0.0,Low Risk
IND246001AAA,0,1,0.0,0.0,0.00012114567835132603,0.0,Low Risk
IND244921AAB,3,2,0.0011993942926522073,0.5,0.0012610589697103938,0.0,Low Risk
IND244715AAA,2,2,0.0004006800977659438,1.0,0.0007638063249980405,0.0,Low Risk
IND244601AAB,2,1,0.00039916809739701573,0.6666666666666666,0.0003985504573315041,0.0,Low Risk
IND244412AAA,1,2,0.0012001502928366714,0.6666666666666666,0.00035110665637469175,0.0,Low Risk
IND251201AAA,0,1,0.0,0.0,0.00012114567835132603,0.0,Low Risk
IND226024AAA,1,0,0.0,0.0,0.0001564652390562855,0.0,Low Risk
IND226016AAA,1,0,0.0,0.0,0.00018880676847820256,0.0,Low Risk
IND226004AAA,0,2,0.0,0.0,0.00012114567835132603,0.0,Low Risk
IND224122AAA,3,0,0.0,0.0,0.00031167483198985826,0.0,Low Risk
IND223101AAB,2,2,0.0008058961966386719,0.0,0.00036319275297864924,0.0,Low Risk
IND222125AAB,2,1,0.00040408209859603205,0.0,0.00042990422189064306,0.0,Low Risk
IND639104AAB,1,1,2.2680005533921347e-06,0.0,0.00043185956115804856,0.0,Low Risk
IND600048AAA,3,0,0.0,1.0,0.0003951075456976132,0.0,Low Risk
IND636102AAA,1,1,0.0,0.0,0.0003707746073893353,0.0,Low Risk
IND604303AAA,1,1,0.00040105809785817586,0.0,0.00023383456345550592,0.0,Low Risk
IND221401AAA,0,1,0.0,0.0,0.00012114567835132603,0.0,Low Risk
IND276128AAA,1,2,0.0016072563921705595,0.0,0.00019232143376329475,0.0,Low Risk
IND222136AAA,2,0,0.0,0.0,0.0007255102707355585,0.0,Low Risk
IND231001AAA,1,0,0.0,0.0,0.00031167483198985826,0.0,Low Risk
IND221303AAA,1,1,3.780000922320225e-07,0.0,0.00022412632918316207,0.0,Low Risk
IND243002AAA,1,1,0.0004006800977659438,1.0,0.000573389997193942,0.0,Low Risk
IND411057AAF,1,0,0.0,0.0,0.00022412632918316207,0.0,Low Risk
IND411033AAB,0,1,0.0,0.0,0.00012114567835132603,0.0,Low Risk
IND591237AAB,2,2,0.002001888488460791,0.0,0.00057199556630181,0.0,Low Risk
IND416122AAA,1,1,0.0014394243512195416,0.0,0.00023493103509668252,0.0,Low Risk
IND415612AAA,2,2,0.00040105809785817586,1.0,0.0007386755201433789,0.0,Low Risk
IND415709AAA,2,3,0.001596294389495831,0.0,0.0005152846556095831,0.0,Low Risk
IND415124AAA,2,2,0.001600074390418151,0.0,0.000403619143367373,0.0,Low Risk
IND500055AAA,1,2,0.0,1.0,0.00021393802306877882,0.0,Low Risk
IND495004AAA,0,1,0.0,0.0,0.00012114567835132603,0.0,Low Risk
IND490023AAA,1,0,0.0,0.0,0.00038609768254056114,0.0,Low Risk
IND602001AAA,1,1,0.0,1.0,0.00021925212935747592,0.0,Low Risk
IND600056AAD,1,0,0.0,0.0,0.00021124448280228185,0.0,Low Risk
IND613104AAA,1,0,0.0,0.0,0.00038609768254056114,0.0,Low Risk
IND211013AAA,1,0,0.0,0.0,0.0005875260835797322,0.0,Low Risk
IND210431AAA,1,1,0.0015944043890346708,0.0,0.0006306314306099899,0.0,Low Risk
IND231205AAA,2,2,0.0,1.0,0.0002887509710689926,0.0,Low Risk
IND210301AAA,1,0,0.0,0.0,0.0002967987894436849,0.0,Low Risk
IND623407AAA,1,1,1.1340002766960673e-06,0.0,0.00038074198237520747,0.0,Low Risk
IND622001AAA,1,0,0.0,0.0,0.0005031682693081346,0.0,Low Risk
IND620012AAA,2,0,0.0,0.0,0.0006800007501491666,0.0,Low Risk
IND208019AAA,1,1,0.0,0.0,0.000650250994359654,0.0,Low Risk
IND208006AAA,1,1,0.0,0.0,0.00031729187250541686,0.0,Low Risk
IND207247AAB,3,3,0.002389338582998614,0.3333333333333333,0.0008076894737830194,0.0,Low Risk
IND233001AAA,1,3,0.002018520492519,0.3333333333333333,0.00032944042348063946,0.0,Low Risk
IND222001AAA,2,1,4.914001199016292e-06,0.0,0.0005537770529998698,0.0,Low Risk
IND221010AAB,2,3,0.0024343205939742246,0.1,0.0011019384053686059,0.0,Low Risk
IND221005A1A,1,0,0.0,0.0,0.0002636033026628026,0.0,Low Risk
IND221010AAA,1,1,0.0004018140980426399,0.0,0.00016756298142583476,0.0,Low Risk
IND211010AAB,0,1,0.0,0.0,0.00012114567835132603,0.0,Low Risk
IND233221AAC,1,0,0.0,0.0,0.00047589421435204575,0.0,Low Risk
IND232104AAB,2,2,0.0032209387859090635,0.3333333333333333,0.0009654301687272041,0.0,Low Risk
IND412210AAC,1,1,0.0,1.0,0.00023731030484202095,0.0,Low Risk
IND201001AAA,1,2,0.0,0.0,0.00030781723373077854,0.0,Low Risk
IND181152AAB,4,4,0.0008002261952551916,0.5,0.0008613158641528758,0.0,Low Risk
IND184121AAA,3,4,0.0004006800977659438,0.8333333333333334,0.0008373626232401604,0.0,Low Risk
IND177203AAA,0,1,0.0,0.0,0.00012114567835132603,0.0,Low Risk
IND209721AAB,3,3,0.0,1.0,0.000525425112524443,0.0,Low Risk
IND209625AAA,4,3,0.0023987885853044145,0.3333333333333333,0.000718024737858881,0.0,Low Risk
IND211008AAA,0,2,0.0,0.0,0.00012114567835132603,0.0,Low Risk
IND485001AAC,3,6,0.002803248683992679,0.23809523809523808,0.0006106994218802583,0.0,Low Risk
IND621112AAA,2,1,3.780000922320225e-07,0.0,0.00022412632918316207,0.0,Low Risk
IND624601AAA,1,2,1.0962002674728651e-05,0.3333333333333333,0.0006048663007923272,0.0,Low Risk
IND625218AAA,1,0,0.0,0.0,0.00036591426566940657,0.0,Low Risk
IND624101AAA,1,1,3.780000922320225e-06,0.0,0.00019603062288292303,0.0,Low Risk
IND624703AAA,1,1,0.0,1.0,0.000288855457899367,0.0,Low Risk
IND202001AAC,0,1,0.0,0.0,0.00012114567835132603,0.0,Low Risk
IND241124AAB,3,3,0.0023968985848432547,0.0,0.0007311150692395156,0.0,Low Risk
IND221313AAA,2,6,0.0072258497631073415,0.06666666666666667,0.0006066174228297684,0.0,Low Risk
IND492001AAB,0,1,0.0,0.0,0.00012114567835132603,0.0,Low Risk
IND491001AAA,0,1,0.0,0.0,0.00012114567835132603,0.0,Low Risk
IND487001AAB,1,1,0.0,0.0,0.00028600336611863693,0.0,Low Risk
IND508116AAA,1,2,0.0008017381956241196,0.6666666666666666,0.0002262328202110763,0.0,Low Risk
IND500035AAD,2,0,0.0,0.0,0.0003442804868774327,0.0,Low Risk
IND501301AAC,1,1,0.0003999240975814798,0.0,0.00022412632918316207,0.0,Low Risk
IND500039AAB,0,1,0.0,0.0,0.00012114567835132603,0.0,Low Risk
IND500035AAA,1,1,0.0,0.0,0.0002644953180164212,0.0,Low Risk
IND502295AAA,1,1,0.0003999240975814798,0.0,0.00022412632918316207,0.0,Low Risk
IND500032AAA,0,1,0.0,0.0,0.00012114567835132603,0.0,Low Risk
IND486001AAA,2,1,0.00039916809739701573,1.0,0.0004075225715387012,0.0,Low Risk
IND623701AAA,1,1,1.663200405820899e-05,0.0,0.00032627867609362563,0.0,Low Risk
IND623526AAA,1,1,2.0412004980529214e-05,0.0,0.0004599874536316518,0.0,Low Risk
IND623503AAA,1,1,1.8900004611601125e-05,0.0,0.00039853433516184086,0.0,Low Risk
IND627657AAA,1,1,6.426001567944382e-06,0.0,0.0005254427703673212,0.0,Low Risk
IND629001AAA,1,0,0.0,0.0,0.0005312195990696916,0.0,Low Risk
IND638052AAA,1,0,0.0,0.0,0.00031167483198985826,0.0,Low Risk
IND676509AAA,1,2,6.04800147571236e-06,0.0,0.00032661881602587094,0.0,Low Risk
IND204101AAA,2,3,0.0,1.0,0.0005271577097378078,0.0,Low Risk
IND625532AAA,0,3,0.0,0.0,0.00012114567835132603,0.0,Low Risk
IND637001AAA,1,0,0.0,0.0,0.00022412632918316207,0.0,Low Risk
IND638001AAA,1,1,3.780000922320225e-07,0.0,0.00022412632918316207,0.0,Low Risk
IND636402AAA,1,0,0.0,0.0,0.00033153285220891606,0.0,Low Risk
IND636005AAC,1,0,0.0,0.0,0.00019664831898524426,0.0,Low Risk
IND636005AAA,0,2,0.0,0.0,0.00012114567835132603,0.0,Low Risk
IND635207AAA,1,1,0.0,1.0,0.00022797367151079908,0.0,Low Risk
IND643217AAA,4,2,1.7766004334905057e-05,0.3333333333333333,0.0011808374920755846,0.0,Low Risk
IND209101AAA,1,1,0.0016019643908793113,0.0,0.00046713317832333315,0.0,Low Risk
IND493445AAB,2,1,7.56000184464045e-07,0.0,0.00031167483198985826,0.0,Low Risk
IND495334AAB,2,2,3.780000922320225e-07,0.0,0.000224126329183162,0.0,Low Risk
IND493118AAC,0,2,0.0,0.0,0.00012114567835132603,0.0,Low Risk
IND492007AAA,1,0,0.0,0.0,0.00022412632918316207,0.0,Low Risk
IND152123AAA,1,1,0.00039916809739701573,1.0,0.0004147240907480777,0.0,Low Risk
IND176001AAB,1,0,0.0,0.0,0.00019812715456891483,0.0,Low Risk
IND176001AAA,1,0,0.0,0.0,0.00023469335577226946,0.0,Low Risk
IND177101AAA,1,2,7.56000184464045e-07,0.0,0.00022412632918316207,0.0,Low Risk
IND176215AAA,0,1,0.0,0.0,0.00012114567835132603,0.0,Low Risk
IND176061AAA,1,1,0.0003999240975814798,0.0,0.00022412632918316207,0.0,Low Risk
IND641008AAA,1,3,6.426001567944382e-06,0.6666666666666666,0.00038444763242922,0.0,Low Risk
IND641006AAD,0,2,0.0,0.0,0.00012114567835132603,0.0,Low Risk
IND641001AAA,3,1,0.0,1.0,0.000765521793117471,0.0,Low Risk
IND207123AAA,1,1,0.0,0.0,0.00026183592543663523,0.0,Low Risk
IND205001AAB,7,8,0.006374215555308595,0.19047619047619047,0.001443199101899965,0.0,Low Risk
IND201306AAA,0,2,0.0,0.0,0.00012114567835132603,0.0,Low Risk
IND203205AAA,1,0,0.0,0.0,0.0009206007034171648,0.0,Low Risk
IND201005AAA,1,1,0.0,0.0,0.0003893566936193642,0.0,Low Risk
IND638452AAA,2,2,1.209600295142472e-05,0.0,0.0005347812761044124,0.0,Low Risk
IND638401AAA,2,2,1.2474003043656742e-05,0.0,0.00048717362286446674,0.0,Low Risk
IND000000ADM,2,0,0.0,0.0,0.0004973381094744017,0.0,Low Risk
IND679576AAA,2,0,0.0,0.0,0.000547165954792146,0.0,Low Risk
IND673639AAA,2,0,0.0,0.0,0.00022412632918316207,0.0,Low Risk
IND679329AAA,0,2,0.0,0.0,0.00012114567835132603,0.0,Low Risk
IND679322AAA,1,0,0.0,0.0,0.0002987813379282407,0.0,Low Risk
IND678583AAA,1,0,0.0,0.0,0.00022134099873251964,0.0,Low Risk
IND690537AAA,0,1,0.0,0.0,0.00012114567835132603,0.0,Low Risk
IND689503AAB,1,1,0.0003999240975814798,0.0,0.00022412632918316207,0.0,Low Risk
IND689650AAA,2,2,0.0,1.0,0.00040510688657464087,0.0,Low Risk
IND676306AAA,1,1,7.938001936872472e-06,0.0,0.0002418473804337475,0.0,Low Risk
IND671315AAA,0,1,0.0,0.0,0.00012114567835132603,0.0,Low Risk
IND670643AAA,2,2,0.0016083903924472556,0.0,0.0007192272313767582,0.0,Low Risk
IND140603AAA,2,0,0.0,0.0,0.000402190436832946,0.0,Low Risk
IND152101AAA,0,1,0.0,0.0,0.00012114567835132603,0.0,Low Risk
IND152116AAA,1,2,0.0,1.0,0.0002891999932714648,0.0,Low Risk
IND152107AAA,2,1,0.0,1.0,0.00044107214820099155,0.0,Low Risk
IND462021AAA,0,1,0.0,0.0,0.00012114567835132603,0.0,Low Risk
IND148023AAA,3,2,0.0008043841962697438,0.16666666666666666,0.000485160762496534,0.0,Low Risk
IND147001AAD,4,4,0.0016038543913404714,0.16666666666666666,0.0005973949316359358,0.0,Low Risk
IND147201AAA,3,2,1.1340002766960673e-06,0.3333333333333333,0.00035778917715137144,0.0,Low Risk
IND173220AAA,1,2,0.0,0.0,0.0002750251833506103,0.0,Low Risk
IND160002AAD,1,0,0.0,0.0,0.00018040327563318174,0.0,Low Risk
IND184104AAA,2,4,0.0011997722927444394,0.8333333333333334,0.0004999283400192006,0.0,Low Risk
IND176041AAA,3,0,0.0,1.0,0.0005056882063570986,0.0,Low Risk
IND174307AAA,1,2,0.0,1.0,0.0002701936611893206,0.0,Low Risk
IND173212AAA,2,3,0.0012001502928366714,0.0,0.0004957282703582403,0.0,Low Risk
IND160003AAA,1,1,0.0,0.0,0.0003410525382762361,0.0,Low Risk
IND689101AAA,2,3,0.0012111122955114,0.3333333333333333,0.0004926678452527952,0.0,Low Risk
IND175101AAA,2,2,0.0023916065835520063,0.0,0.0008271998826620561,0.0,Low Risk
IND643212AAA,2,2,1.7010004150441013e-05,0.0,0.001074686870691199,0.0,Low Risk
IND643001AAA,2,2,1.7388004242673033e-05,0.0,0.0011234639011055952,0.0,Low Risk
IND643231AAA,2,2,0.0,1.0,0.000623935117073133,0.0,Low Risk
IND686540AAA,2,1,5.2920012912483145e-06,0.3333333333333333,0.0002842909592893154,0.0,Low Risk
IND485771AAA,1,2,0.00040105809785817586,1.0,0.00017420677644365052,0.0,Low Risk
IND484661AAE,1,2,0.0016019643908793113,0.3333333333333333,0.0002647004722996147,0.0,Low Risk
IND484551AAA,1,1,0.0,1.0,0.00024858431775862756,0.0,Low Risk
IND484446AAA,2,1,0.0015944043890346708,0.3333333333333333,0.0005672091813285087,0.0,Low Risk
IND484224AAA,1,1,0.0,1.0,0.00026847210697605504,0.0,Low Risk
IND484001AAA,2,2,0.001598184389956991,0.3333333333333333,0.0004298142105499079,0.0,Low Risk
IND483770AAA,1,1,0.0007979581947017995,1.0,0.0007025820973329253,0.0,Low Risk
IND483501AAA,2,1,0.0007998481951629596,0.6666666666666666,0.0006845846397452744,0.0,Low Risk
IND483225AAA,1,1,0.0,1.0,0.0003807965365848407,0.0,Low Risk
IND500084AAB,1,0,0.0,0.0,0.00021878075060762246,0.0,Low Risk
IND496001AAA,2,0,0.0,0.0,0.00022412632918316207,0.0,Low Risk
IND495677AAA,0,2,0.0,0.0,0.00012114567835132603,0.0,Low Risk
IND491995AAB,2,0,0.0,0.0,0.00031167483198985826,0.0,Low Risk
IND495671AAA,1,0,0.0,0.0,0.00022412632918316207,0.0,Low Risk
IND421004AAA,1,0,0.0,0.0,0.0003616304943742776,0.0,Low Risk
IND686632AAA,1,1,0.0004048380987804961,0.0,0.0009323156120551734,0.0,Low Risk
IND700136AAB,1,1,0.0,1.0,0.0002893878401252627,0.0,Low Risk
IND700053AAA,7,6,0.0035951588772187657,0.2,0.002008857355388291,0.0,Low Risk
IND700026AAC,5,4,0.0,1.0,0.0011439400593911673,0.0,Low Risk
IND695609AAA,1,1,0.0016114143931851119,0.0,0.00040915287004163295,0.0,Low Risk
IND695582AAA,0,3,0.0,1.0,0.00012114567835132603,0.0,Low Risk
IND695541AAA,2,2,0.001212246295788096,0.3333333333333333,0.0004331947949004389,0.0,Low Risk
IND695012AAB,0,1,0.0,0.0,0.00012114567835132603,0.0,Low Risk
IND695614AAA,2,1,0.001213380296064792,0.0,0.0003387109226644861,0.0,Low Risk
IND695012AAA,5,5,0.0040393089855913925,0.0,0.0013484002751687405,0.0,Low Risk
IND690573AAA,1,0,0.0,0.0,0.00026627128868577136,0.0,Low Risk
IND713145AAB,1,2,0.0012054422941279196,0.0,0.0002693458618176616,0.0,Low Risk
IND713103AAA,1,1,0.0,1.0,0.0002732297064854485,0.0,Low Risk
IND711409AAA,1,0,0.0,0.0,0.00022586971827513416,0.0,Low Risk
IND711303AAA,1,1,0.001613304393646272,1.0,0.0003297871545538294,0.0,Low Risk
IND686141AAA,1,0,0.0,0.0,0.0009146873526992923,0.0,Low Risk
IND140401AAA,2,2,0.00039954609748924777,0.5,0.0005448698038912625,0.0,Low Risk
IND132039AAA,1,0,0.0,0.0,0.00048544241091135886,0.0,Low Risk
IND721434AAB,1,1,0.0007998481951629596,0.0,0.0003675907108096348,0.0,Low Risk
IND743395AAA,1,1,0.00039916809739701573,1.0,0.0003517068440149429,0.0,Low Risk
IND141010AAA,0,1,0.0,0.0,0.00012114567835132603,0.0,Low Risk
IND160055AAA,2,1,0.0,1.0,0.00041220712703175024,0.0,Low Risk
IND152024AAA,1,1,0.00040105809785817586,1.0,0.0003452180982448445,0.0,Low Risk
IND151302AAA,1,1,0.0008017381956241196,0.0,0.00043048006149594566,0.0,Low Risk
IND151103AAA,1,1,0.0,0.0,0.0006487479980154007,0.0,Low Risk
IND148102AAA,1,1,0.00039916809739701573,1.0,0.0006442839913238554,0.0,Low Risk
IND148101AAA,1,1,0.00040105809785817586,1.0,0.00061514735488185,0.0,Low Risk
IND148024AAB,1,0,0.0,0.0,0.00036812871283556,0.0,Low Risk
IND148001AAA,1,0,0.0,0.0,0.0002867236724466472,0.0,Low Risk
IND147105AAA,2,2,0.0,1.0,0.00041066070412793405,0.0,Low Risk
IND133004AAA,0,2,0.0,0.0,0.00012114567835132603,0.0,Low Risk
IND145001AAA,1,2,1.1340002766960673e-06,0.6666666666666666,0.0008764620711886263,0.0,Low Risk
IND132001AAA,4,3,0.0004014360979504079,0.6666666666666666,0.0007381581399533266,0.0,Low Risk
IND250609AAA,1,0,0.0,0.0,0.0003605416056026164,0.0,Low Risk
IND250002AAA,3,2,0.00039916809739701573,1.0,0.000653219521064615,0.0,Low Risk
IND248001AAD,3,3,0.0007972021945173354,0.0,0.0005606339524765215,0.0,Low Risk
IND247667AAB,1,1,0.0,1.0,0.0002750956746452328,0.0,Low Risk
IND144527AAA,0,1,0.0,0.0,0.00012114567835132603,0.0,Low Risk
IND144601AAA,1,2,0.0008017381956241196,0.6666666666666666,0.0007000858431564581,0.0,Low Risk
IND712310AAA,4,0,0.0,0.0,0.00032710698001499805,0.0,Low Risk
IND700144AAA,1,1,0.00040105809785817586,1.0,0.0002712294133477414,0.0,Low Risk
IND712612AAA,0,1,0.0,0.0,0.00012114567835132603,0.0,Low Risk
IND722154AAA,2,1,0.001595916389403599,0.0,0.0007111211665318704,0.0,Low Risk
IND712602AAA,1,1,0.0011978822922832793,0.0,0.0005728061629260194,0.0,Low Risk
IND712406AAA,1,1,0.0011997722927444394,0.0,0.0005313090288636616,0.0,Low Risk
IND244235AAA,1,1,0.007102999733131934,0.0,0.0002598627276435199,0.0,Low Risk
IND201204AAA,2,2,0.0,1.0,0.0004535000749350146,0.0,Low Risk
IND132103AAA,3,3,0.0008013601955318876,1.0,0.001068641104589044,0.0,Low Risk
IND721507AAA,2,0,0.0,0.0,0.0005304735467764474,0.0,Low Risk
IND721501AAC,1,3,0.0,1.0,0.00023626673641967107,0.0,Low Risk
IND721636AAB,1,2,0.0,1.0,0.0006702662414687305,0.0,Low Risk
IND721602AAB,3,2,3.780000922320225e-07,1.0,0.0012329750681846854,0.0,Low Risk
IND721139AAC,3,2,0.0008085421972842961,0.3333333333333333,0.0012886698707537956,0.0,Low Risk
IND733210AAA,2,0,0.0,0.0,0.00032710698001499805,0.0,Low Risk
IND733202AAB,0,1,0.0,0.0,0.00012114567835132603,0.0,Low Risk
IND721133AAA,1,1,0.0008017381956241196,0.0,0.0002898545264682238,0.0,Low Risk
IND722202AAA,1,2,0.0,1.0,0.00030507537879893685,0.0,Low Risk
IND722122AAA,2,1,0.00039916809739701573,1.0,0.00046760849159681577,0.0,Low Risk
IND722101AAC,2,0,0.0,1.0,0.00033137936731491484,0.0,Low Risk
IND722101AAB,1,1,0.0,0.0,0.0003760268906428371,0.0,Low Risk
IND335523AAB,3,1,0.00039916809739701573,0.6666666666666666,0.0008319582726150211,0.0,Low Risk
IND335501AAA,1,1,0.00040105809785817586,1.0,0.0007465829348922329,0.0,Low Risk
IND125051AAA,4,1,0.001598940390141455,0.16666666666666666,0.000976890537824637,0.0,Low Risk
IND132103AAB,1,5,0.0,1.0,0.0005663566875329706,0.0,Low Risk
IND741101AAB,1,1,0.0004021920981348719,0.0,0.00025109845264696066,0.0,Low Risk
IND482002AAA,1,1,0.0,0.0,0.002223596377658812,0.0,Low Risk
IND480106AAA,2,0,0.0,0.0,0.0006962023465127127,0.0,Low Risk
IND477001AAA,1,1,0.0007972021945173354,1.0,0.00040169114045737883,0.0,Low Risk
IND476001AAA,1,1,0.0,1.0,0.000315013414943834,0.0,Low Risk
IND471001AAA,4,3,0.001195992291822119,0.6666666666666666,0.00032946376260880494,0.0,Low Risk
IND470227AAB,2,0,0.0,1.0,0.0005500952736071993,0.0,Low Risk
IND487001AAA,1,1,0.006304663538337903,0.0,0.0003001340250701207,0.0,Low Risk
IND486889AAA,2,4,3.02400073785618e-06,0.3333333333333333,0.0004493730323887552,0.0,Low Risk
IND488001AAA,1,2,0.0,1.0,0.00015703588435645225,0.0,Low Risk
IND465333A1B,1,2,0.0,1.0,0.00022002930233443413,0.0,Low Risk
IND465001AAA,1,3,0.001598184389956991,0.5,0.00045708021343342914,0.0,Low Risk
IND742147AAA,2,1,0.001598184389956991,0.0,0.0009245500455410955,0.0,Low Risk
IND731224AAA,2,2,0.001600074390418151,0.0,0.0009457019856031503,0.0,Low Risk
IND722140AAA,1,2,0.0007998481951629596,0.6666666666666666,0.0004156364907662523,0.0,Low Risk
IND721401AAA,1,1,0.0007979581947017995,0.0,0.0004336289194136172,0.0,Low Risk
IND733129AAA,1,1,6.804001660176405e-06,0.0,0.0005828107052817593,0.0,Low Risk
IND733134AAA,1,1,0.0,1.0,0.00026310016595718246,0.0,Low Risk
IND733129AAB,2,1,6.804001660176405e-06,0.3333333333333333,0.0005434617483349479,0.0,Low Risk
IND732204AAB,1,2,2.6460006456241573e-06,0.3333333333333333,0.0006522560892430747,0.0,Low Risk
IND733124AAA,3,0,0.0,0.0,0.00032327207567257703,0.0,Low Risk
IND733102AAA,4,0,0.0,1.0,0.0003565242629611903,0.0,Low Risk
IND732139AAA,2,2,6.804001660176405e-06,0.6666666666666666,0.001365822862255888,0.0,Low Risk
IND732123AAC,3,1,1.8900004611601125e-06,0.6666666666666666,0.0013040058562029395,0.0,Low Risk
IND732138AAA,1,6,0.0012080882947735439,0.3333333333333333,0.0005199427990319977,0.0,Low Risk
IND732103AAA,2,1,0.0016095243927239516,0.3333333333333333,0.00046926086953376817,0.0,Low Risk
IND742202AAA,1,1,0.0020090704902131994,0.0,0.0003132975403006823,0.0,Low Risk
IND741201AAC,1,1,0.0003999240975814798,0.0,0.00022412632918316207,0.0,Low Risk
IND741121AAA,0,1,0.0,0.0,0.00012114567835132603,0.0,Low Risk
IND741502AAB,1,0,0.0,0.0,0.0003346007323764427,0.0,Low Risk
IND736165AAA,1,0,0.0,0.0,0.0002634981219539916,0.0,Low Risk
IND741316AAA,1,0,0.0,0.0,0.00022018526335429374,0.0,Low Risk
IND758001AAA,5,2,0.00040408209859603205,0.5,0.001662840386171077,0.0,Low Risk
IND757041AAA,2,3,0.0008017381956241196,1.0,0.0010532545149897286,0.0,Low Risk
IND736101AAA,1,0,0.0,0.0,0.00024374523893789553,0.0,Low Risk
IND122002AAD,0,1,0.0,0.0,0.00012114567835132603,0.0,Low Risk
IND122001AAJ,1,1,0.0012001502928366714,0.0,0.0003576343585464853,0.0,Low Risk
IND122050AAA,3,0,0.0,1.0,0.0005996999993758058,0.0,Low Risk
IND131028AAA,4,0,0.0,0.0,0.00022412632918316207,0.0,Low Risk
IND127201AAA,1,1,0.0011982602923755112,0.0,0.0004922490003258517,0.0,Low Risk
IND131301AAA,3,1,0.0011963702919143512,0.3333333333333333,0.0005973823146777547,0.0,Low Risk
IND125121AAA,1,1,0.0015951603892191348,0.0,0.0009298009434212377,0.0,Low Risk
IND125104AAA,1,1,0.0027805686784587572,0.0,0.00043884129697540426,0.0,Low Risk
IND125111AAA,1,1,0.001597050389680295,0.0,0.0009515010953169026,0.0,Low Risk
IND125050AAA,0,1,0.0,0.0,0.00012114567835132603,0.0,Low Risk
IND335524AAA,2,1,3.02400073785618e-06,0.6666666666666666,0.0003688711552099561,0.0,Low Risk
IND736135AAA,1,2,1.51200036892809e-06,0.0,0.00031167483198985826,0.0,Low Risk
IND736146AAA,1,1,1.1340002766960673e-06,0.0,0.00022412632918316207,0.0,Low Risk
IND752056AAA,3,1,0.0,1.0,0.00022279350133259636,0.0,Low Risk
IND768216AAA,0,2,0.0,0.0,0.00012114567835132603,0.0,Low Risk
IND770001AAA,3,2,7.56000184464045e-07,0.0,0.00032710698001499805,0.0,Low Risk
IND768201AAA,0,1,0.0,0.0,0.00012114567835132603,0.0,Low Risk
IND768028AAB,1,1,1.51200036892809e-06,0.0,0.0004614927029180767,0.0,Low Risk
IND735224AAA,0,1,0.0,0.0,0.00012114567835132603,0.0,Low Risk
IND734214AAB,0,1,0.0,0.0,0.00012114567835132603,0.0,Low Risk
IND733202AAC,0,1,0.0,0.0,0.00012114567835132603,0.0,Low Risk
IND752055AAA,1,0,0.0,0.0,0.0001413526105808174,0.0,Low Risk
IND752050AAA,1,2,0.0,1.0,0.0001388320841505003,0.0,Low Risk
IND751015AAA,0,5,0.0,0.5,0.00012114567835132603,0.0,Low Risk
IND751014AAA,0,1,0.0,0.0,0.00012114567835132603,0.0,Low Risk
IND760003AAB,1,1,0.0004006800977659438,1.0,0.0003067886644894463,0.0,Low Risk
IND754103AAA,1,1,0.0012009062930211354,0.0,0.0010333604386399279,0.0,Low Risk
IND743347AAA,2,2,0.00039916809739701573,1.0,0.00038105773702248554,0.0,Low Risk
IND742137AAA,1,2,0.001596294389495831,0.0,0.0009072560538640824,0.0,Low Risk
IND757024AAA,0,1,0.0,0.0,0.00012114567835132603,0.0,Low Risk
IND758034AAA,2,3,0.0,1.0,0.0004658656342553958,0.0,Low Risk
IND785621AAA,1,1,0.0,1.0,0.0002475457356353469,0.0,Low Risk
IND785612AAB,2,0,0.0,0.0,0.0006548412067169501,0.0,Low Risk
IND784125AAA,2,2,0.00040105809785817586,1.0,0.00034324770808026757,0.0,Low Risk
IND757025AAA,2,2,0.0,1.0,0.00044316377409890986,0.0,Low Risk
IND757001AAA,4,1,0.00040105809785817586,0.6666666666666666,0.0010017043143838136,0.0,Low Risk
IND756029AAA,1,1,0.001999620487907399,0.0,0.00021439416167591595,0.0,Low Risk
IND756019AAA,3,5,0.0016030983911560074,0.2,0.0008014468648019132,0.0,Low Risk
IND754202AAA,1,1,0.0015951603892191348,0.0,0.0010206353148115926,0.0,Low Risk
IND754160AAA,0,1,0.0,0.0,0.00012114567835132603,0.0,Low Risk
IND754211AAA,1,1,0.001597050389680295,0.0,0.00105914361641484,0.0,Low Risk
IND754142AAA,2,1,0.001598940390141455,0.0,0.001103592219014028,0.0,Low Risk
IND754022AAA,2,1,0.0007987141948862636,0.3333333333333333,0.00048512792501083086,0.0,Low Risk
IND752030AAA,0,1,0.0,0.0,0.00012114567835132603,0.0,Low Risk
IND751021AAA,0,1,0.0,0.0,0.00012114567835132603,0.0,Low Risk
IND131028AAE,2,1,0.0,0.0,0.000709067898361531,0.0,Low Risk
IND124001AAB,2,2,0.0012020402932978315,0.0,0.00040195977671121414,0.0,Low Risk
IND123106AAB,1,0,0.0,0.0,0.00036182545091144525,0.0,Low Risk
IND122413AAE,3,0,0.0,0.0,0.00019966384848203562,0.0,Low Risk
IND122503AAA,1,1,0.0003999240975814798,0.0,0.00022412632918316207,0.0,Low Risk
IND781003AAA,1,1,0.0,0.0,0.0002496193310125958,0.0,Low Risk
IND768028AAA,1,1,0.0,0.0,0.0004976283129338057,0.0,Low Risk
IND768004AAD,2,2,3.780000922320225e-06,0.0,0.0008527673343063247,0.0,Low Risk
IND767001AAA,3,3,6.04800147571236e-06,0.0,0.00136439266075551,0.0,Low Risk
IND764073AAA,1,0,0.0,0.0,0.00018232178529257586,0.0,Low Risk
IND764071AAB,2,3,0.001596672389588063,0.0,0.0006910593153800856,0.0,Low Risk
IND764059AAA,2,2,0.0015985623900492232,0.0,0.0006703557693783239,0.0,Low Risk
IND762001AAA,1,1,1.8900004611601125e-06,0.0,0.000526324325874378,0.0,Low Risk
IND767017AAA,3,3,6.04800147571236e-06,0.0,0.0013448990421631286,0.0,Low Risk
IND759122AAC,1,1,1.8900004611601125e-06,0.0,0.0005720464663698107,0.0,Low Risk
IND758035AAA,1,1,0.0,0.0,0.0008578867274952989,0.0,Low Risk
IND790114AAA,2,0,0.0,1.0,0.0005508423001773348,0.0,Low Risk
IND784101AAA,1,1,0.0,1.0,0.000382086077397688,0.0,Low Risk
IND783370AAB,0,1,0.0,0.0,0.00012114567835132603,0.0,Low Risk
IND783129AAA,2,1,0.003583062874267341,0.0,0.0007377609574610322,0.0,Low Risk
IND781335AAA,1,2,0.003194478779452822,0.0,0.0004208026501878193,0.0,Low Risk
IND793001AAA,1,2,0.0004014360979504079,0.0,0.0002515372105591264,0.0,Low Risk
IND787059AAB,2,0,0.0,0.0,0.00046052053309126396,0.0,Low Risk
IND792120AAB,2,1,0.0,0.0,0.0009130322565936331,0.0,Low Risk
IND792103AAB,2,1,0.0008161021991289365,0.6666666666666666,0.0006932428734814127,0.0,Low Risk
IND784001AAA,3,3,0.0012054422941279196,0.13333333333333333,0.0005332819048521567,0.0,Low Risk
IND781354AAA,2,1,0.003196368779913982,0.0,0.00035236300659767153,0.0,Low Risk
IND781022AAA,2,2,0.0,0.0,0.0002410588724516941,0.0,Low Risk
IND781018AAA,0,2,0.0,0.0,0.00012114567835132603,0.0,Low Risk
IND781102AAA,2,1,0.00039954609748924777,0.0,0.0002629903982511226,0.0,Low Risk
IND110005AAA,1,0,0.0,0.0,0.00018082969836469046,0.0,Low Risk
IND110039AAA,2,2,0.0,0.0,0.000288977133522653,0.0,Low Risk
IND121004AAC,2,2,0.0,0.0,0.0006050622888125414,0.0,Low Risk
IND121002AAA,1,1,0.0,0.0,0.00037184220382064807,0.0,Low Risk
IND110093AAA,1,0,0.0,0.0,0.0002740158053883845,0.0,Low Risk
IND110087AAA,1,0,0.0,0.0,0.0002514657782400554,0.0,Low Risk
IND110085AAA,1,0,0.0,0.0,0.00022167832683691723,0.0,Low Risk
IND110083AAA,1,1,0.0,0.0,0.00031476411247172387,0.0,Low Risk
IND110077AAA,0,1,0.0,0.0,0.00012114567835132603,0.0,Low Risk
IND110046AAA,1,0,0.0,0.0,0.0001886145705403467,0.0,Low Risk
IND785675AAA,1,1,7.182001752408427e-06,0.0,0.0003914022869490978,0.0,Low Risk
IND785634AAA,1,1,0.0,1.0,0.00018943821792974012,0.0,Low Risk
IND781001AAA,0,2,0.0,0.0,0.00012114567835132603,0.0,Low Risk
IND770017AAB,2,0,0.0,0.0,0.00039922333479655456,0.0,Low Risk
IND785112AAC,1,2,0.00040294809831933594,1.0,0.0004560302255278412,0.0,Low Risk
IND784176AAA,2,1,0.0011963702919143512,1.0,0.00036182125331171,0.0,Low Risk
IND784110AAA,2,2,0.00039916809739701573,0.6666666666666666,0.000413049064455905,0.0,Low Risk
IND791111AAC,2,0,0.0,0.0,0.0003593210009464957,0.0,Low Risk
IND791125AAB,0,1,0.0,0.0,0.00012114567835132603,0.0,Low Risk
IND791110AAA,0,1,0.0,0.0,0.00012114567835132603,0.0,Low Risk
IND791109AAA,0,1,0.0,0.0,0.00012114567835132603,0.0,Low Risk
IND791102AAA,1,1,0.0003999240975814798,0.0,0.000224126329183162,0.0,Low Risk
IND790001AAB,0,1,0.0,0.0,0.00012114567835132603,0.0,Low Risk
IND796081AAA,3,1,0.00039916809739701573,1.0,0.0005478778219901351,0.0,Low Risk
IND799250AAA,1,1,0.0004018140980426399,0.0,0.00031976045912574533,0.0,Low Risk
IND788121AAA,2,3,0.00040105809785817586,1.0,0.0005017114147558256,0.0,Low Risk
IND803212AAB,4,0,0.0,1.0,0.000320887976593849,0.0,Low Risk
IND803213AAA,0,4,0.0,1.0,0.00012114567835132603,0.0,Low Risk
IND803108AAB,1,0,0.0,0.0,0.0005031682693081346,0.0,Low Risk
IND804401AAA,1,0,0.0,0.0,0.00031167483198985826,0.0,Low Risk
IND786602AAA,1,0,0.0,0.0,0.0002776406727310784,0.0,Low Risk
IND410210AAA,1,0,0.0,0.0,0.00023359987712313603,0.0,Low Risk
IND410209AAA,2,0,0.0,0.0,0.0003008861368437428,0.0,Low Risk
IND400706AAA,1,1,0.0,0.0,0.0002584810476726476,0.0,Low Risk
IND464668AAA,1,1,0.006700429634904831,0.0,0.00064703426676717,0.0,Low Risk
IND470004AAA,1,4,0.0008028721959008158,0.2,0.00031167483198985826,0.0,Low Risk
IND464221AAA,1,1,0.0004018140980426399,0.0,0.000224126329183162,0.0,Low Risk
IND464001AAA,0,1,0.0,0.0,0.00012114567835132603,0.0,Low Risk
IND416602AAC,1,1,0.0007975801946095674,0.0,0.0003734946149708281,0.0,Low Risk
IND416404AAA,4,2,0.0019924384861549904,0.0,0.0007892429641077681,0.0,Low Risk
IND425406AAA,2,2,1.1340002766960673e-06,0.6666666666666666,0.00016972297065750552,0.0,Low Risk
IND425201AAA,2,2,0.0,1.0,0.0009728563328484025,0.0,Low Risk
IND431103AAA,1,0,0.0,0.0,0.0002883208250281212,0.0,Low Risk
IND452001AAC,3,3,9.072002213568539e-06,0.3333333333333333,0.0010505761097666338,0.0,Low Risk
IND414302AAB,2,2,0.0007998481951629596,0.5,0.0003251701558925446,0.0,Low Risk
IND414203AAB,1,1,0.0,1.0,0.00018025228406380128,0.0,Low Risk
IND441603AAA,2,1,0.0,1.0,0.0011448437913682953,0.0,Low Risk
IND441206AAB,0,2,0.0,1.0,0.00012114567835132603,0.0,Low Risk
IND792110AAA,1,1,0.0,1.0,0.00036081941181164464,0.0,Low Risk
IND792001AAA,1,2,0.00041239810062513655,0.6666666666666666,0.0007103049092162166,0.0,Low Risk
IND673027AAB,1,2,0.0,0.3333333333333333,0.0001635928245539393,0.0,Low Risk
IND000000AFG,0,2,0.0,0.0,0.00012114567835132603,0.0,Low Risk
IND734203AAA,1,0,0.0,0.0,0.00031167483198985826,0.0,Low Risk
IND000000AET,2,2,0.003192588778991662,0.0,0.0004789380725582735,0.0,Low Risk
IND110064AAB,2,0,0.0,0.0,0.00014190133060769112,0.0,Low Risk
IND110037AAB,3,0,0.0,0.0,0.00020337067692679695,0.0,Low Risk
IND600044AAC,6,0,0.0,0.0,0.00043008763084683403,0.0,Low Risk
IND282001AAC,1,1,0.0,1.0,0.00022474965290224144,0.0,Low Risk
IND282001AAA,3,6,0.0,1.0,0.0007497760670460976,0.0,Low Risk
IND250002AAC,2,0,0.0,0.0,0.000978926387166537,0.0,Low Risk
IND226004AAC,1,0,0.0,0.0,0.00021114082558680716,0.0,Low Risk
IND201301AAD,1,1,0.0,0.0,0.0003019727411915095,0.0,Low Risk
IND110035AAC,2,2,0.0,0.0,0.0003692561500203505,0.0,Low Risk
IND110020AAB,1,1,0.0,0.0,0.0002914381328925622,0.0,Low Risk
IND796009AAA,1,2,0.0,0.0,0.000802792977903005,0.0,Low Risk
IND793150AAA,1,0,0.0,0.0,0.000211737150634677,0.0,Low Risk
IND457001AAA,2,4,0.0004003020976737118,0.3333333333333333,0.00022412632918316207,0.0,Low Risk
IND454001AAA,0,2,0.0,0.0,0.00012114567835132603,0.0,Low Risk
IND443301AAA,1,1,0.00040105809785817586,0.0,0.0004037720793725974,0.0,Low Risk
IND443201AAA,1,1,0.00039916809739701573,0.0,0.0004644129061425813,0.0,Low Risk
IND445001AAB,1,0,0.0,0.0,0.00031167483198985826,0.0,Low Risk
IND470113AAA,2,2,7.56000184464045e-07,0.5,0.0003482991606399196,0.0,Low Risk
IND465333AAA,2,1,0.0,1.0,0.0003100615415005594,0.0,Low Risk
IND815351AAA,1,2,0.0008017381956241196,0.0,0.0005029737562966528,0.0,Low Risk
IND814133AAA,1,1,0.0,0.0,0.00022906060707206276,0.0,Low Risk
IND814112AAA,2,3,0.00040105809785817586,0.3333333333333333,0.00039252268319929024,0.0,Low Risk
IND816107AAA,2,2,0.0007979581947017995,0.0,0.0005877140771373108,0.0,Low Risk
IND813203AAA,2,0,0.0,0.0,0.00031167483198985826,0.0,Low Risk
IND811307AAA,0,2,0.0,1.0,0.00012114567835132603,0.0,Low Risk
IND813213AAA,2,0,0.0,1.0,0.00038163135346128927,0.0,Low Risk
IND000000AFJ,1,1,7.56000184464045e-07,1.0,0.000300548984533104,0.0,Low Risk
IND673632AAA,3,5,0.0024123965886247677,0.06666666666666667,0.0007943474946804339,0.0,Low Risk
IND144514AAA,1,2,0.0004006800977659438,1.0,0.00034183648214442815,0.0,Low Risk
IND000000AAZ,2,2,0.001598184389956991,0.3333333333333333,0.0010684707594173963,0.0,Low Risk
IND110095AAB,2,1,0.0,0.0,0.0003792194690037112,0.0,Low Risk
IND110092AAC,3,3,0.0004014360979504079,0.3333333333333333,0.00041739156495094543,0.0,Low Risk
IND110085AAB,7,7,0.0024010565858578066,0.06666666666666667,0.0010564384927306749,0.0,Low Risk
IND841428AAA,2,0,0.0,1.0,0.00048325003966610445,0.0,Low Risk
IND841226AAB,2,1,7.56000184464045e-07,0.3333333333333333,0.0003505677636890203,0.0,Low Risk
IND841207AAB,3,0,0.0,0.0,0.00032710698001499805,0.0,Low Risk
IND841101AAA,0,2,0.0,0.0,0.00012114567835132603,0.0,Low Risk
IND000000ABA,2,2,0.00040105809785817586,1.0,0.00040472878571252584,0.0,Low Risk
IND844101AAB,0,1,0.0,0.0,0.00012114567835132603,0.0,Low Risk
IND854311AAA,3,5,0.002001510488368559,0.6666666666666666,0.0003349075171062369,0.0,Low Risk
IND852118AAA,3,2,0.0007956901941484074,0.6666666666666666,0.00026366073787641777,0.0,Low Risk
IND000000AAQ,0,1,0.0,0.0,0.00012114567835132603,0.0,Low Risk
IND851112AAB,1,0,0.0,0.0,0.00018614128188825253,0.0,Low Risk
IND147301AAA,1,2,0.0004006800977659438,1.0,0.00032893058718576725,0.0,Low Risk
IND441107AAB,1,0,0.0,0.0,0.00031167483198985826,0.0,Low Risk
IND481001AAA,1,0,0.0,0.0,0.00022412632918316207,0.0,Low Risk
IND442605AAA,2,1,0.0,1.0,0.0011423894639893933,0.0,Low Risk
IND122015AAC,2,0,0.0,0.0,0.0004103322503044488,0.0,Low Risk
IND815301AAA,1,2,0.0,0.6666666666666666,0.000342008600393274,0.0,Low Risk
IND843109AAB,2,2,0.00040105809785817586,1.0,0.0006874502670364169,0.0,Low Risk
IND841424AAA,0,2,0.0,1.0,0.00012114567835132603,0.0,Low Risk
IND841405AAA,0,1,0.0,0.0,0.00012114567835132603,0.0,Low Risk
IND841301AAC,1,1,7.56000184464045e-07,0.0,0.00022412632918316207,0.0,Low Risk
IND110043AAC,2,1,0.0,0.0,0.00038900096252496974,0.0,Low Risk
IND110030AAD,5,2,0.0,1.0,0.00046971327570103293,0.0,Low Risk
IND301705AAA,2,1,0.0012012842931133675,0.3333333333333333,0.0004019519870449052,0.0,Low Risk
IND501359AAF,4,0,0.0,0.0,0.0005176361336535302,0.0,Low Risk
IND124112AAA,2,4,0.0,0.8333333333333334,0.00041921304290494743,0.0,Low Risk
IND110024AAA,4,2,0.0004018140980426399,0.3333333333333333,0.00165207980725733,0.0,Low Risk
IND444303AAA,1,1,0.0,1.0,0.0004837229609082899,0.0,Low Risk
