source_center_raw,destination_center_raw,route_type,time_of_day,median_delay_ratio,p90_delay_ratio,total_trips
IND000000AAL,IND411033AAA,Carting,Afternoon,2.64,4.505833333333334,7
IND000000AAL,IND411033AAA,Carting,Evening,2.416666666666667,3.3916666666666666,4
IND000000AAL,IND411033AAA,Carting,Morning,3.3846153846153846,3.3846153846153846,1
IND000000AAL,IND411033AAA,Carting,Night,2.0182608695652173,2.0676521739130433,2
IND000000AAQ,IND700028AAB,Carting,Night,6.071428571428571,7.1571428571428575,2
IND000000AAS,IND783370AAC,FTL,Morning,1.7666666666666666,2.6866666666666665,5
IND000000AAS,IND783370AAC,FTL,Night,2.3703703703703702,2.5274074074074075,3
IND000000AAZ,IND444203AAA,FTL,Evening,6.020833333333333,6.020833333333333,1
IND000000AAZ,IND444303AAA,FTL,Evening,4.0,4.0,1
IND000000ABA,IND683565AAA,Carting,Afternoon,0.9047619047619048,0.9047619047619048,1
IND000000ABA,IND683565AAA,Carting,Evening,1.0952380952380953,1.5728937728937729,3
IND000000ABD,IND562132AAA,FTL,Afternoon,1.6729595977161407,2.035135135135135,6
IND000000ABD,IND562132AAA,FTL,Evening,1.7324324324324323,1.8232432432432433,2
IND000000ABG,IND501359AAF,Carting,Afternoon,7.212301587301587,9.474074074074075,8
IND000000ACA,IND140406AAA,FTL,Night,1.837837837837838,1.837837837837838,1
IND000000ACA,IND142001AAB,FTL,Afternoon,1.6503172924378635,1.973684210526316,8
IND000000ACA,IND142401AAA,FTL,Night,1.8421052631578947,4.172413793103448,11
IND000000ACA,IND143001AAA,FTL,Afternoon,1.7027027027027026,1.7027027027027026,1
IND000000ACA,IND144001AAB,FTL,Afternoon,1.6041666666666667,2.085557299843014,15
IND000000ACA,IND144001AAB,FTL,Evening,1.6122448979591837,1.6122448979591837,1
IND000000ACA,IND144514AAA,FTL,Night,1.8095238095238095,2.8952380952380956,9
IND000000ACA,IND147301AAA,FTL,Night,1.7037037037037037,2.8704704704704707,3
IND000000ACA,IND152026AAA,FTL,Afternoon,1.5299145299145298,1.5299145299145298,1
IND000000ACA,IND160002AAC,Carting,Night,1.8309859154929577,1.8309859154929577,1
IND000000ACA,IND160002AAC,FTL,Afternoon,2.1774193548387095,2.726169922762381,23
IND000000ACA,IND160002AAC,FTL,Evening,1.9838709677419355,2.3521931589537224,9
IND000000ACA,IND160002AAC,FTL,Morning,1.9919354838709677,2.36815668202765,22
IND000000ACB,IND000000AEL,Carting,Afternoon,1.9048859126984126,1.9684771825396825,2
IND000000ACB,IND000000AEL,Carting,Evening,1.9672131147540983,2.1998942358540456,3
IND000000ACB,IND000000AEL,Carting,Night,1.5952380952380953,3.802611367127496,14
IND000000ACB,IND110024AAA,Carting,Afternoon,2.014705882352941,2.4150623885918003,3
IND000000ACB,IND110030AAD,Carting,Afternoon,1.58,2.3883921568627446,19
IND000000ACB,IND110030AAD,Carting,Evening,1.8076923076923077,2.0735384615384618,3
IND000000ACB,IND110030AAD,Carting,Night,1.7254901960784315,3.2989441930618404,3
IND000000ACB,IND110037AAK,Carting,Evening,2.013157894736842,3.3929587482219072,20
IND000000ACB,IND110037AAK,Carting,Night,1.6667852062588904,1.990688259109312,14
IND000000ACB,IND110043AAA,Carting,Afternoon,1.6756756756756757,2.581081081081081,12
IND000000ACB,IND110043AAA,Carting,Evening,1.725,1.725,1
IND000000ACB,IND110043AAA,Carting,Night,2.3846153846153846,3.1025641025641026,2
IND000000ACB,IND110043AAC,Carting,Afternoon,2.6636363636363636,3.209090909090909,2
IND000000ACB,IND110043AAC,Carting,Night,1.8655844155844157,1.9454545454545455,4
IND000000ACB,IND110052AAA,Carting,Evening,1.4782608695652173,1.4782608695652173,1
IND000000ACB,IND110064AAA,Carting,Afternoon,1.6551724137931034,2.43062536528346,17
IND000000ACB,IND110064AAA,Carting,Evening,1.25,1.5344827586206897,11
IND000000ACB,IND110064AAA,Carting,Night,2.2878100423472474,2.5035087719298246,12
IND000000ACB,IND110085AAB,Carting,Afternoon,1.5783936651583712,1.944640605296343,16
IND000000ACB,IND110085AAB,Carting,Evening,1.6201600692191218,1.7568678347393467,2
IND000000ACB,IND110085AAB,Carting,Night,2.3043478260869565,2.6148494983277595,4
IND000000ACB,IND110092AAC,Carting,Afternoon,1.6575342465753424,1.6575342465753424,1
IND000000ACB,IND110092AAC,Carting,Evening,1.527027027027027,1.7216216216216216,2
IND000000ACB,IND110095AAB,Carting,Evening,1.0980006835269993,1.3087792207792208,12
IND000000ACB,IND110095AAB,Carting,Night,3.2658227848101267,4.201913875598086,14
IND000000ACB,IND121002AAB,Carting,Afternoon,2.5384615384615383,3.024615384615385,13
IND000000ACB,IND121002AAB,Carting,Evening,1.6323529411764706,1.835820895522388,21
IND000000ACB,IND121002AAB,Carting,Morning,2.353846153846154,2.353846153846154,1
IND000000ACB,IND121002AAB,Carting,Night,2.0,3.313846153846154,13
IND000000ACB,IND121004AAB,Carting,Evening,1.7121212121212122,1.8017992424242424,13
IND000000ACB,IND121004AAB,Carting,Night,2.0757575757575757,2.303030303030303,11
IND000000ACB,IND122001AAA,Carting,Afternoon,2.1,3.2657142857142833,10
IND000000ACB,IND122001AAA,Carting,Evening,1.3235294117647058,1.4075630252100841,3
IND000000ACB,IND122001AAA,Carting,Morning,1.9714285714285715,2.3707563025210083,3
IND000000ACB,IND122001AAA,Carting,Night,1.6470588235294117,2.299547511312217,27
IND000000ACB,IND122015AAC,Carting,Morning,2.1470588235294117,2.1470588235294117,1
IND000000ACB,IND122015AAC,Carting,Night,2.742857142857143,2.742857142857143,1
IND000000ACB,IND124103AAA,FTL,Evening,1.9565217391304348,2.4489795918367347,11
IND000000ACB,IND124112AAA,FTL,Morning,2.8666666666666667,2.8666666666666667,1
IND000000ACB,IND124112AAA,FTL,Night,2.17341647116928,2.6487857919536064,4
IND000000ACB,IND125001AAA,FTL,Afternoon,1.7827342047930284,1.8795098039215685,2
IND000000ACB,IND125001AAA,FTL,Morning,1.944112769485904,2.7723880597014925,6
IND000000ACB,IND125001AAA,FTL,Night,2.296559682267067,2.4669117647058822,6
IND000000ACB,IND125005AAA,FTL,Afternoon,1.9411764705882353,2.142309368191721,3
IND000000ACB,IND125033AAA,FTL,Night,2.2416666666666667,2.2416666666666667,1
IND000000ACB,IND127021AAA,FTL,Evening,1.926042604260426,2.0094509450945095,2
IND000000ACB,IND131028AAB,Carting,Afternoon,1.8214285714285714,2.5509191176470587,12
IND000000ACB,IND131028AAB,Carting,Evening,2.3958333333333335,4.431958762886598,10
IND000000ACB,IND131028AAB,Carting,Morning,1.9183673469387754,2.4233260439446007,18
IND000000ACB,IND131028AAB,Carting,Night,2.0736842105263156,2.727188194865575,39
IND000000ACB,IND160002AAC,FTL,Afternoon,2.781990521327014,3.7775248648287834,4
IND000000ACB,IND160002AAC,FTL,Evening,2.1396675651392636,2.3956384691048913,12
IND000000ACB,IND160002AAC,FTL,Morning,2.263608666215301,3.814144236787983,14
IND000000ACB,IND160002AAC,FTL,Night,2.194312796208531,3.2137375237512837,18
IND000000ACB,IND201001AAC,Carting,Afternoon,1.978021978021978,1.978021978021978,1
IND000000ACB,IND201001AAC,Carting,Evening,1.8516483516483517,1.8912087912087912,2
IND000000ACB,IND201001AAC,Carting,Night,1.8461538461538463,1.8461538461538463,1
IND000000ACB,IND201007AAA,Carting,Afternoon,1.7148302148302148,1.8456687456687455,2
IND000000ACB,IND201007AAA,Carting,Evening,1.209501025290499,1.2524265208475733,2
IND000000ACB,IND201007AAA,Carting,Night,1.7221112221112223,2.4475524475524475,4
IND000000ACB,IND201301AAF,Carting,Afternoon,1.6730769230769231,1.8833333333333333,2
IND000000ACB,IND201301AAF,Carting,Evening,1.1891613924050635,1.250490506329114,2
IND000000ACB,IND201301AAF,Carting,Night,2.2125,2.526710526315789,3
IND000000ACB,IND201301AAM,Carting,Afternoon,3.3902439024390243,3.95609756097561,7
IND000000ACB,IND201301AAM,Carting,Evening,2.5088183421516757,2.7094444444444443,12
IND000000ACB,IND201301AAM,Carting,Night,2.5632130020315675,3.182981715893108,10
IND000000ACB,IND209304AAA,FTL,Evening,2.24375,2.3738317757009346,5
IND000000ACB,IND209304AAA,FTL,Night,2.4625000000000004,2.5140624999999996,6
IND000000ACB,IND282002AAD,FTL,Morning,1.9047606268784887,2.223433503836317,8
IND000000ACB,IND301001AAB,FTL,Afternoon,1.7142857142857144,2.5633062589584332,4
IND000000ACB,IND301001AAB,FTL,Morning,1.6382978723404256,1.6382978723404256,1
IND000000ACB,IND301705AAA,FTL,Evening,3.75,3.75,1
IND000000ACB,IND302014AAA,FTL,Afternoon,1.906512418949084,2.0712433121921836,2
IND000000ACB,IND302014AAA,FTL,Morning,1.8938217890706577,2.0047619047619047,10
IND000000ACB,IND302014AAA,FTL,Night,1.8095238095238095,2.1149700598802395,13
IND000000ACB,IND302022AAD,FTL,Afternoon,1.78698224852071,1.78698224852071,1
IND000000ACB,IND302022AAD,FTL,Evening,1.688622754491018,1.7988023952095809,12
IND000000ACB,IND328001AAA,FTL,Morning,1.736040609137056,1.8744808491001386,3
IND000000ACB,IND382430AAB,FTL,Afternoon,1.7876386687797148,1.7876386687797148,1
IND000000ACB,IND382430AAB,FTL,Evening,1.8900316455696202,2.0110759493670884,10
IND000000ACB,IND382430AAB,FTL,Night,1.860759493670886,1.860759493670886,1
IND000000ACB,IND390022AAA,FTL,Evening,1.7939580802890156,2.015107913669065,6
IND000000ACB,IND390022AAA,FTL,Night,1.7525179856115107,1.7766906474820146,3
IND000000ACB,IND411033AAA,FTL,Evening,1.7648809523809523,1.8492299463558135,19
IND000000ACB,IND421302AAG,FTL,Afternoon,1.9086188992731048,1.9402286902286903,8
IND000000ACB,IND421302AAG,FTL,Evening,1.904465212876428,1.904465212876428,1
IND000000ACB,IND421302AAG,FTL,Morning,1.9709198237695646,2.216864225298708,16
IND000000ACB,IND462022AAA,FTL,Evening,1.7023809523809523,1.7023809523809523,1
IND000000ACB,IND462022AAA,FTL,Night,1.850085178875639,1.901528013582343,11
IND000000ACB,IND474003AAA,FTL,Morning,4.475174978127734,6.299759405074366,2
IND000000ACB,IND501359AAE,FTL,Afternoon,2.085763293310463,2.141444504155655,3
IND000000ACB,IND501359AAE,FTL,Evening,1.9128755364806866,2.3014944180682475,18
IND000000ACB,IND501359AAE,FTL,Night,1.9186034387556097,2.0375290601373686,4
IND000000ACB,IND521225AAB,FTL,Night,1.9469992205767732,2.0331484685731938,10
IND000000ACB,IND562132AAA,FTL,Afternoon,2.0847457627118646,2.0847457627118646,1
IND000000ACB,IND562132AAA,FTL,Evening,1.8712527252906976,1.9508660368217055,32
IND000000ACB,IND562132AAA,FTL,Morning,1.824629271437782,2.0321045304400984,17
IND000000ACB,IND562132AAA,FTL,Night,1.8205293737895416,1.8205293737895416,1
IND000000ACB,IND600056AAB,FTL,Morning,1.8577639751552795,2.030183098808625,7
IND000000ACB,IND600056AAB,FTL,Night,1.8630764426246573,2.5385912071897017,4
IND000000ACB,IND712311AAA,FTL,Afternoon,2.1934055118110236,2.3545946275520873,12
IND000000ACB,IND712311AAA,FTL,Evening,2.0256410256410255,2.258013765978368,13
IND000000ACB,IND712311AAA,FTL,Night,1.8651574803149606,2.3733990147783253,11
IND000000ACB,IND751002AAB,FTL,Night,2.0403087478559176,2.101113967437875,11
IND000000ACB,IND821115AAB,FTL,Night,2.0510835913312695,2.2096410678482736,13
IND000000ACB,IND834002AAB,FTL,Night,1.8895417156286722,2.081551116333725,13
IND000000ACB,IND842001AAA,FTL,Morning,2.0217391304347827,2.079485536703193,7
IND000000ACB,IND842001AAA,FTL,Night,2.04400493598982,2.1633649932157395,8
IND000000ACK,IND501359AAF,Carting,Afternoon,3.1500000000000004,4.429285714285714,24
IND000000ACN,IND501359AAF,Carting,Afternoon,2.3888888888888893,7.055555555555555,6
IND000000ACN,IND501359AAF,Carting,Evening,3.1666666666666665,4.777777777777778,5
IND000000ACT,IND000000ACB,Carting,Afternoon,4.073170731707317,4.073170731707317,1
IND000000ACT,IND000000ACB,Carting,Evening,1.54125138427464,2.0718346253229973,6
IND000000ACT,IND000000ACB,Carting,Morning,1.8786324786324786,2.898184912081679,6
IND000000ACT,IND000000ACB,Carting,Night,1.6943521594684385,2.6530583214793744,18
IND000000ACT,IND000000ACB,FTL,Evening,1.2093023255813953,1.6511627906976745,41
IND000000ACT,IND000000ACB,FTL,Night,1.1946428571428571,1.2392857142857143,4
IND000000ACT,IND131028AAB,Carting,Afternoon,1.6724137931034482,2.2222222222222223,11
IND000000ACT,IND131028AAB,Carting,Evening,1.6587662337662339,1.8859744990892529,10
IND000000ACT,IND131028AAB,Carting,Morning,2.0689655172413794,2.292196007259528,7
IND000000ACT,IND131028AAB,Carting,Night,1.342835130970724,1.3819722650231125,4
IND000000ACT,IND160002AAC,FTL,Night,2.0264550264550265,2.2452952554329273,17
IND000000ADV,IND600044AAC,Carting,Afternoon,2.054054054054054,2.632432432432433,7
IND000000ADV,IND600044AAC,Carting,Evening,2.0152916073968705,2.1810810810810812,4
IND000000AEL,IND000000ACB,Carting,Afternoon,1.8305084745762712,1.8305084745762712,1
IND000000AEL,IND000000ACB,Carting,Evening,1.8362068965517242,2.372758620689655,10
IND000000AEL,IND000000ACB,Carting,Morning,6.047186932849364,9.588384754990924,2
IND000000AEL,IND000000ACB,Carting,Night,2.0508474576271185,2.2135593220338987,2
IND000000AEM,IND110037AAB,Carting,Evening,2.9511904761904764,3.7502380952380956,2
IND000000AEM,IND110037AAB,Carting,Morning,4.904761904761905,5.233583959899749,3
IND000000AEM,IND110037AAB,Carting,Night,7.023809523809524,8.242857142857142,2
IND000000AEM,IND110064AAB,Carting,Morning,1.7272727272727273,1.8145454545454547,2
IND000000AEM,IND110064AAB,Carting,Night,2.0287524366471734,2.309090909090909,6
IND000000AET,IND000000AAS,FTL,Morning,2.4646938775510203,2.526530612244898,4
IND000000AET,IND000000AAS,FTL,Night,2.3958333333333335,2.513949275362319,3
IND000000AFF,IND734203AAA,FTL,Morning,4.473684210526316,4.852631578947369,2
IND000000AFG,IND673027AAB,FTL,Afternoon,1.826086956521739,1.826086956521739,1
IND000000AFG,IND673632AAA,FTL,Evening,2.6041666666666665,2.6041666666666665,1
IND000000AFJ,IND695121AAA,Carting,Night,1.0976923076923077,1.253846153846154,18
IND000000AFR,IND683511AAA,Carting,Afternoon,2.453125,2.590625,2
IND000000AFR,IND683511AAA,Carting,Evening,1.9303030303030302,3.016544117647059,6
IND000000AFT,IND400072AAB,Carting,Evening,1.9236842105263157,2.0157894736842104,8
IND000000AFT,IND400701AAA,Carting,Night,2.9473684210526314,2.9473684210526314,1
IND000000AFT,IND400706AAA,Carting,Night,3.511111111111111,4.88,2
IND000000AFT,IND410206AAA,Carting,Morning,3.066666666666667,3.066666666666667,1
IND000000AFT,IND410206AAA,Carting,Night,6.05,6.05,1
IND000000AFT,IND410209AAA,Carting,Morning,2.25,2.565714285714286,13
IND000000AFT,IND410209AAA,Carting,Night,2.3452380952380953,3.870000000000001,18
IND000000AFT,IND410210AAA,Carting,Night,2.875,3.8461538461538463,11
IND000000AFT,IND421302AAG,Carting,Evening,2.147869674185464,11.0,6
IND000000AFT,IND421302AAG,Carting,Morning,3.4297619047619046,3.7335714285714285,2
IND000000AFT,IND421302AAG,Carting,Night,3.590909090909091,4.427272727272728,3
IND110014AAA,IND110024AAA,Carting,Morning,3.4642857142857144,4.2023809523809526,6
IND110014AAA,IND110024AAA,Carting,Night,3.3636363636363638,3.936363636363637,4
IND110020AAB,IND110037AAM,Carting,Morning,2.739130434782609,4.656916996047431,3
IND110024AAA,IND110014AAA,Carting,Morning,2.928571428571429,3.2142857142857144,2
IND110024AAA,IND110014AAA,Carting,Night,1.7142857142857142,1.9428571428571428,3
IND110030AAD,IND000000ACB,Carting,Morning,6.4222222222222225,8.059954648526077,3
IND110030AAD,IND000000ACB,Carting,Night,1.6595744680851063,3.0456403838130996,3
IND110035AAC,IND110037AAM,Carting,Evening,1.7276315789473684,2.029736842105263,2
IND110035AAC,IND110037AAM,Carting,Morning,1.6666666666666667,1.6666666666666667,1
IND110037AAK,IND000000ACB,Carting,Evening,1.610323886639676,2.215718349928876,10
IND110037AAK,IND000000ACB,Carting,Morning,2.1924812030075187,2.472781954887218,2
IND110037AAK,IND000000ACB,Carting,Night,2.918918918918919,10.395957446808513,25
IND110037AAM,IND000000ACB,FTL,Night,1.5424418604651162,1.7712624584717607,10
IND110037AAM,IND110020AAB,Carting,Morning,3.4615384615384617,4.860307692307693,7
IND110037AAM,IND110024AAA,Carting,Night,2.6243478260869564,2.8,10
IND110037AAM,IND110035AAC,Carting,Evening,1.852870813397129,3.6315789473684212,16
IND110037AAM,IND110035AAC,Carting,Morning,3.1904761904761907,6.441958041958042,15
IND110037AAM,IND110064AAA,Carting,Night,5.39375,7.95875,2
IND110037AAM,IND110085AAB,Carting,Night,1.9583333333333335,3.528535980148886,18
IND110037AAM,IND110092AAC,Carting,Night,2.193548387096774,2.193548387096774,1
IND110037AAM,IND121004AAB,Carting,Afternoon,2.64,4.24010989010989,9
IND110037AAM,IND121004AAB,Carting,Evening,1.6,1.895111111111111,9
IND110037AAM,IND121004AAB,Carting,Night,3.0384615384615383,4.259999999999999,19
IND110037AAM,IND125001AAA,FTL,Night,4.015037593984962,4.015037593984962,1
IND110037AAM,IND131028AAB,Carting,Morning,2.210526315789474,2.210526315789474,1
IND110037AAM,IND201001AAC,Carting,Evening,2.8043478260869565,2.8043478260869565,1
IND110037AAM,IND201001AAC,Carting,Night,1.7755102040816326,2.499102040816327,3
IND110037AAM,IND201007AAA,Carting,Night,2.4411764705882355,2.8982239382239383,5
IND110037AAM,IND201301AAD,Carting,Morning,3.6756756756756754,4.389189189189189,2
IND110037AAM,IND201301AAF,Carting,Night,2.2051282051282053,2.5794871794871796,4
IND110037AAM,IND202001AAB,FTL,Afternoon,1.697674418604651,1.883613595706619,9
IND110037AAM,IND202001AAB,FTL,Morning,1.9692307692307693,2.1453365384615384,7
IND110037AAM,IND202001AAB,FTL,Night,1.8549031121550206,1.958672930123312,2
IND110037AAM,IND209304AAA,FTL,Afternoon,2.1488095238095237,2.1488095238095237,1
IND110037AAM,IND209304AAA,FTL,Evening,1.995665385646617,2.0757797837161496,2
IND110037AAM,IND209304AAA,FTL,Morning,2.108108108108108,2.108108108108108,1
IND110037AAM,IND209304AAA,FTL,Night,2.0866035785571713,2.382773631840796,16
IND110037AAM,IND226004AAC,FTL,Evening,1.8293333333333333,1.8293333333333333,1
IND110037AAM,IND250002AAC,FTL,Afternoon,1.175257731958763,1.175257731958763,1
IND110037AAM,IND250002AAC,FTL,Evening,16.26086956521739,16.26086956521739,1
IND110037AAM,IND282001AAA,FTL,Morning,2.0135135135135136,3.3854841596563454,3
IND110037AAM,IND282001AAC,FTL,Morning,2.1059602649006623,2.1059602649006623,1
IND110037AAM,IND282002AAD,FTL,Afternoon,1.966887417218543,1.966887417218543,1
IND110037AAM,IND421302AAG,FTL,Night,1.9914744232698096,2.293895199110846,14
IND110037AAM,IND781018AAB,FTL,Night,2.5083459787556905,2.5083459787556905,1
IND110037AAM,IND811399AAA,FTL,Evening,2.324324324324324,4.300584795321638,9
IND110039AAA,IND110085AAB,Carting,Morning,3.125,3.125,1
IND110039AAA,IND110085AAB,Carting,Night,6.428571428571429,6.428571428571429,1
IND110043AAA,IND000000ACB,Carting,Morning,6.0875,8.1175,2
IND110043AAA,IND000000ACB,Carting,Night,3.1960526315789473,4.6792105263157895,2
IND110043AAA,IND110078AAA,Carting,Morning,1.6978260869565216,2.617272727272727,10
IND110043AAA,IND110078AAA,Carting,Night,1.880952380952381,2.85,14
IND110043AAC,IND000000ACB,Carting,Night,1.6206896551724137,1.6206896551724137,1
IND110044AAB,IND000000ACB,Carting,Afternoon,1.6071428571428572,2.780037017451084,14
IND110044AAB,IND000000ACB,Carting,Evening,1.6833333333333333,1.9672131147540983,21
IND110044AAB,IND000000ACB,Carting,Morning,2.083356487913309,2.5151430953042513,10
IND110044AAB,IND000000ACB,Carting,Night,1.7,1.9144262295081966,13
IND110044AAB,IND110030AAD,Carting,Evening,1.6523809523809523,1.9857142857142858,12
IND110044AAB,IND110030AAD,Carting,Night,1.4666666666666666,2.12,9
IND110044AAB,IND110037AAM,Carting,Night,2.143809523809524,2.220761904761905,2
IND110044AAB,IND131028AAB,Carting,Afternoon,2.152031930333817,2.761538461538462,18
IND110044AAB,IND131028AAB,Carting,Evening,1.3495475113122173,1.4122004357298474,10
IND110044AAB,IND131028AAB,Carting,Night,1.3888888888888888,1.9700854700854702,3
IND110044AAB,IND201007AAA,Carting,Evening,2.8260869565217392,4.670454545454545,6
IND110044AAB,IND201007AAA,Carting,Night,2.142857142857143,2.306832298136646,3
IND110044AAB,IND201301AAF,Carting,Afternoon,1.3333333333333333,1.3333333333333333,1
IND110044AAB,IND201301AAF,Carting,Evening,2.5357142857142856,4.921428571428572,8
IND110044AAB,IND201301AAF,Carting,Night,1.2857142857142858,1.2857142857142858,1
IND110052AAA,IND000000ACB,Carting,Evening,1.9461538461538461,2.59375,6
IND110052AAA,IND000000ACB,Carting,Night,1.8870967741935485,1.8870967741935485,1
IND110064AAA,IND000000ACB,Carting,Evening,6.9245283018867925,6.9245283018867925,1
IND110064AAA,IND000000ACB,Carting,Morning,12.314814814814815,13.283744557329463,17
IND110064AAA,IND000000ACB,Carting,Night,1.3269230769230769,1.8863247863247863,17
IND110064AAA,IND110005AAA,Carting,Night,2.6538461538461537,2.9307692307692306,2
IND110064AAA,IND110046AAA,Carting,Morning,3.0,3.0,1
IND110077AAA,IND110043AAA,Carting,Night,1.3333333333333333,1.3333333333333333,1
IND110078AAA,IND110043AAA,Carting,Morning,3.666666666666667,3.880952380952381,6
IND110078AAA,IND110043AAA,Carting,Night,2.4,4.472857142857143,5
IND110083AAA,IND110085AAB,Carting,Night,2.9411764705882355,2.9411764705882355,1
IND110085AAB,IND000000ACB,Carting,Morning,4.13054435483871,5.860584677419355,4
IND110085AAB,IND000000ACB,Carting,Night,2.1875,2.596230158730159,3
IND110085AAB,IND110039AAA,Carting,Morning,2.3333333333333335,2.3333333333333335,1
IND110085AAB,IND110039AAA,Carting,Night,1.1339285714285714,1.1410714285714285,2
IND110085AAB,IND110083AAA,Carting,Night,4.0,4.213333333333333,3
IND110085AAB,IND110085AAA,Carting,Afternoon,2.076923076923077,2.076923076923077,1
IND110085AAB,IND110087AAA,Carting,Morning,2.6923076923076925,3.246153846153846,2
IND110092AAC,IND000000ACB,Carting,Morning,2.3529411764705883,2.8010230179028133,3
IND110092AAC,IND000000ACB,Carting,Night,1.9411764705882353,2.223529411764706,3
IND110092AAC,IND110093AAA,Carting,Night,3.25,3.25,1
IND110095AAB,IND000000ACB,Carting,Night,1.5211267605633803,1.5211267605633803,1
IND121001AAA,IND121004AAB,Carting,Morning,1.9045454545454545,4.772727272727273,14
IND121001AAA,IND121004AAB,Carting,Night,1.8181818181818181,3.758333333333333,8
IND121002AAA,IND121004AAB,Carting,Night,19.083333333333332,19.083333333333332,1
IND121002AAB,IND000000ACB,Carting,Afternoon,1.5903225806451613,1.5980645161290323,2
IND121002AAB,IND000000ACB,Carting,Evening,2.582089552238806,3.321031207598372,7
IND121002AAB,IND000000ACB,Carting,Morning,2.046875,8.753990384615385,3
IND121002AAB,IND000000ACB,Carting,Night,2.0246494798733607,4.187692307692307,10
IND121004AAA,IND121004AAB,Carting,Morning,1.9375,1.9375,1
IND121004AAA,IND121004AAB,Carting,Night,2.5,4.066666666666666,5
IND121004AAB,IND000000ACB,Carting,Morning,1.7936507936507937,2.052667187093417,15
IND121004AAB,IND000000ACB,Carting,Night,1.8384615384615386,3.9953846153846153,14
IND121004AAB,IND110037AAM,Carting,Evening,2.3333333333333335,2.866025641025641,13
IND121004AAB,IND110037AAM,Carting,Morning,2.7435897435897436,3.4518518518518517,10
IND121004AAB,IND121001AAA,Carting,Morning,1.5505050505050506,1.9812500000000002,14
IND121004AAB,IND121001AAA,Carting,Night,1.8888888888888888,2.2239316239316236,3
IND121004AAB,IND121002AAA,Carting,Night,2.909090909090909,2.909090909090909,1
IND121004AAB,IND121004AAA,Carting,Morning,1.8,2.6182692307692306,9
IND121004AAB,IND121004AAA,Carting,Night,1.7211538461538463,2.1799999999999997,8
IND121004AAB,IND121004AAC,Carting,Morning,1.7692307692307692,2.1615384615384614,5
IND121004AAB,IND121004AAC,Carting,Night,3.846153846153846,5.446153846153846,2
IND121004AAB,IND121102AAA,Carting,Morning,1.9375,2.7142857142857144,17
IND121004AAB,IND121102AAA,Carting,Night,1.6071428571428572,2.6835978835978835,17
IND121004AAC,IND121004AAB,Carting,Morning,3.316742081447964,4.6162895927601815,2
IND121004AAC,IND121004AAB,Carting,Night,3.25,8.403846153846153,3
IND121102AAA,IND121004AAB,Carting,Night,4.2,5.9701970443349754,9
IND122001AAA,IND000000ACB,Carting,Evening,1.7941176470588236,2.423896103896104,17
IND122001AAA,IND110037AAM,Carting,Evening,3.8666666666666667,3.8666666666666667,1
IND122001AAA,IND122001AAD,Carting,Morning,3.3076923076923075,3.3076923076923075,1
IND122001AAA,IND122001AAD,Carting,Night,3.1538461538461537,3.1538461538461537,1
IND122001AAA,IND122050AAA,Carting,Morning,4.724137931034483,4.724137931034483,1
IND122001AAD,IND122050AAA,Carting,Morning,2.5630952380952383,3.775,6
IND122001AAD,IND122050AAA,Carting,Night,1.6021671826625385,1.873374613003096,2
IND122001AAJ,IND507123AAA,FTL,Night,0.7758620689655172,0.8103448275862069,11
IND122002AAD,IND122503AAA,Carting,Morning,2.45,2.45,1
IND122004AAA,IND000000ACB,Carting,Evening,1.6176470588235294,1.6176470588235294,1
IND122004AAA,IND122413AAE,Carting,Afternoon,1.972972972972973,2.654054054054054,9
IND122004AAA,IND122413AAE,Carting,Evening,1.7647058823529411,2.4571428571428573,21
IND122004AAA,IND122413AAE,Carting,Night,1.4545454545454546,1.6898395721925132,5
IND122503AAA,IND122001AAA,Carting,Morning,5.384615384615385,5.384615384615385,1
IND123001AAA,IND123401AAB,FTL,Evening,2.0285714285714285,2.5106060606060607,10
IND123401AAB,IND000000ACB,FTL,Evening,1.8629032258064515,1.9725806451612904,2
IND123401AAB,IND123106AAB,FTL,Evening,1.96,2.0787692307692307,9
IND124001AAB,IND126102AAA,FTL,Evening,2.7906976744186047,3.981395348837209,3
IND124001AAB,IND126102AAA,FTL,Night,1.7727272727272727,1.7727272727272727,1
IND124103AAA,IND127021AAA,FTL,Evening,2.0096153846153846,2.1629172714078377,6
IND124112AAA,IND125001AAA,FTL,Night,2.4545454545454546,2.4545454545454546,1
IND124112AAA,IND125005AAA,FTL,Night,2.466666666666667,2.466666666666667,1
IND124112AAA,IND125033AAA,FTL,Morning,1.5555555555555556,1.5555555555555556,1
IND124112AAA,IND125033AAA,FTL,Night,1.8,1.9324137931034482,3
IND124141AAA,IND000000ACB,FTL,Evening,2.0526315789473686,2.115886075949367,9
IND124507AAA,IND131028AAB,FTL,Night,2.6041666666666665,3.6465838509316773,5
IND124507AAA,IND131028AAE,FTL,Evening,2.7161616161616164,2.9254545454545458,2
IND124507AAA,IND131028AAE,FTL,Night,2.3181818181818183,2.3181818181818183,1
IND125001AAA,IND000000ACB,FTL,Evening,2.014925373134328,2.77921568627451,7
IND125001AAA,IND000000ACB,FTL,Night,2.2222222222222223,2.2222222222222223,1
IND125001AAA,IND110037AAM,FTL,Morning,3.924242424242424,4.306060606060606,2
IND125001AAA,IND110037AAM,FTL,Night,3.6417910447761193,4.928787878787879,7
IND125001AAA,IND125047AAB,FTL,Evening,2.140079365079365,2.1835714285714287,2
IND125001AAA,IND125047AAB,FTL,Night,2.026190476190476,2.1385714285714283,2
IND125001AAA,IND125051AAA,FTL,Evening,3.3492063492063493,3.3492063492063493,1
IND125001AAA,IND335501AAA,FTL,Evening,7.949367088607595,7.949367088607595,1
IND125001AAA,IND335513AAA,FTL,Evening,1.7466666666666666,1.8611849415529578,5
IND125001AAA,IND335523AAB,FTL,Evening,3.1186440677966103,3.1796610169491526,3
IND125001AAA,IND335524AAA,FTL,Evening,1.9024390243902438,2.0902439024390245,5
IND125005AAA,IND000000ACB,FTL,Evening,1.927007299270073,1.991283812795191,3
IND125005AAA,IND000000ACB,FTL,Night,1.854014598540146,1.854014598540146,1
IND125005AAA,IND125047AAB,FTL,Night,2.1714285714285713,2.1754621848739495,3
IND125005AAA,IND335513AAA,FTL,Evening,1.7733333333333334,1.8097002237136466,3
IND125005AAA,IND335523AAB,FTL,Evening,2.6050420168067228,2.6050420168067228,1
IND125005AAA,IND335524AAA,FTL,Evening,1.6818181818181819,1.693939393939394,2
IND125033AAA,IND125001AAA,FTL,Morning,2.3529411764705883,2.3529411764705883,1
IND125033AAA,IND125001AAA,FTL,Night,2.0,2.0,1
IND125033AAA,IND125005AAA,FTL,Night,2.0620915032679736,2.200653594771242,2
IND125047AAB,IND125051AAA,FTL,Evening,2.194705513784461,2.1960839598997497,2
IND125047AAB,IND125051AAA,FTL,Night,2.1551724137931036,2.4060846560846563,7
IND125050AAA,IND125051AAA,FTL,Night,1.8181818181818181,1.8181818181818181,1
IND125051AAA,IND125111AAA,FTL,Night,1.03125,1.0890086206896552,3
IND125104AAA,IND125005AAA,FTL,Evening,2.5871559633027523,2.5871559633027523,1
IND125111AAA,IND125121AAA,FTL,Night,2.4285714285714284,2.4285714285714284,1
IND125121AAA,IND125001AAA,FTL,Night,2.9672413793103445,3.713448275862069,2
IND126102AAA,IND126116AAA,FTL,Evening,2.260869565217391,2.3681159420289855,5
IND126102AAA,IND131301AAA,FTL,Evening,2.085714285714286,2.085714285714286,1
IND126102AAA,IND131301AAA,FTL,Night,2.2285714285714286,2.2285714285714286,1
IND126112AAA,IND131028AAB,FTL,Evening,2.3733333333333335,3.624133993148078,13
IND126116AAA,IND131301AAA,FTL,Evening,2.819672131147541,2.9642678521811616,5
IND127021AAA,IND127201AAA,FTL,Evening,1.8421052631578947,2.1551956815114712,6
IND127201AAA,IND124141AAA,FTL,Evening,2.4375,2.5075,3
IND131021AAA,IND131028AAA,Carting,Afternoon,1.5,2.1840909090909086,8
IND131021AAA,IND131028AAA,Carting,Evening,1.75,2.1090909090909093,9
IND131021AAA,IND131028AAA,Carting,Morning,1.6666666666666667,2.1166666666666667,17
IND131021AAA,IND131028AAA,Carting,Night,1.6916666666666667,2.3333333333333335,16
IND131028AAB,IND000000ACB,Carting,Afternoon,1.8049652850831053,3.2,26
IND131028AAB,IND000000ACB,Carting,Evening,1.9221378187737383,3.5579896907216497,14
IND131028AAB,IND000000ACB,Carting,Morning,1.7040816326530612,2.6712121212121214,14
IND131028AAB,IND000000ACB,Carting,Night,2.176761026991442,3.0349129593810447,14
IND131028AAB,IND110037AAM,Carting,Night,2.5737704918032787,3.0434074074074076,5
IND131028AAB,IND124001AAB,FTL,Evening,1.812937062937063,1.817132867132867,2
IND131028AAB,IND124001AAB,FTL,Night,1.6527777777777777,1.7305555555555556,2
IND131028AAB,IND124507AAA,FTL,Evening,1.7777777777777777,1.7777777777777777,1
IND131028AAB,IND124507AAA,FTL,Night,2.238095238095238,2.933333333333333,5
IND131028AAB,IND132103AAA,FTL,Morning,7.153846153846154,7.153846153846154,1
IND131028AAB,IND132103AAA,FTL,Night,3.5,3.5,1
IND131028AAB,IND136118AAA,FTL,Evening,1.9946808510638299,2.597159464794912,14
IND131028AAB,IND160002AAC,FTL,Evening,1.7751937984496124,2.148062015503876,4
IND131028AAB,IND160002AAC,FTL,Morning,1.7938931297709924,1.8984615384615384,5
IND131028AAB,IND160002AAC,FTL,Night,1.7854374633000587,2.0526416219439474,14
IND131028AAB,IND201204AAA,FTL,Evening,2.101808176100629,2.488297872340426,6
IND131028AAB,IND201204AAA,FTL,Night,2.0,2.0,1
IND131028AAB,IND244001AAA,FTL,Morning,1.7106918238993711,2.9700925817414743,5
IND131028AAB,IND244001AAA,FTL,Night,2.1474358974358974,3.783836477987421,9
IND131028AAB,IND244235AAA,FTL,Morning,1.712,2.5040983606557377,18
IND131028AAB,IND247667AAA,FTL,Afternoon,1.8927286742034943,2.0509733389758784,4
IND131028AAB,IND247667AAB,FTL,Afternoon,1.9,2.052867420349435,13
IND131028AAB,IND248001AAA,FTL,Afternoon,1.7934272300469485,1.8460093896713614,2
IND131028AAB,IND248001AAD,FTL,Afternoon,1.8726415094339623,1.8726415094339623,1
IND131028AAB,IND249407AAA,FTL,Afternoon,1.8666666666666667,1.8666666666666667,1
IND131028AAB,IND250002AAA,FTL,Night,1.8082191780821917,1.8082191780821917,1
IND131028AAB,IND250609AAA,FTL,Night,2.9545454545454546,2.9545454545454546,1
IND131028AAB,IND250611AAA,FTL,Night,3.3142857142857145,3.6184126984126985,3
IND131028AAB,IND251001AAA,FTL,Afternoon,1.9690721649484537,2.06530612244898,7
IND131028AAB,IND251001AAA,FTL,Morning,1.7731958762886597,1.7731958762886597,1
IND131028AAE,IND124507AAA,FTL,Evening,1.7333333333333334,1.7333333333333334,1
IND131301AAA,IND131028AAB,FTL,Night,3.0358974358974358,3.1671794871794874,2
IND132001AAA,IND131028AAB,FTL,Night,3.664473684210526,5.196052631578947,2
IND132001AAA,IND132103AAA,FTL,Evening,3.1470588235294117,3.1470588235294117,1
IND132001AAA,IND132103AAB,FTL,Night,16.62962962962963,16.62962962962963,1
IND132103AAA,IND131028AAB,FTL,Afternoon,2.913793103448276,3.8943865276663994,3
IND132103AAA,IND132001AAA,FTL,Evening,1.9696969696969697,1.9696969696969697,1
IND132103AAA,IND132001AAA,FTL,Night,1.7714285714285714,1.7714285714285714,1
IND132103AAB,IND131028AAB,FTL,Evening,1.8717948717948718,1.8717948717948718,1
IND132103AAB,IND131028AAB,FTL,Morning,4.396480331262939,4.618426501035197,2
IND132103AAB,IND131028AAB,FTL,Night,4.306818181818182,5.7704545454545455,2
IND132103AAB,IND132001AAA,FTL,Evening,1.6,1.6,1
IND132103AAB,IND132001AAA,FTL,Night,1.393939393939394,1.393939393939394,1
IND133004AAA,IND135001AAA,FTL,Evening,1.6705387205387205,1.7415151515151515,2
IND133004AAA,IND135001AAA,FTL,Night,1.6363636363636365,1.7159519725557462,3
IND134102AAA,IND174103AAA,FTL,Evening,2.7857142857142856,3.700952380952381,13
IND134109AAA,IND160002AAC,Carting,Morning,13.685714285714285,15.216216216216216,11
IND134109AAA,IND160002AAC,Carting,Night,1.4736842105263157,1.4736842105263157,1
IND134203AAA,IND140501AAA,Carting,Night,1.5625,2.1221835075493614,12
IND135001AAA,IND173025AAA,FTL,Evening,2.188888888888889,2.2155555555555555,2
IND135001AAA,IND173025AAA,FTL,Night,2.333333333333333,2.4039130434782607,8
IND136027AAA,IND132039AAA,FTL,Evening,1.8382352941176472,3.4400000000000004,18
IND136118AAA,IND136128AAA,FTL,Evening,1.3928571428571428,1.537777777777778,19
IND136128AAA,IND136027AAA,FTL,Evening,2.090909090909091,2.303157894736842,19
IND140001AAA,IND140118AAA,FTL,Night,1.75,1.9022727272727273,17
IND140118AAA,IND160002AAC,FTL,Night,1.6253968253968254,1.8553221288515407,16
IND140301AAA,IND140001AAA,FTL,Night,1.6666666666666667,2.0833333333333335,19
IND140301AAA,IND140901AAA,Carting,Morning,2.0,2.28,14
IND140401AAA,IND000000ACA,FTL,Night,2.814814814814815,2.83988603988604,3
IND140401AAA,IND142401AAA,FTL,Night,1.5757575757575757,1.5796676441837731,3
IND140406AAA,IND140401AAA,FTL,Night,1.6041666666666665,1.6720430107526882,6
IND140501AAA,IND160002AAC,Carting,Night,2.514705882352941,3.2988970588235293,12
IND140901AAA,IND160002AAC,Carting,Morning,1.8390379278445885,1.9293478260869565,14
IND140901AAA,IND160055AAA,Carting,Night,1.7595238095238095,2.1133333333333333,14
IND141003AAB,IND000000ACA,Carting,Morning,1.7937062937062938,2.357142857142857,6
IND141003AAB,IND142026AAA,FTL,Night,1.6666666666666667,1.86752688172043,19
IND141010AAA,IND000000ACA,Carting,Morning,1.8181818181818181,1.8181818181818181,1
IND141109AAA,IND000000ACA,FTL,Night,1.375,1.9714285714285713,15
IND141115AAA,IND000000ACA,FTL,Night,1.430952380952381,1.6972916666666666,10
IND142001AAB,IND151001AAA,FTL,Afternoon,2.6515151515151514,2.6515151515151514,1
IND142001AAB,IND152026AAA,FTL,Afternoon,1.639344262295082,1.7700546448087429,19
IND142026AAA,IND000000ACA,FTL,Night,2.75,2.75,1
IND142026AAA,IND141109AAA,FTL,Night,1.436904761904762,1.6,16
IND142401AAA,IND000000ACA,FTL,Night,2.0,2.3200000000000003,5
IND143001AAA,IND144001AAB,FTL,Morning,2.1847507331378297,2.7187282662692502,14
IND144001AAA,IND144040AAA,FTL,Night,1.894736842105263,2.8100000000000005,13
IND144001AAB,IND000000ACA,FTL,Morning,2.41790445604175,2.830188679245283,18
IND144001AAB,IND143001AAA,FTL,Afternoon,1.5111940298507462,1.7157706093189966,14
IND144001AAB,IND143001AAA,FTL,Evening,1.53125,1.53125,1
IND144001AAB,IND144401AAB,Carting,Morning,1.7261904761904763,2.4642857142857144,6
IND144001AAB,IND144401AAB,Carting,Night,1.8888888888888888,3.4,5
IND144001AAB,IND144601AAA,FTL,Night,4.510416666666666,5.16875,2
IND144001AAB,IND160002AAC,FTL,Morning,5.810344827586207,5.810344827586207,1
IND144001AAC,IND000000ACA,Carting,Night,1.6491228070175439,1.6491228070175439,1
IND144001AAC,IND000000ACA,FTL,Afternoon,1.9591836734693877,1.9591836734693877,1
IND144001AAC,IND000000ACA,FTL,Morning,1.8571428571428572,2.4140350877192986,7
IND144001AAC,IND160002AAC,Carting,Afternoon,2.544642857142857,2.836206896551724,11
IND144001AAC,IND160002AAC,Carting,Evening,2.6339285714285716,2.6339285714285716,1
IND144040AAA,IND144001AAB,FTL,Night,2.2,2.370927318295739,9
IND144401AAB,IND144001AAB,Carting,Morning,1.9583333333333335,2.8060606060606053,10
IND144401AAB,IND144001AAB,Carting,Night,1.7777777777777777,2.284848484848485,4
IND144514AAA,IND000000ACA,FTL,Night,1.7241379310344827,1.7241379310344827,1
IND144514AAA,IND141115AAA,FTL,Night,1.75,1.7951612903225806,3
IND144527AAA,IND141115AAA,FTL,Night,1.8676470588235294,1.906372549019608,4
IND144601AAA,IND144001AAA,FTL,Night,2.0625,2.0625,1
IND144601AAA,IND144040AAA,FTL,Night,1.3421052631578947,1.3421052631578947,1
IND145001AAA,IND176201AAA,FTL,Morning,1.5,2.2904761904761908,4
IND145001AAA,IND176303AAA,FTL,Morning,1.1844660194174756,1.1844660194174756,1
IND147001AAB,IND147201AAA,FTL,Evening,1.3205619412515963,1.353448275862069,4
IND147001AAB,IND147201AAA,FTL,Night,1.3101851851851851,1.3583333333333334,2
IND147001AAB,IND160002AAC,FTL,Evening,3.8461538461538463,4.486440677966102,5
IND147001AAB,IND160002AAC,FTL,Night,2.0614973262032086,2.157754010695187,2
IND147001AAD,IND147201AAA,FTL,Night,1.5,1.5,1
IND147001AAD,IND148023AAA,FTL,Night,1.253968253968254,1.253968253968254,1
IND147001AAD,IND160002AAC,FTL,Evening,3.711365902293121,4.986340977068794,2
IND147001AAD,IND160002AAC,FTL,Night,4.193548387096774,4.448966087675765,3
IND147101AAA,IND147105AAA,FTL,Night,1.391304347826087,1.452173913043478,7
IND147101AAA,IND160002AAC,FTL,Night,7.017241379310345,7.017241379310345,1
IND147105AAA,IND147101AAA,FTL,Night,1.4230769230769231,1.4230769230769231,1
IND147105AAA,IND160002AAC,FTL,Night,7.794117647058824,9.26,4
IND147201AAA,IND148023AAA,FTL,Evening,1.0909090909090908,1.1731060606060606,5
IND147201AAA,IND148023AAA,FTL,Night,1.4247159090909092,1.7394886363636364,2
IND147301AAA,IND000000ACA,FTL,Night,1.5333333333333334,1.5333333333333334,1
IND147301AAA,IND140401AAA,FTL,Night,1.3333333333333333,1.3333333333333333,1
IND148023AAA,IND148001AAA,FTL,Night,1.3408045977011493,1.4267816091954024,2
IND148023AAA,IND148024AAB,FTL,Evening,2.0,2.0,1
IND148028AAA,IND147001AAB,FTL,Evening,1.5849056603773586,1.9289083557951483,5
IND148028AAA,IND147001AAB,FTL,Night,2.0754716981132075,2.4710691823899373,5
IND148028AAA,IND147001AAD,FTL,Evening,1.5961538461538463,1.5961538461538463,1
IND148028AAA,IND147001AAD,FTL,Night,2.0,2.0,1
IND148101AAA,IND148102AAA,FTL,Night,1.3636363636363635,1.3636363636363635,2
IND148102AAA,IND151001AAA,FTL,Night,1.8275862068965518,1.8275862068965518,1
IND151001AAA,IND148101AAA,FTL,Night,1.3103448275862069,1.7156840934371524,5
IND151001AAA,IND151103AAA,FTL,Night,1.3994708994708995,1.5174603174603174,4
IND151001AAA,IND151302AAA,FTL,Night,0.8205128205128205,1.0152148664343787,13
IND151001AAA,IND160002AAC,FTL,Morning,1.5569620253164558,1.9088607594936708,19
IND151103AAA,IND151001AAA,FTL,Night,14.307692307692308,14.307692307692308,1
IND151302AAA,IND151505AAA,FTL,Night,0.8421052631578947,1.0184210526315791,12
IND151505AAA,IND151506AAA,FTL,Night,1.7692307692307692,2.1555555555555554,5
IND151506AAA,IND151001AAA,FTL,Night,1.3969594594594594,3.994807965860598,12
IND152024AAA,IND152123AAA,FTL,Night,1.732258064516129,1.9980645161290322,2
IND152026AAA,IND000000ACA,FTL,Afternoon,4.50633608815427,4.929752066115703,14
IND152026AAA,IND151001AAA,FTL,Afternoon,1.0559176672384218,1.166103896103896,8
IND152026AAA,IND152024AAA,FTL,Night,2.0,2.038095238095238,2
IND152026AAA,IND152107AAA,FTL,Night,2.0952380952380953,2.0952380952380953,1
IND152026AAA,IND152116AAA,FTL,Night,1.5,1.5682926829268293,2
IND152101AAA,IND152026AAA,FTL,Night,2.5405405405405403,2.5405405405405403,1
IND152107AAA,IND152026AAA,FTL,Night,3.0,3.0,1
IND152116AAA,IND152026AAA,FTL,Night,2.3902439024390243,2.3902439024390243,1
IND152116AAA,IND152107AAA,FTL,Night,1.2666666666666666,1.2666666666666666,1
IND152123AAA,IND152026AAA,FTL,Night,2.3454545454545452,2.3454545454545452,1
IND160002AAC,IND000000ACA,FTL,Afternoon,1.608695652173913,1.608695652173913,1
IND160002AAC,IND000000ACA,FTL,Morning,1.9411764705882353,2.0886128364389234,9
IND160002AAC,IND000000ACA,FTL,Night,2.0,2.0774193548387094,15
IND160002AAC,IND000000ACB,FTL,Afternoon,2.000496501918303,2.1677183480027082,2
IND160002AAC,IND000000ACB,FTL,Evening,2.061814488828707,2.8646226415094342,18
IND160002AAC,IND000000ACB,FTL,Morning,1.938388625592417,2.449968702494859,13
IND160002AAC,IND000000ACB,FTL,Night,2.1323884467495304,2.5341232227488155,18
IND160002AAC,IND110037AAM,FTL,Afternoon,1.8,1.9461780258519388,8
IND160002AAC,IND131028AAB,FTL,Evening,1.9083969465648856,1.9767441860465116,11
IND160002AAC,IND134203AAA,Carting,Night,2.2127659574468086,2.2127659574468086,1
IND160002AAC,IND135001AAA,FTL,Night,1.8688524590163935,1.8688524590163935,1
IND160002AAC,IND140301AAA,FTL,Night,1.4514338575393153,1.9098519888991683,20
IND160002AAC,IND140603AAA,Carting,Morning,1.3103448275862069,1.9586206896551726,9
IND160002AAC,IND140603AAA,Carting,Night,1.2456896551724137,1.9107586206896552,12
IND160002AAC,IND140901AAA,Carting,Night,1.440795559666975,2.8769657724329325,16
IND160002AAC,IND142001AAB,FTL,Afternoon,1.8416666666666666,1.9406779661016949,13
IND160002AAC,IND143001AAA,FTL,Morning,2.0145986600105097,2.0873626373626375,8
IND160002AAC,IND144001AAB,FTL,Afternoon,2.0357142857142856,2.0357142857142856,1
IND160002AAC,IND144001AAB,FTL,Morning,2.189189189189189,2.3115590166437623,9
IND160002AAC,IND147001AAB,FTL,Evening,2.102521008403361,2.1616806722689073,2
IND160002AAC,IND147001AAB,FTL,Night,2.0555555555555554,2.0555555555555554,1
IND160002AAC,IND147001AAD,FTL,Evening,1.776315789473684,1.85,2
IND160002AAC,IND147001AAD,FTL,Night,2.090909090909091,2.325657894736842,5
IND160002AAC,IND147101AAA,FTL,Night,2.4838709677419355,2.7789830508474576,7
IND160002AAC,IND147105AAA,FTL,Night,2.0595238095238093,2.5954341736694677,3
IND160002AAC,IND151001AAA,FTL,Morning,1.6815480814043808,1.9510269882971105,14
IND160002AAC,IND160003AAA,Carting,Morning,2.0,2.0,1
IND160002AAC,IND160055AAA,Carting,Morning,1.0975609756097562,1.175,11
IND160002AAC,IND160102AAC,Carting,Evening,1.5147058823529411,2.425574712643678,8
IND160002AAC,IND160102AAC,Carting,Night,2.057142857142857,2.388235294117647,13
IND160002AAC,IND173212AAA,FTL,Evening,2.1875,2.6106643356643358,14
IND160002AAC,IND174001AAA,FTL,Evening,2.053956834532374,3.183333333333333,10
IND160002AAC,IND174001AAA,FTL,Night,2.0575539568345325,2.126618705035971,2
IND160002AAC,IND174103AAA,FTL,Evening,1.3076923076923077,1.3076923076923077,1
IND160002AAC,IND174307AAA,FTL,Night,1.3555555555555556,1.5154696132596686,13
IND160002AAC,IND176041AAA,FTL,Night,1.4077669902912622,1.4077669902912622,1
IND160002AAC,IND181152AAA,FTL,Morning,1.764516129032258,1.764516129032258,1
IND160002AAC,IND184104AAA,FTL,Morning,1.7983870967741935,1.9157493975903614,5
IND160002AAC,IND421302AAG,FTL,Morning,2.5359649122807015,2.5359649122807015,1
IND160002AAC,IND562132AAA,FTL,Evening,2.244365361803084,2.244365361803084,1
IND160003AAA,IND160002AAC,Carting,Morning,3.0,3.0,1
IND160055AAA,IND160002AAC,Carting,Night,1.1333333333333333,1.7297619047619048,16
IND160102AAC,IND160002AAC,Carting,Afternoon,2.242857142857143,3.1879084967320264,6
IND160102AAC,IND160002AAC,Carting,Morning,2.485294117647059,2.85,2
IND160102AAC,IND160002AAC,Carting,Night,1.9411764705882353,2.264705882352941,15
IND160102AAD,IND160002AAC,Carting,Night,1.5625,2.168018018018018,7
IND160102AAD,IND160002AAD,Carting,Afternoon,2.1176470588235294,2.823529411764706,3
IND173025AAA,IND160002AAC,FTL,Evening,2.28,2.28,1
IND173025AAA,IND160002AAC,FTL,Night,2.64,2.881788178817882,7
IND173212AAA,IND134102AAA,FTL,Evening,3.8484848484848486,3.896969696969697,2
IND173212AAA,IND160002AAC,FTL,Evening,2.0105263157894737,2.0105263157894737,1
IND173212AAA,IND173220AAA,FTL,Evening,3.3681318681318677,3.4285714285714284,4
IND173220AAA,IND173212AAA,FTL,Evening,3.53125,3.53125,1
IND173220AAA,IND174103AAA,FTL,Evening,2.628571428571429,3.0780952380952384,2
IND174001AAA,IND175018AAA,FTL,Evening,2.5284900284900287,3.4498575498575494,10
IND174001AAA,IND175018AAA,FTL,Night,2.480769230769231,2.5884615384615386,2
IND174021AAA,IND176048AAA,FTL,Morning,2.4512820512820515,2.7056410256410257,2
IND174021AAA,IND176048AAA,FTL,Night,1.945925925925926,2.5277777777777777,6
IND174101AAB,IND134102AAA,FTL,Evening,2.6666666666666665,2.6666666666666665,1
IND174101AAB,IND160002AAC,FTL,Evening,2.5064935064935066,3.1824333561175666,9
IND174103AAA,IND160002AAC,FTL,Evening,2.953846153846154,3.4707692307692306,5
IND174307AAA,IND176041AAA,FTL,Evening,1.0769230769230769,1.0769230769230769,1
IND174307AAA,IND176041AAA,FTL,Night,1.163265306122449,1.732478632478633,13
IND175001AAA,IND175101AAA,FTL,Evening,1.8909663087745279,2.5112495612495613,10
IND175001AAA,IND175101AAA,FTL,Night,2.083888888888889,2.1723333333333334,2
IND175015AAA,IND174001AAA,FTL,Morning,6.3416889483065955,6.656216577540107,2
IND175015AAA,IND174001AAA,FTL,Night,7.109356725146199,8.010174036489826,6
IND175018AAA,IND175001AAA,FTL,Evening,3.092156862745098,3.746666666666666,10
IND175018AAA,IND175001AAA,FTL,Night,2.666666666666667,2.72,2
IND175101AAA,IND160002AAC,FTL,Evening,2.2762650085763294,2.391616638078902,2
IND175101AAA,IND160002AAC,FTL,Night,2.2825844205408004,2.327239317568236,2
IND176048AAA,IND175015AAA,FTL,Morning,1.663100686498856,1.663146453089245,2
IND176048AAA,IND175015AAA,FTL,Night,2.0526315789473686,2.2404074702886247,5
IND176061AAA,IND160002AAC,FTL,Night,2.0252707581227436,2.0252707581227436,1
IND176110AAB,IND177033AAA,FTL,Night,2.1166666666666667,2.3004597701149425,8
IND176201AAA,IND176303AAA,FTL,Morning,1.6632119682768565,1.8252895752895753,6
IND176215AAA,IND176061AAA,FTL,Night,1.707427536231884,1.9067028985507246,2
IND176303AAA,IND176310AAA,FTL,Morning,1.3043478260869565,14.455285217746892,7
IND176310AAA,IND145001AAA,FTL,Morning,6.2298850574712645,6.725442138977859,9
IND177001AAA,IND176110AAB,FTL,Night,1.8547619047619048,2.0434782608695654,6
IND177033AAA,IND160002AAC,FTL,Night,2.7173492145185403,3.9910891089108906,14
IND177101AAA,IND176001AAA,FTL,Night,1.8,1.8,1
IND177101AAA,IND176001AAB,FTL,Night,1.2203389830508475,1.2203389830508475,1
IND177203AAA,IND177101AAA,FTL,Night,2.328185328185328,2.97992277992278,2
IND181152AAA,IND184121AAA,FTL,Morning,1.4666666666666666,1.6431818181818183,5
IND181152AAB,IND160002AAC,FTL,Morning,1.983221476510067,1.983221476510067,1
IND181152AAB,IND181201AAB,Carting,Morning,3.217391304347826,3.217391304347826,1
IND181152AAB,IND181201AAB,Carting,Night,2.782608695652174,3.180521739130435,3
IND181152AAB,IND184121AAA,FTL,Morning,1.7273185483870968,1.8704637096774193,2
IND181201AAB,IND181152AAB,Carting,Morning,3.740740740740741,3.740740740740741,1
IND181201AAB,IND181152AAB,Carting,Night,5.130434782608695,6.166666666666668,7
IND184104AAA,IND160002AAC,FTL,Morning,1.8652173913043477,1.896187583064363,3
IND184104AAA,IND181152AAA,FTL,Morning,1.4117762128325508,1.5045774647887322,2
IND184104AAA,IND181152AAB,FTL,Morning,1.3591549295774648,1.4661971830985916,2
IND184104AAA,IND184121AAA,FTL,Morning,1.3342490842490842,1.581135531135531,2
IND184121AAA,IND160002AAC,FTL,Morning,1.8210951908072066,1.886266137040715,4
IND184121AAA,IND181152AAA,FTL,Morning,1.375,1.375,1
IND184121AAA,IND181152AAB,FTL,Morning,1.3225806451612903,1.3225806451612903,1
IND184121AAA,IND184104AAA,FTL,Morning,1.540184921763869,1.929089615931721,2
IND201001AAA,IND201007AAA,Carting,Morning,3.0384615384615383,3.4384615384615382,2
IND201001AAA,IND201007AAA,Carting,Night,2.9642857142857144,3.392857142857143,2
IND201001AAC,IND000000ACB,Carting,Night,2.4705882352941178,2.4705882352941178,1
IND201001AAC,IND110037AAM,Carting,Afternoon,2.2045454545454546,2.2045454545454546,1
IND201001AAC,IND110037AAM,Carting,Evening,1.4545454545454546,1.4545454545454546,1
IND201005AAA,IND201007AAA,Carting,Night,3.2857142857142856,3.2857142857142856,1
IND201007AAA,IND201001AAA,Carting,Night,1.4455128205128205,1.684090909090909,4
IND201007AAA,IND201005AAA,Carting,Night,2.076923076923077,4.4653846153846155,3
IND201007AAA,IND201007AAB,Carting,Morning,5.368421052631579,5.368421052631579,1
IND201007AAA,IND245101AAA,Carting,Night,2.047169811320755,2.1150943396226416,2
IND201007AAA,IND245304AAA,Carting,Night,2.2162162162162162,2.682926829268293,11
IND201007AAB,IND110044AAB,Carting,Afternoon,1.75,2.2984126984126987,5
IND201007AAB,IND110044AAB,Carting,Evening,1.8364532019704434,2.0542857142857143,4
IND201007AAB,IND201007AAA,Carting,Afternoon,4.035714285714286,6.235714285714286,2
IND201007AAB,IND201301AAF,Carting,Afternoon,3.247916666666667,3.7375,4
IND201007AAB,IND201301AAF,Carting,Evening,2.466666666666667,2.466666666666667,1
IND201204AAA,IND250002AAA,FTL,Evening,1.7619047619047619,2.5123809523809526,3
IND201204AAA,IND250002AAA,FTL,Night,1.4761904761904763,1.4761904761904763,1
IND201301AAD,IND110037AAM,Carting,Morning,5.252123552123551,5.7132818532818535,2
IND201301AAF,IND201301AAL,Carting,Morning,1.4166666666666667,1.4166666666666667,1
IND201301AAF,IND201304AAA,Carting,Morning,1.8125,1.8716666666666666,5
IND201301AAF,IND201304AAA,Carting,Night,1.5625,4.986111111111112,5
IND201301AAF,IND203205AAA,FTL,Night,1.9782608695652173,2.4355555555555557,15
IND201301AAL,IND201301AAF,Carting,Morning,1.7333333333333334,1.9230769230769231,5
IND201301AAL,IND201301AAF,Carting,Night,1.5807407407407408,1.8814193548387097,4
IND201301AAL,IND201307AAA,Carting,Morning,1.4285714285714286,1.4285714285714286,1
IND201301AAL,IND201307AAA,Carting,Night,1.25062656641604,1.2889473684210526,4
IND201301AAM,IND000000ACB,Carting,Evening,1.8627819548872182,1.9687799043062202,8
IND201301AAM,IND000000ACB,Carting,Night,2.1322713257965056,3.2908471275559883,12
IND201304AAA,IND201301AAF,Carting,Morning,1.9945054945054945,4.422321428571428,8
IND201304AAA,IND201301AAF,Carting,Night,2.287179487179487,2.825,8
IND201306AAA,IND201301AAF,Carting,Morning,3.0092105263157896,4.477192982456141,4
IND201306AAA,IND201301AAF,Carting,Night,3.4210526315789473,3.4210526315789473,1
IND201307AAA,IND201301AAL,Carting,Morning,1.35,2.05,11
IND201307AAA,IND201301AAL,Carting,Night,1.142156862745098,2.3330745341614914,14
IND202001AAB,IND110037AAM,FTL,Afternoon,2.0846153846153848,2.0846153846153848,1
IND202001AAB,IND205001AAB,FTL,Morning,2.543269230769231,2.9410474234503363,6
IND202001AAB,IND205001AAB,FTL,Night,2.4903846153846154,2.551923076923077,2
IND202001AAB,IND207123AAA,FTL,Night,2.376114827201784,2.4462374581939796,2
IND202001AAB,IND282002AAD,FTL,Afternoon,2.3513513513513513,2.5135135135135136,3
IND202001AAB,IND282002AAD,FTL,Morning,2.472972972972973,2.472972972972973,1
IND202001AAB,IND282002AAD,FTL,Night,2.6619718309859155,2.6619718309859155,1
IND202001AAC,IND204215AAA,Carting,Night,2.730769230769231,3.079487179487179,3
IND203001AAA,IND203131AAA,FTL,Night,3.6153846153846154,3.9499999999999997,5
IND203131AAA,IND203135AAA,FTL,Night,1.5,1.8663157894736842,14
IND203135AAA,IND203390AAA,FTL,Night,1.5401509951956074,1.8112552594670408,4
IND203135AAA,IND203396AAB,FTL,Night,1.5178571428571428,1.9608777429467086,9
IND203390AAA,IND201301AAF,FTL,Night,2.5958440721649483,4.324813093554253,16
IND203396AAB,IND203390AAA,FTL,Night,1.328846153846154,1.587179487179487,12
IND204101AAA,IND202001AAB,FTL,Afternoon,1.8620689655172413,1.8620689655172413,1
IND204101AAA,IND202001AAB,FTL,Night,4.0606060606060606,4.0606060606060606,1
IND204101AAA,IND282002AAD,FTL,Night,5.194870438921205,5.219619249074563,2
IND204215AAA,IND207001AAA,Carting,Night,3.0,5.715415019762846,5
IND205001AAB,IND110037AAM,FTL,Morning,3.3189655172413794,3.3189655172413794,1
IND205001AAB,IND205135AAA,Carting,Evening,2.025,2.025,1
IND205001AAB,IND205135AAA,FTL,Morning,1.95,4.077804878048781,3
IND205001AAB,IND205135AAA,FTL,Night,4.703947368421053,7.846794871794872,4
IND205001AAB,IND209625AAA,FTL,Night,2.6779661016949152,2.6779661016949152,1
IND205001AAB,IND209721AAB,FTL,Afternoon,2.690909090909091,2.8836363636363633,2
IND205001AAB,IND209721AAB,FTL,Evening,2.2665505226480835,2.365505226480836,2
IND205001AAB,IND209721AAB,FTL,Night,2.25,2.25,3
IND205135AAA,IND283203AAA,Carting,Evening,2.2,2.2,1
IND205135AAA,IND283203AAA,FTL,Morning,2.8055555555555554,3.9973684210526317,4
IND205135AAA,IND283203AAA,FTL,Night,2.1176470588235294,2.527058823529412,7
IND206001AAA,IND000000ACB,FTL,Night,1.9741379310344827,2.2472103004291846,19
IND206122AAA,IND206001AAA,FTL,Night,1.4893617021276595,1.7100709219858157,17
IND207001AAA,IND207302AAA,Carting,Night,1.5952380952380953,1.648553601815088,5
IND207123AAA,IND202001AAB,FTL,Night,8.098039215686274,8.098039215686274,1
IND207247AAB,IND205001AAB,FTL,Afternoon,1.8148148148148149,1.8148148148148149,1
IND207247AAB,IND205001AAB,FTL,Evening,2.3888888888888893,2.4333333333333336,2
IND207247AAB,IND205001AAB,FTL,Night,2.2037037037037037,2.4407407407407407,3
IND207302AAA,IND202001AAB,Carting,Night,3.5294117647058822,7.184313725490195,5
IND208006AAA,IND209304AAA,Carting,Night,6.551724137931035,7.828863346104726,3
IND208012AAA,IND209304AAA,Carting,Night,36.666666666666664,43.87058823529412,9
IND208017AAA,IND209304AAA,Carting,Night,16.227272727272727,19.683333333333334,5
IND208019AAA,IND209304AAA,Carting,Night,10.607954545454547,14.086096256684494,4
IND209101AAA,IND209111AAA,FTL,Night,0.8765151515151515,1.6235294117647063,14
IND209111AAA,IND285001AAD,FTL,Night,2.2523809523809524,2.748798798798799,18
IND209206AAB,IND210301AAA,Carting,Night,2.2071428571428573,3.609558823529412,12
IND209304AAA,IND000000ACB,FTL,Afternoon,2.052186411149826,2.316227110979316,10
IND209304AAA,IND000000ACB,FTL,Morning,2.2327963525835868,2.311604863221884,2
IND209304AAA,IND000000ACB,FTL,Night,1.8868501529051989,2.0523365141119667,15
IND209304AAA,IND110037AAM,FTL,Morning,2.4277620396600565,3.258572935791249,3
IND209304AAA,IND206122AAA,FTL,Night,1.6262254901960784,1.7234285714285715,18
IND209304AAA,IND208006AAA,Carting,Night,1.7817391304347827,3.893,12
IND209304AAA,IND208012AAA,Carting,Night,1.9375,2.2666666666666666,16
IND209304AAA,IND208019AAA,Carting,Night,4.80625,6.650000000000001,14
IND209304AAA,IND209101AAA,FTL,Night,3.142857142857143,6.586666666666667,13
IND209304AAA,IND209206AAB,Carting,Night,0.7758620689655172,1.0293103448275864,14
IND209304AAA,IND209801AAA,Carting,Night,2.159090909090909,3.747326203208556,16
IND209304AAA,IND211002AAB,FTL,Night,1.5002050173332835,1.8225680325304974,16
IND209304AAA,IND212601AAA,FTL,Night,2.2941176470588234,3.1643648763853367,13
IND209304AAA,IND221313AAA,FTL,Evening,2.0304347826086957,2.245047995482778,3
IND209304AAA,IND221313AAA,FTL,Night,2.379459620838931,2.627616062098821,2
IND209304AAA,IND282001AAA,FTL,Afternoon,2.5153061224489797,2.590973312401884,3
IND209304AAA,IND282001AAA,FTL,Morning,2.2952047952047954,2.6025907741810212,6
IND209625AAA,IND241124AAB,FTL,Afternoon,1.3716346153846155,1.4189423076923078,2
IND209625AAA,IND241124AAB,FTL,Evening,1.3587412587412588,1.3626573426573425,2
IND209625AAA,IND241124AAB,FTL,Night,1.476923076923077,1.8711421911421913,3
IND209721AAB,IND209625AAA,FTL,Afternoon,1.1986607142857144,1.214732142857143,2
IND209721AAB,IND209625AAA,FTL,Evening,1.3707386363636362,1.4491477272727273,2
IND209721AAB,IND209625AAA,FTL,Night,1.40625,1.85625,3
IND209801AAA,IND209304AAA,Carting,Night,20.757575757575758,26.16875,5
IND210001AAA,IND210427AAA,FTL,Night,3.7521341463414632,4.545641025641026,8
IND210427AAA,IND209304AAA,FTL,Night,2.9745762711864407,4.706967213114755,7
IND210431AAA,IND209304AAA,FTL,Night,2.715934684684685,4.1625,4
IND210501AAB,IND209304AAA,Carting,Night,2.10989010989011,2.8294792164357383,13
IND211002AAB,IND209304AAA,FTL,Afternoon,1.8405797101449275,2.483270947307803,5
IND211002AAB,IND209304AAA,FTL,Morning,1.7681159420289854,2.115942028985507,6
IND211002AAB,IND211011AAA,Carting,Night,4.5,8.892857142857135,10
IND211002AAB,IND211013AAA,Carting,Night,5.25,6.414285714285715,6
IND211002AAB,IND485001AAC,FTL,Night,2.518796992481203,2.7218045112781954,11
IND211008AAA,IND211002AAB,Carting,Morning,35.75,57.45,2
IND211008AAA,IND211002AAB,Carting,Night,8.6875,59.444166666666675,3
IND211010AAB,IND211002AAB,Carting,Morning,4.0,4.0,1
IND211011AAA,IND212501AAA,Carting,Night,3.857142857142857,5.782608695652174,11
IND212402AAA,IND211002AAB,Carting,Night,29.25,30.756756756756758,11
IND212501AAA,IND212402AAA,Carting,Night,1.72,1.8,11
IND212601AAA,IND210001AAA,FTL,Night,2.34375,2.584375,13
IND221010AAA,IND221005A1A,Carting,Morning,4.166666666666667,4.166666666666667,1
IND221010AAB,IND222001AAA,FTL,Morning,2.731707317073171,2.731707317073171,1
IND221010AAB,IND232101AAB,Carting,Afternoon,27.0,27.0,1
IND221010AAB,IND233001AAA,FTL,Afternoon,8.481481481481481,8.481481481481481,1
IND221303AAA,IND231001AAA,FTL,Morning,1.4864130434782608,1.5972826086956522,2
IND221313AAA,IND211002AAB,FTL,Afternoon,3.5698924731182795,3.9397849462365593,2
IND221313AAA,IND211002AAB,FTL,Morning,4.076086956521739,4.290486208508649,3
IND221313AAA,IND221010AAA,Carting,Morning,6.375,6.375,1
IND221313AAA,IND222136AAA,FTL,Morning,18.35,18.35,1
IND221313AAA,IND232101AAB,Carting,Afternoon,28.727272727272727,29.818181818181817,3
IND221313AAA,IND276128AAA,FTL,Afternoon,9.775351231047434,9.788037279176521,2
IND221401AAA,IND221303AAA,FTL,Morning,3.0,3.0,1
IND221706AAA,IND273014AAB,FTL,Night,3.9593023255813953,4.4604021289178,8
IND222001AAA,IND222136AAA,FTL,Morning,2.9166666666666665,2.9166666666666665,1
IND222125AAB,IND222001AAA,FTL,Morning,2.7777777777777777,2.7777777777777777,1
IND223101AAB,IND222125AAB,FTL,Afternoon,2.0906084656084656,2.462912087912088,4
IND223101AAB,IND222125AAB,FTL,Morning,1.5192307692307692,1.6576923076923078,2
IND224001AAA,IND224141AAB,Carting,Morning,2.739130434782609,2.739130434782609,1
IND224001AAA,IND224141AAB,Carting,Night,3.0740740740740744,4.211637931034483,8
IND224001AAA,IND224141AAB,FTL,Night,3.333333333333333,3.4,2
IND224141AAB,IND224122AAA,Carting,Morning,2.6,3.5094736842105263,3
IND224141AAB,IND224122AAA,Carting,Night,2.9749999999999996,3.6399999999999992,10
IND224141AAB,IND224122AAA,FTL,Night,2.8947368421052633,2.8947368421052633,1
IND226004AAA,IND226016AAA,Carting,Night,5.157608695652174,5.998684210526316,4
IND226004AAA,IND226024AAA,Carting,Night,2.6923076923076925,2.6923076923076925,1
IND231205AAA,IND231216AAA,FTL,Afternoon,2.7214285714285715,3.184285714285714,2
IND231205AAA,IND231216AAA,FTL,Morning,3.4,3.4,1
IND231208AAA,IND231217AAA,FTL,Afternoon,1.6956521739130435,1.8342391304347827,4
IND231208AAA,IND231217AAA,FTL,Morning,2.375,2.541666666666667,2
IND231217AAA,IND231225AAB,FTL,Afternoon,2.4,2.552,5
IND231217AAA,IND231225AAB,FTL,Morning,2.423076923076923,2.5153846153846153,2
IND231225AAB,IND486886AAA,FTL,Afternoon,1.7407407407407407,1.8111111111111111,5
IND231225AAB,IND486886AAA,FTL,Morning,1.6225071225071224,1.6282051282051282,2
IND232101AAB,IND232104AAB,Carting,Afternoon,1.8666666666666667,4.366666666666667,5
IND232101AAB,IND232104AAB,Carting,Morning,4.636363636363637,4.636363636363637,1
IND232104AAB,IND221010AAB,Carting,Afternoon,2.4,2.4,1
IND232104AAB,IND233221AAC,Carting,Afternoon,1.8264528703047485,2.2640857547838413,2
IND233001AAA,IND275101AAA,FTL,Afternoon,3.2666666666666666,3.2666666666666666,1
IND233001AAA,IND275101AAA,FTL,Morning,3.4482758620689653,3.4482758620689653,1
IND233001AAA,IND275503AAA,FTL,Afternoon,3.4523809523809526,3.4523809523809526,1
IND241124AAB,IND242001AAA,FTL,Afternoon,2.466666666666667,2.466666666666667,1
IND241124AAB,IND242001AAA,FTL,Evening,2.1268382352941178,2.2753676470588236,2
IND241124AAB,IND242001AAA,FTL,Night,2.0588235294117645,2.0588235294117645,1
IND242001AAA,IND242307AAB,FTL,Afternoon,6.230769230769231,6.230769230769231,1
IND242221AAA,IND207247AAB,FTL,Evening,3.1493894993894997,3.1809890109890113,2
IND242221AAA,IND207247AAB,FTL,Night,3.2111111111111112,3.2111111111111112,1
IND242307AAB,IND207247AAB,FTL,Night,2.210526315789474,2.2966507177033493,3
IND242307AAB,IND242221AAA,FTL,Evening,1.5975609756097562,1.7048780487804878,2
IND242307AAB,IND242221AAA,FTL,Night,1.7560975609756098,1.7560975609756098,1
IND243001AAA,IND243503AAB,FTL,Evening,2.2222222222222223,3.0128078817733983,10
IND243001AAA,IND244901AAB,FTL,Evening,2.2,2.2,1
IND243002AAA,IND243503AAB,FTL,Evening,2.185185185185185,2.185185185185185,1
IND243201AAA,IND262001AAA,Carting,Evening,2.07521645021645,2.2626623376623374,2
IND243201AAA,IND262001AAA,Carting,Night,1.7272727272727273,1.7272727272727273,1
IND243301AAB,IND244901AAB,FTL,Night,1.3430672268907564,2.6974418604651156,8
IND243301AAB,IND244901AAC,FTL,Night,1.3647058823529412,1.3647058823529412,1
IND243503AAB,IND244901AAB,FTL,Evening,3.5606060606060606,6.165151515151515,8
IND244001AAA,IND263153AAB,FTL,Morning,1.872618466047875,2.3055315471045805,6
IND244001AAA,IND263153AAB,FTL,Night,2.028221778221778,2.3162736140264233,6
IND244221AAA,IND131028AAB,FTL,Morning,1.8650793650793651,2.1796875,18
IND244235AAA,IND244901AAB,FTL,Morning,0.883495145631068,1.4737864077669904,17
IND244301AAA,IND244412AAA,FTL,Night,1.6302083333333335,1.8625,8
IND244412AAA,IND243301AAB,FTL,Night,0.7272727272727273,0.8052093973442288,7
IND244412AAA,IND244901AAB,FTL,Night,2.4,2.73,2
IND244501AAA,IND244601AAB,FTL,Night,1.309920634920635,1.415082159624413,8
IND244601AAB,IND244901AAB,FTL,Night,1.123456790123457,2.209015128125965,9
IND244713AAA,IND244715AAA,FTL,Night,1.25,1.25,1
IND244713AAA,IND263401AAA,FTL,Night,2.0,2.413664596273292,15
IND244715AAA,IND244713AAA,FTL,Night,0.9487179487179487,1.1282051282051282,15
IND244715AAA,IND263401AAA,FTL,Night,1.360655737704918,1.360655737704918,1
IND244901AAB,IND243002AAA,FTL,Evening,2.4555555555555557,2.8400000000000003,12
IND244901AAB,IND243201AAA,Carting,Night,2.890625,2.890625,1
IND244901AAB,IND243503AAB,FTL,Evening,5.3076923076923075,5.3076923076923075,1
IND244901AAB,IND244221AAA,FTL,Morning,0.98989898989899,1.6686868686868688,17
IND244901AAB,IND244301AAA,FTL,Night,0.8119266055045872,1.1530374411108355,8
IND244901AAB,IND244921AAB,Carting,Evening,2.210144927536232,2.3086956521739133,2
IND244901AAB,IND244921AAB,Carting,Night,3.0434782608695654,3.0434782608695654,1
IND244901AAB,IND246725AAB,FTL,Night,1.152,1.2381327334083239,13
IND244901AAC,IND244921AAB,Carting,Evening,1.75,1.75,1
IND244921AAB,IND243201AAA,Carting,Evening,2.4285714285714284,2.4285714285714284,1
IND244921AAB,IND262001AAA,Carting,Evening,2.0240963855421685,2.0240963855421685,1
IND245101AAA,IND201007AAA,Carting,Night,2.719795918367347,2.9276326530612247,2
IND245101AAA,IND245304AAA,Carting,Night,2.3333333333333335,2.988235294117647,13
IND245304AAA,IND201007AAA,Carting,Night,2.6470588235294117,2.914285714285714,11
IND245304AAA,IND245101AAA,Carting,Night,1.7104166666666667,1.9239495798319328,12
IND246001AAA,IND249201AAA,FTL,Night,1.2719963418816445,1.3227222497427886,2
IND246149AAA,IND249407AAA,FTL,Night,2.8508771929824563,4.012280701754386,12
IND246174AAA,IND246444AAB,FTL,Afternoon,1.3406593406593406,1.3406593406593406,1
IND246174AAA,IND246444AAB,FTL,Morning,1.2581901489117984,1.646199132410659,6
IND246424AAA,IND246174AAA,FTL,Afternoon,1.8478260869565217,1.8478260869565217,1
IND246424AAA,IND246174AAA,FTL,Morning,1.2279411764705883,7.164072948328268,7
IND246444AAB,IND246424AAA,FTL,Afternoon,1.7380952380952381,1.7380952380952381,1
IND246444AAB,IND246424AAA,FTL,Morning,1.4736842105263157,1.547985347985348,5
IND246701AAA,IND246763AAA,FTL,Night,2.0,2.2,11
IND246725AAB,IND246701AAA,FTL,Night,1.5142857142857142,1.5754621848739496,9
IND246761AAA,IND244501AAA,FTL,Night,0.462113558294605,0.5310283336635625,10
IND246761AAA,IND244601AAB,FTL,Night,1.2291666666666667,1.2291666666666667,1
IND246761AAA,IND244901AAB,FTL,Night,1.221311475409836,1.221311475409836,1
IND246763AAA,IND244901AAB,FTL,Night,1.497459062676454,1.5774138904573687,2
IND246763AAA,IND246761AAA,FTL,Night,2.5161290322580645,2.793103448275862,11
IND247554AAA,IND248001AAA,FTL,Afternoon,1.193798449612403,1.2442748091603053,11
IND247554AAA,IND248001AAD,FTL,Afternoon,1.6511627906976745,1.6511627906976745,1
IND247554AAA,IND248001AAD,FTL,Morning,1.1653543307086613,1.1653543307086613,1
IND247667AAA,IND249407AAA,FTL,Afternoon,1.8439189189189191,3.113157894736842,12
IND247667AAB,IND249407AAA,FTL,Afternoon,2.618993993993994,2.768243243243243,2
IND247776AAA,IND251309AAB,FTL,Night,1.7777777777777777,1.911111111111111,9
IND248001AAA,IND131028AAB,FTL,Afternoon,2.042654028436019,2.5668548927976462,9
IND248001AAA,IND131028AAB,FTL,Morning,2.0599078341013826,2.0599078341013826,1
IND248001AAD,IND131028AAB,Carting,Morning,2.1761443046820403,2.6202830188679247,4
IND248001AAD,IND131028AAB,Carting,Night,1.7547169811320755,1.7547169811320755,1
IND248001AAD,IND131028AAB,FTL,Afternoon,2.0093896713615025,2.518859066347772,3
IND248122AAB,IND248001AAA,FTL,Morning,2.0789473684210527,2.18421052631579,2
IND248122AAB,IND248001AAA,FTL,Night,2.1818181818181817,2.393939393939394,11
IND248197AAA,IND248122AAB,FTL,Morning,1.9555555555555555,2.0266666666666664,2
IND248197AAA,IND248122AAB,FTL,Night,2.6046671242278654,3.27,12
IND249201AAA,IND246174AAA,FTL,Night,1.7167121108838899,1.7715632810724835,2
IND249201AAA,IND249407AAA,FTL,Afternoon,6.296296296296296,21.907692307692308,12
IND249201AAA,IND249407AAA,FTL,Morning,7.88,7.88,1
IND249201AAA,IND249407AAA,FTL,Night,18.807692307692307,19.638461538461538,3
IND249407AAA,IND131028AAB,FTL,Afternoon,2.7430167597765363,3.210980592441267,13
IND249407AAA,IND131028AAB,FTL,Morning,2.3314917127071824,2.3314917127071824,1
IND249407AAA,IND131028AAB,FTL,Night,2.403409090909091,3.3447702159718737,3
IND249407AAA,IND246149AAA,FTL,Morning,2.533333333333333,2.533333333333333,1
IND249407AAA,IND246149AAA,FTL,Night,2.6461466165413534,3.246862920011895,14
IND249407AAA,IND249201AAA,FTL,Afternoon,1.9415954415954417,2.261217948717949,16
IND250002AAA,IND131028AAB,FTL,Evening,2.2279411764705883,3.5266197783461215,4
IND250002AAA,IND131028AAB,FTL,Night,1.9701492537313432,1.9701492537313432,1
IND250611AAA,IND247776AAA,FTL,Night,1.9090909090909092,2.00625,9
IND251001AAA,IND247554AAA,FTL,Afternoon,2.28,3.5,9
IND251001AAA,IND247554AAA,FTL,Morning,2.0833333333333335,2.0833333333333335,1
IND251201AAA,IND131028AAB,FTL,Evening,6.303030303030303,6.303030303030303,1
IND251309AAB,IND131028AAB,FTL,Night,1.9852941176470589,2.0898094449047226,9
IND261001AAA,IND262701AAA,FTL,Morning,2.0,2.0,1
IND261001AAA,IND262701AAA,FTL,Night,2.2653061224489797,2.7976811594202897,15
IND261201AAB,IND261001AAA,FTL,Morning,2.90625,2.90625,1
IND261201AAB,IND261001AAA,FTL,Night,2.6559139784946235,3.5375000000000005,14
IND262001AAA,IND244901AAB,Carting,Evening,1.8271604938271604,1.8271604938271604,1
IND262001AAA,IND262122AAB,Carting,Evening,1.8100271002710027,1.9424932249322493,2
IND262001AAA,IND262122AAB,Carting,Night,1.2195121951219512,1.2195121951219512,1
IND262122AAB,IND244901AAB,Carting,Evening,3.3117787140501926,3.8019783843194723,2
IND262405AAA,IND263153AAB,FTL,Night,7.487804878048781,11.721951219512196,2
IND262501AAA,IND263153AAB,FTL,Evening,1.9141562336984872,1.9602960354720917,2
IND262501AAA,IND263153AAB,FTL,Night,2.039319248826291,2.074530516431925,2
IND262701AAA,IND262802AAA,FTL,Morning,1.9130434782608696,1.9130434782608696,1
IND262701AAA,IND262802AAA,FTL,Night,2.217391304347826,3.243478260869565,15
IND262802AAA,IND262723AAB,FTL,Morning,2.161764705882353,2.161764705882353,1
IND262802AAA,IND262723AAB,FTL,Night,2.597101449275362,3.0930641821946168,16
IND263002AAA,IND263645AAA,FTL,Evening,1.1318681318681318,1.1998676022772408,3
IND263002AAA,IND263645AAA,FTL,Night,1.2023809523809526,1.4935897435897436,6
IND263139AAA,IND263153AAB,FTL,Night,1.3333333333333333,3.098954703832753,5
IND263153AAB,IND131028AAB,FTL,Morning,2.0952380952380953,2.2877110947946053,7
IND263153AAB,IND131028AAB,FTL,Night,2.0087719298245617,2.1629793510324484,6
IND263153AAB,IND244713AAA,FTL,Night,3.7358490566037736,3.7358490566037736,1
IND263153AAB,IND244715AAA,FTL,Night,1.6956521739130435,2.098457223001402,15
IND263153AAB,IND263002AAA,FTL,Evening,1.36,2.402612244897959,3
IND263153AAB,IND263002AAA,FTL,Night,1.5091117359158597,2.1386138613861387,6
IND263153AAB,IND263139AAA,FTL,Night,2.238095238095238,3.392926829268293,5
IND263153AAB,IND263401AAA,FTL,Night,2.5384615384615383,2.5384615384615383,1
IND263401AAA,IND244713AAA,FTL,Night,2.409090909090909,2.409090909090909,1
IND263401AAA,IND263153AAB,FTL,Night,1.8444669365721997,3.414574898785425,14
IND263601AAA,IND262501AAA,FTL,Evening,2.2295081967213113,2.4392349726775957,3
IND263601AAA,IND262501AAA,FTL,Night,1.9214876033057853,2.0640663844654976,4
IND263601AAA,IND263153AAB,FTL,Night,2.0,2.0,1
IND263645AAA,IND263601AAA,FTL,Evening,1.9607843137254901,2.1092300334768055,3
IND263645AAA,IND263601AAA,FTL,Night,2.0936819172113292,2.9356837606837605,6
IND271001AAA,IND271201AAA,Carting,Afternoon,3.6583011583011587,3.8173745173745175,2
IND271001AAA,IND271201AAA,Carting,Morning,40.12903225806452,69.93548387096774,2
IND271001AAA,IND271210AAA,Carting,Morning,50.72,50.72,1
IND271201AAA,IND271210AAA,Carting,Afternoon,2.4285714285714284,2.580952380952381,3
IND271201AAA,IND271210AAA,Carting,Morning,2.142857142857143,2.2952380952380955,2
IND271210AAA,IND271001AAA,Carting,Afternoon,2.795918367346939,3.457978723404256,7
IND271210AAA,IND271001AAA,Carting,Morning,4.648936170212766,5.729787234042553,2
IND272001AAA,IND272175AAA,FTL,Night,1.7616459627329193,2.0566770186335406,2
IND272001AAA,IND273014AAB,FTL,Night,1.5530277112555595,1.720884520884521,4
IND272155AAA,IND272001AAA,FTL,Night,1.2916666666666667,1.2916666666666667,2
IND272207AAB,IND272153AAC,Carting,Night,2.9669117647058822,3.040441176470588,2
IND273014AAB,IND209304AAA,FTL,Night,2.384827950788158,2.421410034602076,2
IND273014AAB,IND273155AAA,Carting,Night,2.28125,5.382371794871796,4
IND273014AAB,IND273304AAA,Carting,Night,2.419753086419753,2.419753086419753,1
IND273014AAB,IND274001AAA,FTL,Night,2.951219512195122,3.580487804878049,14
IND273014AAB,IND274301AAB,FTL,Night,2.3902439024390243,2.3902439024390243,1
IND273014AAB,IND277303AAC,FTL,Night,1.9405940594059405,2.1504950495049506,13
IND273155AAA,IND273303AAA,Carting,Night,1.5333333333333334,1.5333333333333334,1
IND273303AAA,IND273304AAA,Carting,Night,4.041666666666667,4.041666666666667,1
IND273304AAA,IND273014AAB,Carting,Night,3.9227994227994225,7.443325526932084,12
IND274001AAA,IND273014AAB,FTL,Night,5.642857142857143,5.642857142857143,1
IND274001AAA,IND274509AAB,FTL,Night,1.84,3.72,11
IND274301AAB,IND273014AAB,FTL,Night,4.666666666666667,6.652916073968705,15
IND274304AAA,IND274304AAB,FTL,Night,5.076923076923077,5.2615384615384615,5
IND274304AAB,IND274301AAB,FTL,Night,2.264705882352941,2.7529411764705882,12
IND274304AAB,IND274304AAA,FTL,Night,2.909090909090909,2.909090909090909,1
IND274402AAA,IND274301AAB,FTL,Night,3.3333333333333335,3.3333333333333335,1
IND274402AAA,IND274304AAB,FTL,Night,2.6666666666666665,2.933333333333333,3
IND274509AAB,IND274001AAA,FTL,Night,2.2083333333333335,2.2083333333333335,1
IND274509AAB,IND274304AAA,FTL,Night,2.208333333333333,2.375,2
IND274509AAB,IND274402AAA,FTL,Night,2.625170068027211,3.0719727891156463,2
IND275101AAA,IND275503AAA,FTL,Morning,4.0,4.0,1
IND275303AAA,IND276140AAA,FTL,Afternoon,2.09375,2.16875,2
IND275303AAA,IND276140AAA,FTL,Morning,3.0,3.0,1
IND275503AAA,IND275303AAA,FTL,Afternoon,4.192307692307692,4.7153846153846155,2
IND275503AAA,IND275303AAA,FTL,Morning,4.153846153846154,4.153846153846154,1
IND276128AAA,IND276305AAA,FTL,Afternoon,1.6470588235294117,1.6794117647058824,3
IND276128AAA,IND276305AAA,FTL,Morning,2.2343453510436433,2.7056925996204937,2
IND276129AAA,IND221010AAB,FTL,Afternoon,3.7066666666666666,3.7066666666666666,1
IND276140AAA,IND276129AAA,FTL,Afternoon,2.3783783783783785,2.3783783783783785,1
IND276305AAA,IND223101AAB,FTL,Afternoon,2.076923076923077,2.386039886039886,4
IND276305AAA,IND223101AAB,FTL,Morning,1.8076923076923075,1.9307692307692308,2
IND277201AAA,IND221706AAA,FTL,Night,2.4464285714285716,2.8412698412698414,5
IND277211AAA,IND277201AAA,FTL,Night,2.5238095238095237,2.7142857142857144,3
IND277303AAC,IND277211AAA,FTL,Night,1.4166666666666667,1.5243243243243243,5
IND281121AAB,IND110037AAM,FTL,Afternoon,1.9246498599439776,2.432142857142857,6
IND281121AAB,IND110037AAM,FTL,Night,2.2542372881355934,4.644444444444445,5
IND281401AAA,IND121004AAB,Carting,Night,2.2615384615384615,2.6553846153846155,3
IND281401AAA,IND321022AAA,Carting,Night,1.2894736842105263,1.407843137254902,5
IND282001AAA,IND000000ACB,FTL,Afternoon,1.691670328290754,1.7506245684514468,2
IND282001AAA,IND000000ACB,FTL,Morning,1.5730337078651686,1.5972883058188438,3
IND282001AAA,IND110037AAM,Carting,Evening,1.6476683937823835,1.6642487046632124,2
IND282001AAA,IND110037AAM,Carting,Morning,2.38860103626943,2.38860103626943,1
IND282001AAA,IND110037AAM,FTL,Afternoon,1.6526315789473685,1.6526315789473685,1
IND282001AAA,IND110037AAM,FTL,Morning,1.7578947368421052,2.9169420758600415,3
IND282001AAC,IND000000ACB,FTL,Morning,1.6307199799133762,1.7643462431736865,2
IND282001AAF,IND283122AAB,Carting,Night,2.5789473684210527,3.0555555555555554,11
IND282001AAF,IND283122AAB,FTL,Night,2.1666666666666665,2.322222222222222,7
IND282002AAD,IND110037AAM,FTL,Night,1.5315789473684212,1.5315789473684212,1
IND282002AAD,IND204101AAA,FTL,Afternoon,3.0681818181818183,3.0681818181818183,1
IND282002AAD,IND204101AAA,FTL,Night,2.0,2.02,3
IND282002AAD,IND205001AAB,FTL,Morning,2.028673361522199,2.288636363636364,4
IND282002AAD,IND205001AAB,FTL,Night,2.1818181818181817,2.1818181818181817,1
IND282002AAD,IND281004AAA,FTL,Night,1.2077922077922079,1.3087491455912508,7
IND282002AAD,IND474003AAA,FTL,Morning,1.5852617079889808,1.9975609756097559,8
IND283122AAB,IND282005AAA,Carting,Night,16.708333333333332,40.25595238095239,3
IND283122AAB,IND328001AAA,FTL,Night,1.15625,1.261290322580645,7
IND283203AAA,IND110037AAM,Carting,Evening,2.2142857142857144,2.2142857142857144,1
IND283203AAA,IND110037AAM,FTL,Morning,2.260204081632653,2.2865934065934064,5
IND283203AAA,IND110037AAM,FTL,Night,2.1964285714285716,2.3085646312450434,6
IND283203AAA,IND282002AAD,FTL,Night,2.1142857142857143,2.1142857142857143,1
IND284001AAA,IND284403AAA,FTL,Morning,1.5070603337612325,1.522464698331194,2
IND284001AAA,IND284403AAA,FTL,Night,2.31612685560054,2.4427125506072875,2
IND284403AAA,IND472001AAA,FTL,Night,1.6482930298719771,1.7458748221906115,2
IND284403AAA,IND474003AAA,FTL,Evening,2.5048076923076925,2.5048076923076925,1
IND285001AAD,IND285205AAB,FTL,Night,1.421798631476051,1.8014204545454546,18
IND285205AAB,IND210431AAA,FTL,Night,2.075,2.6525462962962965,4
IND301001AAB,IND302014AAA,FTL,Afternoon,2.6730769230769234,2.8115384615384618,2
IND301001AAB,IND321001AAB,FTL,Night,1.78125,2.1159420289855073,11
IND301001AAB,IND321606AAA,FTL,Night,2.236824769433465,2.2444664031620554,2
IND301019AAA,IND123001AAA,FTL,Evening,2.4550671550671552,2.9545054945054945,2
IND301019AAA,IND301705AAA,FTL,Evening,3.297872340425532,3.7127659574468086,5
IND301705AAA,IND123001AAA,FTL,Evening,2.5806451612903225,2.5806451612903225,1
IND302004AAA,IND302014AAB,Carting,Night,2.875,6.431666666666667,7
IND302004AAA,IND302033AAB,Carting,Night,2.9,2.9,1
IND302006AAA,IND302014AAB,Carting,Night,4.116666666666667,5.91048951048951,10
IND302006AAC,IND302014AAB,Carting,Night,3.5,3.5,1
IND302014AAA,IND000000ACB,FTL,Afternoon,1.920731707317073,2.014412416851441,5
IND302014AAA,IND000000ACB,FTL,Evening,1.943729298404095,2.081428786510087,2
IND302014AAA,IND000000ACB,FTL,Night,1.9603658536585367,2.045391291336226,12
IND302014AAA,IND110037AAM,FTL,Evening,1.7079207920792079,1.7482926829268293,5
IND302014AAA,IND110037AAM,FTL,Night,1.7376237623762376,1.9565188834154352,7
IND302014AAA,IND301001AAB,FTL,Afternoon,1.8220338983050848,2.010344827586207,17
IND302014AAA,IND303702AAB,FTL,Afternoon,2.210526315789474,2.8000000000000003,7
IND302014AAA,IND305001AAC,FTL,Morning,2.518867924528302,2.746348217376255,13
IND302014AAA,IND306401AAB,FTL,Morning,2.2460691500308707,2.2836324346573367,2
IND302014AAA,IND313001AAB,FTL,Evening,1.9059233449477353,2.05417641162713,10
IND302014AAA,IND332404AAA,FTL,Afternoon,2.413793103448276,2.413793103448276,1
IND302014AAB,IND302004AAA,Carting,Morning,2.3658088235294117,3.594852941176472,14
IND302014AAB,IND302004AAA,Carting,Night,1.5460526315789473,3.6125,8
IND302014AAB,IND302006AAA,Carting,Morning,1.9354166666666668,3.3387500000000006,12
IND302014AAB,IND302006AAC,Carting,Morning,2.1666666666666665,3.0833333333333335,11
IND302014AAB,IND302006AAC,Carting,Night,4.138888888888889,4.71969696969697,4
IND302014AAB,IND302020AAA,Carting,Morning,2.0833333333333335,4.199999999999999,15
IND302014AAB,IND302023AAA,Carting,Morning,2.7255639097744364,3.162525879917184,16
IND302014AAB,IND302023AAA,Carting,Night,3.775974025974026,4.0694805194805195,2
IND302014AAB,IND302026AAA,Carting,Evening,5.0,5.0,1
IND302014AAB,IND302026AAA,Carting,Night,4.735294117647059,5.735294117647059,14
IND302014AAB,IND303008AAB,Carting,Night,1.8727272727272728,2.0763636363636366,3
IND302014AAB,IND303301AAB,Carting,Night,1.4616071428571429,1.6578629032258065,8
IND302014AAB,IND303603AAB,Carting,Night,1.6944444444444444,1.6944444444444444,1
IND302014AAB,IND303901AAA,Carting,Night,4.0,5.588571428571429,7
IND302014AAB,IND304001AAA,Carting,Night,2.4833333333333334,2.4833333333333334,1
IND302020AAA,IND302014AAB,Carting,Evening,6.833333333333333,6.833333333333333,1
IND302020AAA,IND302014AAB,Carting,Night,5.965909090909091,7.490909090909091,14
IND302022AAD,IND000000ACB,Carting,Night,1.9146341463414633,1.9733333333333334,5
IND302026AAA,IND302014AAB,Carting,Morning,11.5,17.055555555555554,3
IND303002AAA,IND302014AAA,FTL,Afternoon,2.0285714285714285,2.6220113851992406,8
IND303008AAB,IND303338AAB,Carting,Night,1.4666666666666666,1.5733333333333335,3
IND303106AAA,IND302014AAA,FTL,Afternoon,2.265804597701149,2.411781609195402,2
IND303106AAA,IND303002AAA,FTL,Afternoon,1.7142857142857142,1.8495652173913044,7
IND303108AAB,IND303106AAA,FTL,Afternoon,1.5333333333333334,1.7950000000000002,7
IND303301AAB,IND303303AAA,Carting,Night,1.492391304347826,1.9346153846153846,10
IND303303AAA,IND322230AAA,Carting,Night,1.4545454545454546,1.5714285714285714,11
IND303338AAB,IND303603AAB,Carting,Night,0.8886410942610764,1.1508771929824562,4
IND303503AAA,IND302014AAB,Carting,Night,1.7272727272727273,2.0353383458646617,9
IND303603AAB,IND302014AAB,Carting,Night,2.3685671973343205,2.8068493150684932,4
IND303603AAB,IND303338AAB,Carting,Night,0.8771929824561403,0.8771929824561403,1
IND303702AAB,IND332001AAB,FTL,Afternoon,1.6085509472606248,1.7112903225806453,4
IND303702AAB,IND332404AAA,FTL,Afternoon,1.5208333333333335,1.8,6
IND303901AAA,IND304001AAA,Carting,Night,1.9285714285714284,1.9476190476190476,2
IND305001AAC,IND305802AAA,FTL,Evening,2.074074074074074,2.9889230769230775,7
IND305001AAC,IND305802AAA,FTL,Night,2.32,3.294769230769231,3
IND305001AAC,IND305901AAA,FTL,Evening,2.0232558139534884,6.583333333333333,11
IND305001AAC,IND306401AAB,FTL,Morning,2.004032258064516,2.3811475409836067,14
IND305001AAC,IND342602AAC,FTL,Evening,1.78125,1.78125,1
IND305404AAA,IND305001AAC,FTL,Evening,2.340909090909091,2.340909090909091,1
IND305404AAA,IND305601AAC,FTL,Evening,1.4732142857142856,1.9305263157894736,8
IND305601AAC,IND305001AAC,FTL,Evening,1.9852941176470589,2.688235294117647,10
IND305624AAA,IND305404AAA,FTL,Evening,1.7432432432432432,2.2175490559052204,7
IND305802AAA,IND341512AAA,FTL,Evening,1.9743589743589745,2.4946386946386947,5
IND305802AAA,IND341512AAA,FTL,Night,2.0588235294117645,2.0588235294117645,1
IND305901AAA,IND342602AAC,FTL,Evening,1.9054545454545455,3.703636363636364,4
IND306116AAA,IND306001AAA,FTL,Night,2.3429299166409385,2.6660543377585673,2
IND306401AAB,IND302014AAA,FTL,Evening,1.9212962962962963,2.0439252336448597,7
IND306401AAB,IND305001AAC,Carting,Afternoon,2.358556577369052,2.4814674130347862,2
IND306401AAB,IND305001AAC,Carting,Morning,3.040650406504065,3.3451612903225807,12
IND306401AAB,IND342005AAD,FTL,Morning,1.68657937806874,2.7338383838383837,16
IND306401AAB,IND343001AAA,FTL,Night,1.8488372093023255,2.0074145006839945,3
IND311001AAA,IND313324AAA,FTL,Afternoon,1.8846153846153846,1.976923076923077,4
IND311301AAA,IND305624AAA,FTL,Evening,4.588235294117647,5.66060606060606,5
IND312001AAA,IND311001AAA,FTL,Afternoon,1.565217391304348,1.7234042553191489,11
IND312001AAA,IND312601AAA,FTL,Night,1.358416130917592,1.726890756302521,6
IND312403AAA,IND312001AAA,FTL,Night,1.4230769230769231,2.1210526315789475,9
IND312601AAA,IND458664AAA,FTL,Night,1.1615853658536586,1.5841463414634145,6
IND312605AAB,IND313001AAB,FTL,Afternoon,2.234381708887935,2.3420996135680547,4
IND312605AAB,IND313001AAB,FTL,Morning,2.4817518248175183,2.4817518248175183,1
IND312605AAB,IND458001AAB,FTL,Night,1.8198051948051948,2.39375,10
IND313001AAB,IND306401AAB,FTL,Evening,2.06392967735491,2.436016096579477,6
IND313001AAB,IND311001AAA,FTL,Afternoon,2.6454545454545455,2.6454545454545455,1
IND313001AAB,IND312001AAA,FTL,Afternoon,2.0759493670886076,2.189873417721519,11
IND313001AAB,IND327001AAB,FTL,Afternoon,2.198675496688742,3.396026490066225,5
IND313001AAB,IND327001AAB,FTL,Morning,3.4172185430463577,3.4172185430463577,1
IND313001AAB,IND382430AAB,FTL,Evening,2.130890052356021,2.4397486772486774,13
IND313324AAA,IND313001AAB,FTL,Afternoon,1.7987588652482271,2.660416666666667,12
IND321001AAA,IND301001AAB,FTL,Night,5.927835051546392,6.150515463917526,2
IND321001AAA,IND321401AAB,FTL,Night,1.2396870554765291,1.3802494802494802,8
IND321001AAB,IND321001AAA,FTL,Night,1.3003337041156842,2.2419354838709675,6
IND321001AAB,IND321401AAB,FTL,Night,1.847902097902098,1.908041958041958,2
IND321022AAA,IND121004AAB,Carting,Night,3.2439024390243905,3.414285714285714,7
IND321408AAB,IND321606AAA,FTL,Night,1.93125,2.303125,4
IND321606AAA,IND301001AAB,FTL,Night,7.159420289855072,7.747826086956522,5
IND321606AAA,IND321001AAA,FTL,Night,1.8284438775510203,2.115688775510204,2
IND322001AAC,IND302014AAB,Carting,Night,2.1422716627634664,2.4855971896955507,2
IND322201AAA,IND302014AAB,Carting,Night,1.9438202247191012,1.9438202247191012,1
IND322201AAA,IND303503AAA,Carting,Night,1.7333333333333334,2.128484848484849,9
IND322230AAA,IND322241AAA,Carting,Night,1.6071428571428572,1.8571428571428572,11
IND322241AAA,IND322201AAA,Carting,Night,2.4173913043478263,2.608695652173913,12
IND327001AAB,IND312605AAB,FTL,Afternoon,1.4112903225806452,1.4258064516129032,4
IND328001AAA,IND000000ACB,FTL,Morning,1.5404040404040404,1.5404040404040404,1
IND328001AAA,IND282002AAD,FTL,Night,2.696969696969697,3.3199063231850117,7
IND328001AAA,IND474003AAA,FTL,Morning,1.3664523670368207,1.6181472822910579,4
IND331022A1B,IND331001A1C,FTL,Night,2.6122448979591835,2.6122448979591835,1
IND331023AAA,IND331304AAA,FTL,Night,1.1612903225806452,1.332258064516129,3
IND331304AAA,IND332001AAB,FTL,Night,4.104020979020979,4.709848484848485,4
IND331507AAA,IND302014AAA,FTL,Afternoon,2.4011976047904193,2.502057702776266,3
IND331701AAA,IND125001AAA,FTL,Evening,5.484375,5.484375,1
IND332001AAB,IND333001AAA,FTL,Night,1.3,1.3,1
IND332001AAB,IND333028AAA,FTL,Night,1.4531046717918392,1.536936723832052,2
IND332001AAB,IND333031AAA,FTL,Night,2.267508865248227,2.598182624113475,2
IND332001AAB,IND333042AAA,FTL,Night,1.5889689578713968,3.2925115207373277,12
IND332001AAB,IND334001AAB,FTL,Afternoon,1.6168831168831168,1.7038451744334098,7
IND332001AAB,IND334001AAC,FTL,Afternoon,1.588235294117647,1.6579067990832697,3
IND332404AAA,IND332001AAB,FTL,Afternoon,1.4324324324324325,1.6552631578947368,9
IND332713AAA,IND332709AAA,FTL,Night,2.9170673076923075,4.04017094017094,4
IND333001AAA,IND333028AAA,FTL,Night,1.170731707317073,1.170731707317073,1
IND333028AAA,IND333504AAA,FTL,Night,2.388888888888889,2.388888888888889,1
IND333031AAA,IND331023AAA,FTL,Night,2.8,3.1514778325123154,5
IND333042AAA,IND333031AAA,FTL,Night,1.608187134502924,1.756,12
IND334001AAB,IND334803AAA,FTL,Afternoon,1.5319148936170213,1.5319148936170213,1
IND334001AAC,IND334803AAA,FTL,Afternoon,1.6222222222222222,1.7644444444444445,3
IND334001AAC,IND341001AAC,FTL,Afternoon,1.625,1.6297619047619047,2
IND334803AAA,IND341001AAC,FTL,Afternoon,1.7602272727272728,1.9320454545454546,2
IND335001AAA,IND125104AAA,FTL,Evening,1.8235294117647058,2.165,7
IND335051AAA,IND335513AAA,Carting,Morning,2.104186191815058,2.3359887535145267,2
IND335051AAA,IND335513AAA,Carting,Night,1.5555555555555556,3.640344622697565,7
IND335501AAA,IND331701AAA,FTL,Evening,1.7142857142857142,1.7142857142857142,1
IND335513AAA,IND335001AAA,FTL,Evening,1.790516206482593,2.1270588235294117,6
IND335513AAA,IND335803AAA,Carting,Morning,1.6613300492610836,1.904679802955665,2
IND335513AAA,IND335803AAA,Carting,Night,1.2980295566502464,1.6228991596638656,6
IND335513AAA,IND335804AAD,Carting,Night,1.5,1.5,1
IND335523AAB,IND125001AAA,FTL,Evening,3.7542372881355934,3.7542372881355934,1
IND335524AAA,IND335523AAB,FTL,Evening,1.148936170212766,1.148936170212766,1
IND335701AAA,IND335051AAA,Carting,Morning,1.0618351063829787,1.1623670212765957,2
IND335701AAA,IND335051AAA,Carting,Night,1.0638297872340425,1.8375000000000001,5
IND335703AAA,IND335701AAA,Carting,Morning,1.0483870967741935,1.0612903225806452,2
IND335703AAA,IND335701AAA,Carting,Night,1.2980884109916369,2.0787878787878786,6
IND335803AAA,IND335804AAD,Carting,Morning,1.3896103896103895,1.5870129870129872,2
IND335803AAA,IND335804AAD,Carting,Night,1.0909090909090908,1.736695652173913,5
IND335804AAD,IND335703AAA,Carting,Morning,1.0675675675675675,1.1216216216216215,2
IND335804AAD,IND335703AAA,Carting,Night,1.0789473684210527,1.2894736842105263,6
IND341001AAC,IND341030AAA,FTL,Afternoon,1.4871794871794872,1.4871794871794872,1
IND341001AAC,IND341303AAA,FTL,Afternoon,1.5595238095238095,2.8928571428571432,5
IND341030AAA,IND341303AAA,FTL,Afternoon,1.4855915065722953,1.543629929221436,2
IND341303AAA,IND341306AAA,FTL,Afternoon,1.6733333333333333,1.7875,12
IND341306AAA,IND302014AAA,FTL,Afternoon,2.3205882352941174,2.4620227038183695,4
IND341503AAB,IND341510AAB,FTL,Evening,2.2727272727272725,2.9964349376114083,8
IND341503AAB,IND341510AAB,FTL,Night,1.9393939393939394,2.036363636363636,3
IND341505AAA,IND341503AAB,FTL,Evening,1.9633418584825235,2.2324808184143223,8
IND341505AAA,IND341503AAB,FTL,Night,1.8529411764705883,2.3117647058823527,3
IND341510AAB,IND305001AAC,FTL,Evening,2.3909090909090907,2.9727272727272727,10
IND341510AAB,IND305001AAC,FTL,Night,2.2181818181818183,2.261818181818182,2
IND341512AAA,IND341505AAA,FTL,Evening,1.6818181818181819,1.7964426877470354,4
IND341512AAA,IND341505AAA,FTL,Night,2.28,2.28,1
IND342005AAD,IND342601AAA,FTL,Morning,2.1734693877551017,3.2229166666666664,8
IND342005AAD,IND342902A1B,FTL,Morning,1.6808510638297873,1.6808510638297873,1
IND342005AAD,IND342902AAA,FTL,Morning,2.1117021276595747,3.7717494089834522,4
IND342005AAD,IND344022AAB,FTL,Night,1.7733333333333334,1.9952727272727273,4
IND342301AAA,IND342005AAD,FTL,Morning,5.404761904761905,5.404761904761905,1
IND342301AAA,IND342005AAD,FTL,Night,5.7265625,7.168,9
IND342601AAA,IND342902A1B,FTL,Morning,1.9534883720930232,2.387515299877601,5
IND342601AAA,IND342902AAA,FTL,Morning,1.9142857142857144,1.9633449477351916,3
IND342602AAC,IND311302AAA,FTL,Evening,2.026315789473684,2.185544848035582,3
IND342902A1B,IND302014AAA,FTL,Morning,2.414438895417156,2.6335222319093283,8
IND342902AAA,IND302014AAA,FTL,Morning,2.3870967741935485,2.802945301542777,5
IND344001AAA,IND342301AAA,FTL,Night,1.6257649634310165,1.643964873874322,2
IND344001AAA,IND345001AAA,FTL,Night,0.7545537097377277,0.9408210442407333,4
IND344001AAA,IND345021AAA,FTL,Night,1.7211871069182392,1.7681367924528302,2
IND344022AAB,IND342301AAA,FTL,Night,2.4974874371859297,2.4974874371859297,1
IND344022AAB,IND344001AAA,FTL,Morning,1.1764705882352942,1.1764705882352942,1
IND344022AAB,IND344001AAA,FTL,Night,1.4558823529411764,1.5275401069518717,3
IND345001AAA,IND342301AAA,FTL,Night,1.75,1.75,1
IND345001AAA,IND345021AAA,FTL,Night,1.341908091908092,1.3453046953046954,2
IND345021AAA,IND342301AAA,FTL,Morning,1.4666666666666666,1.4666666666666666,1
IND345021AAA,IND342301AAA,FTL,Night,1.711111111111111,1.7565217391304349,5
IND360003AAA,IND360311AAA,Carting,Night,2.102307692307692,2.2764615384615383,2
IND360311AAA,IND360050AAA,Carting,Night,1.3777777777777778,1.3777777777777778,1
IND360370AAA,IND360410AAA,FTL,Night,2.4615384615384617,2.4615384615384617,1
IND360410AAA,IND360490AAA,FTL,Night,2.8241758241758244,3.0263736263736267,2
IND360490AAA,IND362001AAA,FTL,Night,2.324324324324324,3.2077777777777783,9
IND360510AAB,IND360530AAB,Carting,Night,1.419871794871795,1.8838196286472149,12
IND360530AAB,IND362001AAA,Carting,Night,2.043064182194617,2.45888198757764,12
IND360575AAA,IND360510AAB,Carting,Night,1.75,2.302439024390244,9
IND361001AAA,IND361305AAC,FTL,Night,1.775,2.048780487804878,11
IND361305AAC,IND361315AAA,FTL,Night,1.723908918406072,1.9345063538611926,6
IND361305AAC,IND361335AAA,FTL,Night,1.5932203389830508,1.5932203389830508,1
IND361315AAA,IND361335AAA,FTL,Night,1.5555555555555556,1.7485714285714287,7
IND361335AAA,IND360002AAB,FTL,Night,1.3368983957219251,1.3368983957219251,1
IND362001AAA,IND360370AAA,FTL,Night,2.0869565217391304,2.6347826086956525,9
IND362001AAA,IND360575AAA,Carting,Night,1.4404761904761905,1.8853413654618476,9
IND362001AAA,IND362220AAA,Carting,Morning,4.208333333333333,4.208333333333333,1
IND362001AAA,IND362220AAA,Carting,Night,2.0416666666666665,2.6666666666666665,11
IND362001AAA,IND362265AAA,Carting,Morning,2.142857142857143,2.142857142857143,1
IND362001AAA,IND362265AAA,Carting,Night,1.7017543859649122,1.7017543859649122,1
IND362150AAA,IND362001AAA,Carting,Night,1.696115013169447,1.956739380022962,8
IND362220AAA,IND362225AAA,Carting,Night,1.96,2.145893719806763,5
IND362220AAA,IND362265AAA,Carting,Night,1.578125,1.615625,2
IND362225AAA,IND362265AAA,Carting,Night,1.8148148148148149,1.865925925925926,5
IND362265AAA,IND362720AAA,Carting,Night,2.4444444444444446,2.762142857142857,13
IND362560AAA,IND362150AAA,Carting,Night,1.778688524590164,1.8903125,8
IND362720AAA,IND362560AAA,Carting,Night,1.9616402116402116,2.411111111111111,14
IND363001AAA,IND363421AAB,FTL,Night,1.121212121212121,1.33030303030303,10
IND363310AAB,IND382430AAB,FTL,Night,1.3936722999223,1.5818181818181818,8
IND363330AAB,IND363310AAB,FTL,Night,1.6756756756756757,2.0864864864864865,7
IND363421AAB,IND364710AAA,FTL,Night,2.026315789473684,2.2897435897435896,10
IND363520AAC,IND363001AAA,FTL,Night,1.183673469387755,1.3727891156462584,9
IND363641AAA,IND360002AAB,Carting,Night,1.7941176470588236,1.7941176470588236,1
IND363641AAA,IND363621AAB,Carting,Night,1.4696969696969697,1.7484848484848485,4
IND364004AAB,IND365560AAA,FTL,Night,2.024317121918721,2.4085524180460887,6
IND364270AAA,IND364001AAA,FTL,Night,1.868421052631579,1.868421052631579,1
IND364290AAA,IND365560AAB,FTL,Night,2.1724137931034484,2.1724137931034484,1
IND365560AAA,IND365560AAB,FTL,Night,1.7142857142857142,2.0610169491525423,5
IND365560AAB,IND364290AAA,FTL,Night,2.434927697441602,3.072758620689655,8
IND370001AAA,IND370110AAA,FTL,Night,6.419354838709678,18.148148148148152,4
IND370001AAA,IND370201AAA,FTL,Night,6.4772727272727275,6.4772727272727275,1
IND370001AAA,IND370615AAB,FTL,Night,1.7727272727272727,2.046843853820598,8
IND370110AAA,IND370001AAA,FTL,Night,2.1483870967741936,2.647765006385696,14
IND370110AAA,IND370615AAB,FTL,Night,2.095890410958904,2.095890410958904,1
IND370201AAA,IND363310AAB,FTL,Night,1.6900584795321638,1.6900584795321638,1
IND370201AAA,IND363330AAB,FTL,Night,1.4,1.4548148148148148,7
IND370615AAB,IND370001AAA,FTL,Night,6.0625,10.42275641025641,3
IND380005AAA,IND382421AAA,Carting,Night,3.5555555555555554,8.57777777777778,5
IND380005AAA,IND382430AAB,Carting,Night,3.0,3.0,1
IND380005AAA,IND382721AAA,Carting,Night,3.2,3.36,2
IND380006AAA,IND382430AAB,Carting,Morning,3.3,3.3,1
IND380006AAA,IND382430AAB,Carting,Night,2.0,3.694949494949495,13
IND380006AAB,IND382430AAB,Carting,Morning,4.518939393939394,5.267424242424243,2
IND380006AAB,IND382430AAB,Carting,Night,3.5694444444444446,4.8931818181818185,22
IND380021AAA,IND382430AAB,Carting,Morning,8.874125874125873,13.265734265734265,2
IND380021AAA,IND382430AAB,Carting,Night,2.9615384615384617,5.20979020979021,26
IND380054AAA,IND382430AAB,Carting,Morning,1.9444444444444444,1.988888888888889,2
IND380054AAA,IND382430AAB,Carting,Night,2.5588235294117645,3.56031746031746,18
IND382421AAA,IND382430AAB,Carting,Morning,2.193548387096774,2.4516129032258065,2
IND382421AAA,IND382430AAB,Carting,Night,4.027777777777778,6.694444444444445,11
IND382421AAA,IND382721AAA,Carting,Night,1.2941176470588236,1.625,11
IND382430AAB,IND000000ACB,FTL,Afternoon,1.8523809523809525,2.1295238095238096,5
IND382430AAB,IND000000ACB,FTL,Evening,1.786624203821656,1.786624203821656,1
IND382430AAB,IND000000ACB,FTL,Morning,2.3166666666666664,2.6568253968253965,8
IND382430AAB,IND313001AAB,FTL,Evening,1.989795652739815,2.1352789588970493,6
IND382430AAB,IND364004AAB,FTL,Afternoon,1.6259541984732824,1.6526717557251909,8
IND382430AAB,IND370201AAA,FTL,Afternoon,1.48125,1.9065420560747663,11
IND382430AAB,IND380005AAA,Carting,Morning,2.3333333333333335,4.084057971014492,3
IND382430AAB,IND380005AAA,Carting,Night,2.0,3.286956521739132,27
IND382430AAB,IND380015AAB,Carting,Morning,2.3333333333333335,2.3333333333333335,2
IND382430AAB,IND380015AAB,Carting,Night,2.3484848484848486,4.030000000000001,28
IND382430AAB,IND380054AAA,Carting,Morning,2.2058823529411766,2.2294117647058824,2
IND382430AAB,IND380054AAA,Carting,Night,2.176470588235294,4.2875,29
IND382430AAB,IND382345AAA,Carting,Morning,2.5625,2.7125,2
IND382430AAB,IND382345AAA,Carting,Night,2.1538461538461537,6.275000000000004,27
IND382430AAB,IND384205AAA,FTL,Afternoon,1.6294117647058823,5.184705882352942,4
IND382430AAB,IND384205AAA,FTL,Evening,1.423529411764706,3.223529411764706,7
IND382430AAB,IND384205AAA,FTL,Morning,1.5682072829131655,1.5898319327731094,2
IND382430AAB,IND387620AAB,Carting,Night,2.0377358490566038,2.0377358490566038,1
IND382430AAB,IND388320AAA,FTL,Evening,1.019836328055506,1.4856643356643353,8
IND382430AAB,IND389001AAA,FTL,Evening,1.653061224489796,1.7752787713023352,12
IND382430AAB,IND389001AAA,FTL,Night,1.7734390786017378,1.8905940594059407,4
IND382430AAB,IND395023AAA,FTL,Afternoon,1.8520979899497487,1.9626711991329195,8
IND382430AAB,IND395023AAA,FTL,Evening,1.7718446601941746,1.9636219512195123,12
IND382430AAB,IND395023AAA,FTL,Night,1.7884313725490197,1.955,4
IND382715AAA,IND382430AAB,FTL,Night,1.9636363636363636,2.5185185185185186,15
IND382721AAA,IND382430AAB,Carting,Night,2.6341463414634148,2.8258286429018136,12
IND383001AAA,IND383315AAC,FTL,Night,1.2857142857142858,1.5453769559032717,9
IND383255AAB,IND384205AAA,FTL,Night,1.6574074074074074,2.103011611030479,7
IND383315AAC,IND383255AAB,FTL,Night,1.2222222222222223,1.4800599700149926,7
IND383315AAC,IND384205AAA,FTL,Night,1.3608247422680413,1.3608247422680413,1
IND384170AAA,IND384265AAB,FTL,Night,1.2916666666666667,1.5833333333333333,11
IND384205AAA,IND382430AAB,FTL,Night,1.869047619047619,1.869047619047619,1
IND384205AAA,IND382715AAA,FTL,Night,1.5,1.92,15
IND384205AAA,IND383001AAA,FTL,Night,1.5625,1.7241379310344829,7
IND384205AAA,IND384170AAA,FTL,Night,1.25,2.051948051948052,6
IND384205AAA,IND384355AAB,FTL,Night,1.6470588235294117,2.1058823529411765,12
IND384205AAA,IND385001AAA,FTL,Night,2.7419354838709675,2.7419354838709675,1
IND384265AAB,IND385320AAA,FTL,Night,1.2979824561403508,1.472,10
IND384265AAB,IND385340AAB,FTL,Night,3.0434782608695654,3.0434782608695654,1
IND384355AAB,IND384205AAA,FTL,Night,2.2903225806451615,2.2903225806451615,1
IND384355AAB,IND385001AAA,FTL,Night,1.4961538461538462,1.7046153846153846,12
IND385001AAA,IND385535AAA,FTL,Night,1.5,2.0521052631578947,13
IND385320AAA,IND385340AAB,FTL,Night,0.8869047619047619,1.018918918918919,14
IND385340AAB,IND384205AAA,FTL,Night,1.4076086956521738,1.5218077803203662,4
IND385535AAA,IND384205AAA,FTL,Night,1.9812500000000002,2.538127192313558,14
IND387001AAA,IND388220AAA,Carting,Night,1.6666666666666665,2.5679487179487177,10
IND387620AAB,IND389230AAB,Carting,Night,2.1846153846153844,2.1846153846153844,1
IND388121AAA,IND388620AAB,Carting,Night,1.5517970401691332,1.9245565410199557,10
IND388220AAA,IND388320AAA,Carting,Night,1.72,2.84,11
IND388320AAA,IND387001AAA,Carting,Morning,5.2,5.2,1
IND388320AAA,IND387001AAA,Carting,Night,1.712820512820513,2.4799999999999995,8
IND388320AAA,IND388121AAA,Carting,Night,4.25,4.25,1
IND388320AAA,IND388220AAA,Carting,Night,2.0,2.0,1
IND388320AAA,IND390022AAA,FTL,Evening,1.92,2.2794567062818336,5
IND388620AAB,IND388320AAA,Carting,Night,1.7717391304347827,2.162566277836692,12
IND389001AAA,IND389151AAA,FTL,Evening,1.644561403508772,2.06530612244898,12
IND389001AAA,IND389151AAA,FTL,Night,1.75,1.906,4
IND389151AAA,IND457661AAA,FTL,Evening,2.922348484848485,3.4423264907135875,6
IND389151AAA,IND457661AAA,FTL,Night,2.5588235294117645,2.782732447817837,3
IND390018AAB,IND390020AAA,Carting,Night,2.0,2.0,1
IND390020AAA,IND390018AAB,Carting,Night,3.3636363636363638,3.3636363636363638,1
IND390020AAA,IND390022AAA,Carting,Morning,7.214285714285714,7.214285714285714,1
IND390020AAA,IND391110AAD,Carting,Night,1.9393939393939394,3.188948306595366,5
IND390022AAA,IND382430AAB,FTL,Afternoon,1.6,1.8514285714285714,5
IND390022AAA,IND388320AAA,Carting,Night,1.5285714285714285,1.8520197044334976,14
IND390022AAA,IND390020AAA,Carting,Morning,6.8,6.8,1
IND390022AAA,IND390020AAA,Carting,Night,4.416666666666667,4.416666666666667,1
IND390022AAA,IND395023AAA,FTL,Evening,1.884297520661157,2.0459016393442626,13
IND390022AAA,IND395023AAA,FTL,Night,1.6333333333333333,1.7766666666666666,5
IND391110AAD,IND390020AAA,Carting,Night,3.7857142857142856,4.185714285714286,2
IND395001AAA,IND395023AAD,Carting,Morning,4.071428571428571,4.071428571428571,1
IND395001AAA,IND395023AAD,Carting,Night,10.285714285714286,11.449523809523809,9
IND395004AAB,IND395023AAD,Carting,Morning,4.705882352941176,5.035294117647059,2
IND395004AAB,IND395023AAD,Carting,Night,9.505882352941176,10.381176470588235,2
IND395006AAA,IND395023AAD,Carting,Morning,70.0,70.0,1
IND395006AAA,IND395023AAD,Carting,Night,8.335416666666667,9.45375,2
IND395009AAA,IND395023AAD,Carting,Morning,3.2777777777777777,3.2777777777777777,1
IND395009AAA,IND395023AAD,Carting,Night,9.722222222222221,10.1625,12
IND395010AAB,IND395023AAA,Carting,Morning,1.4375,1.4375,1
IND395023AAA,IND110037AAM,FTL,Afternoon,1.83115338882283,1.9693680884676146,13
IND395023AAA,IND382430AAB,FTL,Evening,1.8172043010752688,1.9572192513368987,7
IND395023AAA,IND382430AAB,FTL,Night,1.7967914438502675,1.972972972972973,11
IND395023AAA,IND390022AAA,FTL,Afternoon,1.7131147540983607,1.8064251718667372,5
IND395023AAA,IND394221AAA,Carting,Afternoon,1.9090909090909092,1.9090909090909092,1
IND395023AAA,IND394221AAA,Carting,Morning,6.117647058823529,6.117647058823529,1
IND395023AAA,IND396191AAC,FTL,Afternoon,2.2857142857142856,2.2857142857142856,1
IND395023AAA,IND396191AAC,FTL,Evening,1.986842105263158,2.1626794258373208,6
IND395023AAA,IND396191AAC,FTL,Morning,2.9210526315789473,2.9210526315789473,1
IND395023AAA,IND396191AAC,FTL,Night,2.0533333333333332,2.0533333333333332,1
IND395023AAA,IND411033AAA,FTL,Afternoon,2.668965517241379,2.8655880963627776,5
IND395023AAA,IND411033AAA,FTL,Evening,2.852233676975945,3.6272472637401436,5
IND395023AAA,IND421302AAG,FTL,Afternoon,2.45771144278607,2.45771144278607,1
IND395023AAA,IND421302AAG,FTL,Evening,2.466424870466321,2.615564766839378,2
IND395023AAA,IND562132AAA,FTL,Afternoon,1.9391657010428738,2.090730011587486,2
IND395023AAA,IND562132AAA,FTL,Evening,1.9432213209733489,2.0727694090382385,9
IND395023AAA,IND562132AAA,FTL,Night,1.947856315179606,2.135185721642848,5
IND395023AAD,IND395001AAA,Carting,Morning,2.3333333333333335,2.4974358974358974,3
IND395023AAD,IND395001AAA,Carting,Night,1.7747252747252746,1.8406593406593408,2
IND395023AAD,IND395004AAB,Carting,Morning,4.2,4.2,1
IND395023AAD,IND395004AAB,Carting,Night,2.4285714285714284,3.895927601809956,13
IND395023AAD,IND395006AAA,Carting,Morning,2.125,2.626373626373627,9
IND395023AAD,IND395006AAA,Carting,Night,1.7512820512820513,1.928021978021978,12
IND395023AAD,IND395009AAA,Carting,Morning,3.066666666666667,3.1633333333333336,3
IND395023AAD,IND396445AAA,Carting,Night,1.875,2.5500000000000003,7
IND396001AAA,IND395023AAD,Carting,Night,2.3797814207650276,9.585561160151325,4
IND396105AAA,IND396191AAC,Carting,Night,2.888888888888889,2.888888888888889,1
IND396191AAB,IND421302AAG,FTL,Afternoon,1.9047619047619047,1.9047619047619047,1
IND396191AAB,IND421302AAG,FTL,Evening,2.384,2.384,1
IND396191AAC,IND395023AAA,FTL,Morning,2.3421052631578947,2.3421052631578947,1
IND396191AAC,IND396105AAA,Carting,Night,0.6086956521739131,0.6086956521739131,1
IND396191AAC,IND396210AAA,Carting,Night,3.909090909090909,3.909090909090909,1
IND396191AAC,IND396232AAA,Carting,Night,2.6923076923076925,2.8923076923076922,15
IND396191AAC,IND421302AAG,FTL,Afternoon,1.968503937007874,1.968503937007874,1
IND396191AAC,IND421302AAG,FTL,Evening,2.7777777777777777,3.1098834645669293,5
IND396191AAC,IND421302AAG,FTL,Night,2.515873015873016,2.515873015873016,1
IND396232AAA,IND396191AAC,Carting,Afternoon,3.5357142857142856,4.15,10
IND396232AAA,IND396191AAC,Carting,Morning,4.071428571428571,4.814285714285714,2
IND396321AAA,IND396001AAA,Carting,Night,1.4285714285714286,1.9162393162393165,7
IND396321AAA,IND396580AAB,Carting,Night,1.878787878787879,2.1282258064516126,13
IND396445AAA,IND396321AAA,Carting,Night,2.2,2.658666666666667,7
IND396580AAB,IND396321AAA,Carting,Night,2.0,6.460294117647062,7
IND400011AAA,IND400072AAB,Carting,Afternoon,4.071428571428571,4.071428571428571,1
IND400011AAA,IND400072AAB,Carting,Evening,2.2666666666666666,2.58125,8
IND400011AAA,IND400072AAD,Carting,Afternoon,3.2777777777777777,4.222222222222222,21
IND400011AAA,IND400072AAD,Carting,Evening,2.466666666666667,2.8451127819548874,19
IND400015AAA,IND400072AAB,Carting,Evening,2.343137254901961,3.119444444444445,14
IND400015AAA,IND400072AAB,Carting,Morning,4.0,6.288235294117647,12
IND400015AAA,IND400072AAB,Carting,Night,2.4285714285714284,2.4285714285714284,1
IND400015AAA,IND421302AAG,Carting,Morning,3.7586206896551726,3.7586206896551726,1
IND400015AAB,IND400072AAB,Carting,Morning,4.5,5.741176470588235,4
IND400015AAB,IND400072AAB,Carting,Night,3.590909090909091,3.590909090909091,1
IND400015AAB,IND421302AAG,Carting,Afternoon,2.5161290322580645,3.2733333333333334,5
IND400015AAB,IND421302AAG,Carting,Evening,3.601293103448276,5.5588235294117645,6
IND400015AAB,IND421302AAG,Carting,Morning,3.9375,7.687867647058823,7
IND400015AAB,IND421302AAG,Carting,Night,2.0,2.0,1
IND400016AAB,IND400072AAB,Carting,Afternoon,5.0,5.0,1
IND400016AAB,IND400072AAD,Carting,Afternoon,2.7948717948717947,3.5,6
IND400016AAB,IND400072AAD,Carting,Evening,2.9166666666666665,5.107692307692307,5
IND400037AAA,IND400072AAJ,Carting,Morning,3.5,4.585714285714285,3
IND400037AAA,IND400072AAJ,Carting,Night,2.5,4.184615384615385,7
IND400064AAB,IND400072AAB,Carting,Afternoon,3.090909090909091,3.090909090909091,1
IND400064AAB,IND400072AAD,Carting,Afternoon,3.076923076923077,4.357142857142857,11
IND400072AAA,IND421302AAG,Carting,Evening,4.0,4.0,1
IND400072AAB,IND000000AFT,Carting,Afternoon,2.4536340852130323,2.8578947368421055,4
IND400072AAB,IND000000AFT,Carting,Evening,2.307894736842105,3.225714285714286,28
IND400072AAB,IND000000AFT,Carting,Night,2.7333333333333334,3.969736842105263,26
IND400072AAB,IND400011AAA,Carting,Night,3.7058823529411766,4.5058823529411764,2
IND400072AAB,IND400015AAA,Carting,Afternoon,3.1176470588235294,5.779084967320262,3
IND400072AAB,IND400015AAA,Carting,Evening,3.1488970588235294,4.520220588235294,22
IND400072AAB,IND400015AAA,Carting,Night,3.235294117647059,6.944444444444445,21
IND400072AAB,IND400701AAB,Carting,Night,2.4210526315789473,3.0105263157894737,3
IND400072AAB,IND401104AAA,Carting,Afternoon,3.4246323529411766,3.764705882352941,6
IND400072AAB,IND401104AAA,Carting,Evening,2.7058823529411766,3.7777777777777777,21
IND400072AAB,IND401104AAA,Carting,Night,3.166666666666667,4.5611764705882365,30
IND400072AAB,IND401104AAB,Carting,Night,3.466666666666667,3.466666666666667,1
IND400072AAB,IND411033AAA,FTL,Evening,2.09,2.2813846153846153,4
IND400072AAB,IND421302AAG,Carting,Afternoon,4.565217391304348,8.136363636363637,11
IND400072AAB,IND421302AAG,Carting,Evening,2.6730769230769234,4.239565217391304,8
IND400072AAB,IND421302AAG,Carting,Morning,3.1314285714285717,6.558181818181819,16
IND400072AAB,IND421302AAG,Carting,Night,2.380952380952381,3.1142857142857143,13
IND400072AAB,IND421302AAR,Carting,Evening,2.1923076923076925,4.499076923076925,9
IND400072AAB,IND421302AAR,Carting,Morning,2.0434782608695654,2.0434782608695654,1
IND400072AAB,IND421302AAR,Carting,Night,1.7826086956521738,3.241333333333334,9
IND400072AAB,IND421302AAS,Carting,Night,7.416666666666667,7.416666666666667,1
IND400072AAC,IND400011AAA,Carting,Night,3.411764705882353,4.106617647058823,13
IND400072AAD,IND421302AAG,Carting,Afternoon,7.679841897233201,11.042391304347827,8
IND400072AAD,IND421302AAG,Carting,Evening,2.604347826086957,4.305263157894738,28
IND400072AAD,IND421302AAG,Carting,Morning,4.052631578947368,9.254658385093169,13
IND400072AAD,IND421302AAG,Carting,Night,2.4047619047619047,5.973684210526316,24
IND400072AAJ,IND400037AAA,Carting,Morning,8.166666666666666,8.166666666666666,1
IND400102AAB,IND421302AAG,Carting,Afternoon,1.2222222222222223,1.2222222222222223,1
IND400102AAB,IND421302AAG,Carting,Evening,1.7777777777777777,3.937873357228198,9
IND400102AAB,IND421302AAG,Carting,Morning,5.666666666666667,12.10551724137931,5
IND400102AAB,IND421302AAG,Carting,Night,2.9285714285714284,5.252380952380952,3
IND400102AAC,IND400052AAA,Carting,Night,3.8,6.4444444444444455,7
IND400102AAC,IND421302AAG,Carting,Evening,2.0434782608695654,9.286115007012624,3
IND400102AAC,IND421302AAG,Carting,Morning,5.266666666666667,9.26896551724138,13
IND400102AAC,IND421302AAG,Carting,Night,4.28125,5.407661290322581,5
IND400612AAA,IND421302AAR,Carting,Night,2.5833333333333335,4.957692307692309,7
IND400701AAA,IND400705AAA,Carting,Night,3.6666666666666665,3.6666666666666665,1
IND400701AAA,IND410206AAA,Carting,Morning,2.825,3.185,4
IND400701AAA,IND410206AAA,Carting,Night,2.1,2.4757894736842108,9
IND400701AAB,IND421302AAG,Carting,Afternoon,2.31951871657754,3.1,6
IND400701AAB,IND421302AAG,Carting,Evening,2.5,2.5,1
IND400701AAB,IND421302AAG,Carting,Morning,2.2178571428571425,4.029411764705882,6
IND400701AAB,IND421302AAG,Carting,Night,2.994047619047619,5.9523809523809526,12
IND400705AAA,IND421302AAH,Carting,Afternoon,2.84,5.9293650793650805,7
IND400705AAA,IND421302AAH,Carting,Evening,5.541229385307346,6.322038980509745,2
IND400706AAA,IND000000AFT,Carting,Morning,4.712121212121212,5.015151515151515,2
IND401104AAA,IND400072AAB,Carting,Evening,2.4,2.5858823529411765,13
IND401104AAA,IND400072AAB,Carting,Morning,6.25,8.387500000000001,9
IND401104AAA,IND400072AAB,Carting,Night,9.176470588235293,10.048627450980392,3
IND401104AAA,IND401208AAA,Carting,Morning,2.4705882352941178,2.9555555555555557,17
IND401104AAA,IND401208AAA,Carting,Night,2.5555555555555554,3.601960784313726,14
IND401104AAA,IND401209AAA,Carting,Morning,2.761904761904762,2.761904761904762,1
IND401104AAA,IND421302AAG,Carting,Afternoon,1.96,2.425333333333333,3
IND401104AAA,IND421302AAG,Carting,Evening,1.6923076923076923,1.6923076923076923,1
IND401104AAA,IND421302AAG,Carting,Morning,2.4823717948717947,3.4009615384615386,4
IND401104AAA,IND421302AAG,Carting,Night,6.506993006993007,6.83986013986014,2
IND401104AAB,IND400072AAB,Carting,Evening,2.5294117647058822,2.5294117647058822,1
IND401104AAB,IND400072AAB,Carting,Night,2.0,2.0,1
IND401104AAB,IND421302AAG,Carting,Afternoon,3.5313043478260866,9.75,16
IND401104AAB,IND421302AAG,Carting,Evening,2.16,2.7704615384615385,3
IND401104AAB,IND421302AAG,Carting,Morning,2.059294871794872,2.073397435897436,2
IND401209AAA,IND401104AAA,Carting,Morning,2.6818181818181817,3.2114832535885167,4
IND401209AAA,IND401104AAA,Carting,Night,6.7727272727272725,9.245238095238097,13
IND401209AAB,IND401104AAA,Carting,Morning,8.142857142857142,10.35421052631579,10
IND401209AAB,IND421302AAG,Carting,Evening,2.4571428571428573,2.4571428571428573,1
IND401209AAB,IND421302AAH,Carting,Afternoon,2.4142857142857146,2.7941176470588234,6
IND401209AAB,IND421302AAH,Carting,Evening,2.75,3.8869264069264076,9
IND401209AAB,IND421302AAH,Carting,Night,2.2941176470588234,2.2941176470588234,1
IND401501AAA,IND401602AAA,Carting,Morning,2.3461538461538463,2.3461538461538463,1
IND401501AAA,IND401602AAA,Carting,Night,2.0,2.9482758620689657,14
IND401602AAA,IND401501AAA,Carting,Morning,4.884615384615385,4.884615384615385,1
IND401602AAA,IND401501AAA,Carting,Night,7.3076923076923075,12.430651340996173,14
IND402107AAA,IND402109AAA,Carting,Morning,2.4375,2.4375,1
IND402107AAA,IND402109AAA,Carting,Night,2.225806451612903,2.5944086021505375,15
IND402109AAA,IND402301AAA,Carting,Morning,1.711111111111111,1.711111111111111,1
IND402109AAA,IND402301AAA,Carting,Night,1.9375,2.529166666666667,17
IND402301AAA,IND402107AAA,Carting,Night,2.041666666666667,2.851558384547849,12
IND403002AAA,IND403726AAB,Carting,Night,2.6206896551724137,2.6206896551724137,1
IND403401AAA,IND403726AAB,Carting,Evening,12.765360983102918,16.101459293394775,2
IND403401AAA,IND403726AAB,Carting,Night,7.862068965517241,7.862068965517241,1
IND403507AAA,IND403726AAB,Carting,Evening,12.96774193548387,12.96774193548387,1
IND403507AAA,IND403726AAB,Carting,Night,1.6129032258064515,1.6129032258064515,1
IND403507AAB,IND403726AAB,Carting,Night,4.613636363636363,4.613636363636363,1
IND403601AAA,IND403726AAB,Carting,Evening,7.529411764705882,7.529411764705882,1
IND403601AAA,IND403726AAB,Carting,Night,1.6666666666666667,1.8533333333333333,3
IND403702AAA,IND575004AAB,FTL,Night,1.8775712867073344,2.11787072243346,6
IND403702AAA,IND581314AAA,FTL,Night,1.476923076923077,1.476923076923077,1
IND403726AAA,IND403702AAA,FTL,Night,1.816326530612245,2.08,7
IND403726AAA,IND411033AAA,FTL,Evening,1.9585492227979275,2.1345177664974617,11
IND403726AAA,IND411033AAA,FTL,Night,2.2798982188295165,2.2798982188295165,1
IND403726AAA,IND416510AAA,FTL,Night,2.5949234488315875,2.9283964544721997,2
IND403726AAA,IND575004AAB,FTL,Night,1.9553017311775274,1.962855218030377,2
IND403726AAA,IND581303AAA,FTL,Evening,1.5365853658536586,2.621469436916592,7
IND403726AAA,IND581303AAA,FTL,Night,1.724202626641651,1.8152385589094449,6
IND403726AAA,IND581400AAB,FTL,Night,1.908256880733945,1.908256880733945,1
IND403726AAB,IND403002AAA,Carting,Night,1.2916666666666667,1.8483695652173915,4
IND403726AAB,IND403401AAA,Carting,Evening,2.384259259259259,2.7583333333333333,2
IND403726AAB,IND403401AAA,Carting,Night,2.128623188405797,2.252173913043478,4
IND403726AAB,IND403507AAA,Carting,Evening,1.0344827586206897,1.0344827586206897,1
IND403726AAB,IND403507AAA,Carting,Night,1.3333333333333333,2.1425287356321836,3
IND403726AAB,IND403507AAB,Carting,Night,0.9302325581395349,0.9302325581395349,1
IND403726AAB,IND403601AAA,Carting,Evening,1.4017857142857144,1.4232142857142858,2
IND403726AAB,IND403601AAA,Carting,Night,1.6111111111111112,1.6666666666666667,4
IND410206AAA,IND000000AFT,Carting,Night,2.357142857142857,6.998431372549021,9
IND410206AAB,IND000000AFT,Carting,Morning,3.212418300653595,5.48921568627451,8
IND410206AAB,IND000000AFT,Carting,Night,2.3033088235294117,3.2750000000000012,22
IND410401AAA,IND421302AAG,FTL,Evening,2.1343283582089554,2.1343283582089554,1
IND410401AAA,IND421302AAG,FTL,Night,2.5,3.735351812366739,7
IND410501AAF,IND411033AAA,Carting,Morning,5.6875,6.150833333333333,3
IND410503AAA,IND410505AAB,Carting,Night,4.108695652173913,4.960869565217391,2
IND410505AAB,IND410501AAF,Carting,Morning,4.277272727272727,5.746363636363636,4
IND410505AAB,IND411033AAA,Carting,Night,2.189230769230769,2.4686153846153847,2
IND411014AAA,IND411033AAA,Carting,Morning,2.150992685475444,3.7427055702917773,6
IND411014AAA,IND411033AAA,Carting,Night,4.344827586206897,4.86896551724138,2
IND411014AAA,IND411043AAA,Carting,Morning,4.566666666666666,6.14,2
IND411014AAA,IND411043AAA,Carting,Night,5.3431372549019605,13.68921568627451,4
IND411014AAA,IND411048AAA,Carting,Morning,11.285714285714286,12.710476190476191,3
IND411014AAA,IND411048AAA,Carting,Night,5.2,14.875294117647059,3
IND411017AAA,IND412105AAC,Carting,Night,3.1176470588235294,3.1176470588235294,1
IND411021AAA,IND411033AAA,Carting,Morning,2.1333333333333333,8.108333333333336,14
IND411021AAA,IND411033AAA,Carting,Night,1.4166666666666667,4.226666666666667,13
IND411033AAA,IND000000AAL,Carting,Afternoon,4.464285714285714,5.578571428571428,3
IND411033AAA,IND000000AAL,Carting,Evening,2.730769230769231,2.730769230769231,1
IND411033AAA,IND000000AAL,Carting,Morning,2.434285714285714,2.601851851851852,6
IND411033AAA,IND000000AAL,Carting,Night,2.6923076923076925,2.6923076923076925,1
IND411033AAA,IND000000ACB,FTL,Morning,1.7086614173228347,1.8710418816565744,7
IND411033AAA,IND000000ACB,FTL,Night,1.7310344827586206,1.8010150886311624,9
IND411033AAA,IND400072AAB,FTL,Evening,1.8640776699029127,2.0388349514563107,4
IND411033AAA,IND400072AAB,FTL,Night,1.9576923076923078,2.083846153846154,2
IND411033AAA,IND403726AAA,FTL,Evening,2.061696658097686,2.0637532133676095,2
IND411033AAA,IND403726AAA,FTL,Morning,2.0487179487179485,2.0487179487179485,1
IND411033AAA,IND403726AAA,FTL,Night,2.023076923076923,2.2313624678663238,11
IND411033AAA,IND410503AAA,Carting,Night,2.6808510638297873,3.3957446808510636,3
IND411033AAA,IND410505AAB,Carting,Morning,1.5862068965517242,2.8460689655172415,5
IND411033AAA,IND410505AAB,Carting,Night,1.8620689655172413,1.8620689655172413,1
IND411033AAA,IND411014AAA,Carting,Evening,2.6785714285714284,8.405835543766578,15
IND411033AAA,IND411014AAA,Carting,Morning,2.8786945812807883,3.394088669950739,8
IND411033AAA,IND411014AAA,Carting,Night,2.4870370370370374,4.153793103448277,14
IND411033AAA,IND411021AAA,Carting,Evening,1.6666666666666667,12.50769230769231,7
IND411033AAA,IND411021AAA,Carting,Morning,2.03525641025641,3.683333333333333,10
IND411033AAA,IND411021AAA,Carting,Night,1.8365384615384617,5.550000000000001,18
IND411033AAA,IND411036AAA,Carting,Evening,1.8666666666666667,1.8666666666666667,1
IND411033AAA,IND411036AAA,Carting,Morning,2.4285714285714284,3.6704980842911876,5
IND411033AAA,IND411036AAA,Carting,Night,1.6428571428571428,3.568253968253966,19
IND411033AAA,IND413002AAA,FTL,Afternoon,1.7754180452472503,1.864762157852777,18
IND411033AAA,IND413002AAA,FTL,Night,1.7393364928909953,2.227112581597067,3
IND411033AAA,IND413501AAA,FTL,Afternoon,2.7452830188679247,2.7452830188679247,1
IND411033AAA,IND414001AAA,FTL,Evening,1.7757009345794392,1.9098571680479632,3
IND411033AAA,IND416012AAA,FTL,Morning,1.6681818181818182,2.0190045248868778,9
IND411033AAA,IND416012AAA,FTL,Night,1.6122994652406417,1.6315508021390375,2
IND411033AAA,IND421302AAG,FTL,Afternoon,2.029126213592233,2.6183673469387756,13
IND411033AAA,IND421302AAG,FTL,Evening,1.965392156862745,2.665,22
IND411033AAA,IND421302AAG,FTL,Morning,2.112602322482391,2.7496606334841633,18
IND411033AAA,IND421302AAG,FTL,Night,2.0,2.5130526315789474,33
IND411033AAA,IND431136AAC,FTL,Morning,2.146198830409357,2.3199623605323296,7
IND411033AAA,IND431136AAC,FTL,Night,2.2391370869033045,2.271345029239766,4
IND411033AAA,IND431603AAA,FTL,Morning,2.2577639751552794,2.482943441496875,9
IND411033AAA,IND431603AAA,FTL,Night,2.8676012461059193,2.933644859813084,2
IND411033AAA,IND501359AAE,FTL,Night,1.6583333333333334,1.865645356895357,9
IND411033AAA,IND521225AAB,FTL,Night,1.9283625730994152,2.1190058479532166,9
IND411033AAA,IND562132AAA,FTL,Evening,1.721951219512195,1.721951219512195,1
IND411033AAA,IND562132AAA,FTL,Night,1.7993163340724316,2.2243902439024392,8
IND411033AAA,IND580028AAA,FTL,Evening,1.6384180790960452,1.7265536723163841,2
IND411033AAA,IND580028AAA,FTL,Night,1.88135593220339,1.9672316384180792,2
IND411033AAB,IND411057AAF,Carting,Morning,5.266666666666667,5.266666666666667,1
IND411036AAA,IND411033AAA,Carting,Afternoon,3.230769230769231,3.230769230769231,1
IND411036AAA,IND411033AAA,Carting,Evening,1.7857142857142858,2.20625,5
IND411036AAA,IND411033AAA,Carting,Morning,3.4285714285714284,4.276923076923077,5
IND411036AAA,IND411033AAA,Carting,Night,2.032258064516129,3.935483870967742,15
IND411043AAA,IND411014AAA,Carting,Morning,4.25,4.25,1
IND411043AAA,IND411014AAA,Carting,Night,3.9,4.62,2
IND411048AAA,IND411014AAA,Carting,Morning,4.625,4.625,1
IND411048AAA,IND411014AAA,Carting,Night,5.0,5.0,1
IND412105AAC,IND411017AAA,Carting,Morning,2.1525735294117645,2.415808823529412,8
IND412105AAC,IND411017AAA,Carting,Night,2.533333333333333,3.9133333333333336,18
IND412210AAC,IND411033AAA,FTL,Evening,2.6031746031746033,2.6031746031746033,1
IND412803AAB,IND421802AAA,FTL,Evening,1.1150537634408602,1.1296774193548387,2
IND413002AAA,IND413304AAA,Carting,Night,1.9811320754716981,2.551851851851852,8
IND413002AAA,IND413307AAC,Carting,Night,2.0,2.0,1
IND413002AAA,IND413501AAA,FTL,Afternoon,1.5474290780141844,1.7208333333333332,18
IND413002AAA,IND421302AAG,FTL,Afternoon,2.398244186834791,2.983408218190827,8
IND413002AAA,IND501359AAE,FTL,Evening,2.0855018587360594,2.3846439805547615,4
IND413002AAA,IND501359AAE,FTL,Night,1.7602230483271377,1.9197622482383618,6
IND413304AAA,IND413002AAA,Carting,Night,2.0,2.078188679245283,5
IND413304AAA,IND415301AAB,Carting,Night,1.424343322234554,1.503921568627451,4
IND413307AAB,IND413304AAA,Carting,Night,2.260869565217391,3.332173913043478,3
IND413307AAC,IND413002AAA,Carting,Night,2.7846153846153845,2.7846153846153845,1
IND413401AAA,IND411033AAA,FTL,Afternoon,2.133889718776385,2.249293924466338,16
IND413501AAA,IND411033AAA,FTL,Afternoon,2.2180094786729856,2.2180094786729856,1
IND413501AAA,IND413401AAA,FTL,Afternoon,1.434873949579832,1.591764705882353,18
IND413517AAA,IND431603AAA,Carting,Night,3.1294117647058823,3.1294117647058823,1
IND413517AAA,IND431717AAA,Carting,Night,2.8998257839721253,3.1513937282229967,2
IND413531AAA,IND413517AAA,Carting,Night,2.578557312252965,2.7471343873517786,4
IND413709AAA,IND423109AAA,Carting,Night,1.853021978021978,2.3518518518518516,12
IND413709AAA,IND423601AAA,Carting,Night,1.5135135135135136,1.5135135135135136,1
IND413709AAA,IND423701AAB,Carting,Night,2.230769230769231,2.4905982905982906,3
IND414001AAA,IND411033AAA,FTL,Evening,2.480769230769231,2.480769230769231,1
IND414001AAA,IND414203AAB,FTL,Evening,1.813953488372093,1.813953488372093,1
IND414001AAA,IND414302AAB,FTL,Evening,1.5588235294117647,1.5588235294117647,1
IND414203AAB,IND414302AAB,FTL,Evening,1.7837837837837838,1.7837837837837838,1
IND414302AAB,IND411033AAA,FTL,Evening,2.3962994836488813,2.541910499139415,2
IND414302AAB,IND412210AAC,FTL,Evening,1.736842105263158,1.736842105263158,1
IND414502AAA,IND431107AAB,FTL,Evening,1.5876923076923077,1.8330434782608696,6
IND415003AAA,IND411033AAA,FTL,Evening,1.3490149210488194,1.363820078226858,2
IND415003AAA,IND412803AAB,FTL,Evening,1.2790697674418605,1.4511627906976747,7
IND415124AAA,IND415605AAA,FTL,Evening,1.089820359281437,1.1583724118029004,9
IND415124AAA,IND415605AAA,FTL,Night,1.1686746987951808,1.216867469879518,3
IND415301AAB,IND413307AAB,Carting,Night,1.7663003663003662,1.963938223938224,4
IND415408AAC,IND416012AAA,FTL,Evening,5.976190476190476,8.128571428571428,2
IND415408AAC,IND416012AAA,FTL,Night,4.89,6.114583333333334,6
IND415409AAB,IND415124AAA,FTL,Evening,1.6363636363636365,1.8478260869565217,8
IND415409AAB,IND415124AAA,FTL,Night,2.221343873517786,2.2529644268774702,2
IND415605AAA,IND415709AAA,FTL,Evening,2.45,2.5876521739130434,8
IND415605AAA,IND415709AAA,FTL,Night,2.540064102564102,2.6,4
IND415612AAA,IND415408AAC,FTL,Evening,2.5535024154589374,2.658526570048309,2
IND415612AAA,IND415408AAC,FTL,Night,2.5311563436563436,2.6439685314685315,4
IND415709AAA,IND416012AAA,FTL,Evening,2.5571136430032135,2.6218521764534035,2
IND415709AAA,IND416012AAA,FTL,Night,2.396969696969697,2.476969696969697,2
IND415709AAA,IND416122AAA,FTL,Evening,1.7341040462427746,1.7341040462427746,1
IND416012AAA,IND395023AAA,FTL,Evening,1.7139959432048681,1.8659921832484043,5
IND416012AAA,IND395023AAA,FTL,Night,1.7686480622474936,1.8793400286944044,8
IND416012AAA,IND415003AAA,FTL,Evening,1.9114583333333335,2.1964539007092196,8
IND416012AAA,IND415409AAB,FTL,Evening,2.1515151515151514,2.612121212121212,2
IND416012AAA,IND415612AAA,FTL,Evening,3.5670103092783507,4.778048526502134,3
IND416012AAA,IND415612AAA,FTL,Night,2.7434009289679393,2.971134020618557,4
IND416012AAA,IND591237AAB,FTL,Evening,2.25,2.322058823529412,4
IND416012AAA,IND591237AAB,FTL,Night,2.357142857142857,3.1483870967741936,5
IND416122AAA,IND395023AAA,FTL,Evening,1.888655462184874,1.888655462184874,1
IND416404AAA,IND416012AAA,FTL,Evening,3.528960396039604,4.585792079207921,2
IND416404AAA,IND416012AAA,FTL,Night,4.97,5.17,3
IND416510AAA,IND416602AAC,FTL,Night,2.6625,2.7325,2
IND416510AAA,IND416606AAA,Carting,Morning,2.074468085106383,2.0829787234042554,2
IND416510AAA,IND416606AAA,Carting,Night,2.0425531914893615,2.3952718676122933,9
IND416602AAC,IND411033AAA,FTL,Night,2.445939743438861,2.717174296810639,2
IND416606AAA,IND416510AAA,Carting,Morning,25.6,25.6,1
IND416606AAA,IND416510AAA,Carting,Night,27.044444444444444,27.72057971014493,7
IND421301AAA,IND421302AAR,Carting,Night,3.4272727272727272,4.209999999999999,10
IND421302AAF,IND421302AAR,Carting,Night,2.888888888888889,3.111111111111111,11
IND421302AAG,IND000000ACB,FTL,Evening,1.8832644628099173,1.8832644628099173,1
IND421302AAG,IND000000ACB,FTL,Morning,2.0387236778138833,2.1258184504771895,10
IND421302AAG,IND000000ACB,FTL,Night,1.9969040247678018,2.1799043062200956,9
IND421302AAG,IND000000AFT,Carting,Afternoon,4.2105263157894735,8.930434782608696,9
IND421302AAG,IND000000AFT,Carting,Evening,2.1407867494824018,3.585166240409207,10
IND421302AAG,IND000000AFT,Carting,Morning,3.3,12.82842105263158,9
IND421302AAG,IND000000AFT,Carting,Night,2.25,2.9857585139318887,17
IND421302AAG,IND110037AAM,FTL,Morning,2.0813492063492065,2.1424603174603174,3
IND421302AAG,IND110037AAM,FTL,Night,2.1090188305252724,2.1577380952380953,11
IND421302AAG,IND131028AAB,FTL,Evening,1.875602700096432,1.9088392298073402,3
IND421302AAG,IND131028AAB,FTL,Night,1.9421965317919074,2.0054127760486145,7
IND421302AAG,IND382430AAB,FTL,Evening,2.0867030765860224,2.0886498075177617,2
IND421302AAG,IND382430AAB,FTL,Morning,2.0891364902506964,2.5406412147031516,7
IND421302AAG,IND382430AAB,FTL,Night,2.068408979190562,2.189944134078212,6
IND421302AAG,IND395023AAA,FTL,Afternoon,2.263157894736842,3.3534391534391537,5
IND421302AAG,IND395023AAA,FTL,Morning,2.653322303306054,2.7096699855230892,2
IND421302AAG,IND395023AAA,FTL,Night,2.276595744680851,2.276595744680851,1
IND421302AAG,IND400015AAA,Carting,Afternoon,2.5757575757575757,4.809280303030303,15
IND421302AAG,IND400015AAA,Carting,Evening,2.225806451612903,3.2,9
IND421302AAG,IND400015AAA,Carting,Morning,3.1875,5.13939393939394,7
IND421302AAG,IND400015AAA,Carting,Night,2.637931034482759,5.267897727272727,12
IND421302AAG,IND400015AAB,Carting,Afternoon,2.171875,2.209375,2
IND421302AAG,IND400015AAB,Carting,Evening,1.9960899315738025,2.665625,8
IND421302AAG,IND400015AAB,Carting,Morning,2.8620689655172415,3.775,5
IND421302AAG,IND400015AAB,Carting,Night,2.78494623655914,3.367853170189098,10
IND421302AAG,IND400072AAA,Carting,Afternoon,2.4347826086956523,3.4676923076923076,5
IND421302AAG,IND400072AAA,Carting,Evening,2.128787878787879,2.659826086956522,10
IND421302AAG,IND400072AAA,Carting,Morning,2.9521739130434783,3.233913043478261,2
IND421302AAG,IND400072AAA,Carting,Night,2.883116883116883,4.971,8
IND421302AAG,IND400072AAB,Carting,Afternoon,2.425,3.620454545454546,14
IND421302AAG,IND400072AAB,Carting,Evening,1.8458333333333332,2.335144927536232,16
IND421302AAG,IND400072AAB,Carting,Morning,2.75,3.443840579710145,26
IND421302AAG,IND400072AAB,Carting,Night,2.56,4.88,31
IND421302AAG,IND400072AAJ,Carting,Afternoon,4.260869565217392,5.873484848484849,9
IND421302AAG,IND400072AAJ,Carting,Evening,1.9166666666666667,2.921212121212122,9
IND421302AAG,IND400072AAJ,Carting,Morning,4.0,4.0,1
IND421302AAG,IND400072AAJ,Carting,Night,2.7954545454545454,4.154166666666667,8
IND421302AAG,IND400102AAB,Carting,Evening,1.7142857142857142,2.206896551724138,11
IND421302AAG,IND400102AAB,Carting,Morning,2.8557471264367815,5.102307692307693,4
IND421302AAG,IND400102AAB,Carting,Night,2.8620689655172415,3.3517241379310345,9
IND421302AAG,IND400102AAC,Carting,Afternoon,2.7037037037037037,5.044615384615383,19
IND421302AAG,IND400102AAC,Carting,Evening,1.8928571428571428,3.258908045977012,9
IND421302AAG,IND400102AAC,Carting,Morning,3.1538461538461537,11.482758620689655,11
IND421302AAG,IND400102AAC,Carting,Night,2.674074074074074,5.583333333333334,16
IND421302AAG,IND400701AAB,Carting,Afternoon,2.6,9.280000000000001,5
IND421302AAG,IND400701AAB,Carting,Evening,2.4,2.841904761904762,3
IND421302AAG,IND400701AAB,Carting,Morning,4.186904761904762,4.717380952380952,2
IND421302AAG,IND400701AAB,Carting,Night,2.238095238095238,2.742857142857143,9
IND421302AAG,IND401104AAA,Carting,Afternoon,2.98,4.210826210826211,16
IND421302AAG,IND401104AAA,Carting,Evening,2.4444444444444446,6.42675585284281,9
IND421302AAG,IND401104AAA,Carting,Morning,2.727272727272727,7.025925925925928,14
IND421302AAG,IND401104AAA,Carting,Night,2.64,3.953846153846154,27
IND421302AAG,IND401104AAB,Carting,Evening,2.1703703703703705,2.626666666666667,2
IND421302AAG,IND401104AAB,Carting,Morning,2.5509259259259256,2.8435185185185183,2
IND421302AAG,IND401104AAB,Carting,Night,2.3846153846153846,2.488,5
IND421302AAG,IND410401AAA,FTL,Evening,2.4477611940298507,2.4477611940298507,1
IND421302AAG,IND410401AAA,FTL,Night,2.470149253731343,3.0940298507462685,8
IND421302AAG,IND411033AAA,FTL,Afternoon,2.2376961100365356,2.4410526315789474,12
IND421302AAG,IND411033AAA,FTL,Evening,2.0103092783505154,2.323232323232323,11
IND421302AAG,IND411033AAA,FTL,Morning,2.4105263157894736,3.2757682083997874,17
IND421302AAG,IND411033AAA,FTL,Night,2.1237113402061856,2.5237113402061855,23
IND421302AAG,IND413002AAA,FTL,Evening,2.080699043721552,2.3089389067524118,4
IND421302AAG,IND413002AAA,FTL,Night,2.174193548387097,2.174193548387097,1
IND421302AAG,IND421401AAC,Carting,Night,2.59375,3.0580645161290327,9
IND421302AAG,IND422011AAD,FTL,Afternoon,1.731958762886598,1.9393939393939392,15
IND421302AAG,IND422011AAD,FTL,Evening,1.7040816326530612,1.7923627182831896,3
IND421302AAG,IND444005AAB,FTL,Afternoon,2.393680138133382,2.46432549625456,8
IND421302AAG,IND444005AAB,FTL,Evening,2.4153846153846152,2.5544757033248082,9
IND421302AAG,IND462022AAA,FTL,Evening,2.1340579710144927,2.1340579710144927,1
IND421302AAG,IND462022AAA,FTL,Morning,2.1392405063291138,2.1392405063291138,1
IND421302AAG,IND462022AAA,FTL,Night,2.2117632413449693,2.2524716958880417,10
IND421302AAG,IND501359AAE,FTL,Afternoon,1.9443447037701975,2.014695340501792,9
IND421302AAG,IND501359AAE,FTL,Evening,2.2007168458781363,2.2007168458781363,1
IND421302AAG,IND501359AAE,FTL,Morning,2.0,2.0861510791366906,10
IND421302AAG,IND562132AAA,FTL,Evening,1.7233146067415732,1.9189435011773481,6
IND421302AAG,IND562132AAA,FTL,Morning,1.7267605633802816,2.0346240152781094,5
IND421302AAG,IND562132AAA,FTL,Night,1.8894334247836237,2.145698166431594,14
IND421302AAG,IND712311AAA,FTL,Morning,2.1114327062228653,2.1114327062228653,1
IND421302AAG,IND712311AAA,FTL,Night,2.1157742402315485,2.1259580621836585,7
IND421302AAG,IND834002AAB,FTL,Morning,2.366988586479368,2.366988586479368,1
IND421302AAG,IND834002AAB,FTL,Night,2.3,2.3905263157894736,3
IND421302AAN,IND400072AAB,Carting,Morning,2.599802371541502,2.781818181818182,10
IND421302AAR,IND400612AAA,Carting,Morning,3.066666666666667,3.086060606060606,3
IND421302AAR,IND400612AAA,Carting,Night,2.3636363636363638,2.56969696969697,9
IND421302AAR,IND421004AAA,Carting,Night,3.3363636363636364,4.82,20
IND421302AAR,IND421301AAA,Carting,Morning,4.3,4.7,3
IND421302AAR,IND421301AAA,Carting,Night,4.066666666666666,6.0,11
IND421302AAR,IND421302AAF,Carting,Night,4.235294117647059,4.235294117647059,1
IND421401AAC,IND421601AAB,Carting,Night,2.6666666666666665,3.210526315789474,11
IND421502AAA,IND421302AAR,Carting,Night,3.6470588235294117,4.743434343434344,13
IND421601AAB,IND421302AAG,Carting,Night,3.814271749755621,8.47225806451613,14
IND421802AAA,IND411033AAA,FTL,Evening,1.6933333333333334,1.9904989747095012,7
IND422011AAD,IND413709AAA,Carting,Night,1.9696969696969697,1.9696969696969697,1
IND422011AAD,IND421302AAG,FTL,Afternoon,1.8673469387755102,4.532526825163054,15
IND422011AAD,IND421302AAG,FTL,Evening,3.4123711340206184,3.6457395329265725,3
IND422011AAD,IND422103AAC,Carting,Night,1.3971471471471473,1.7918918918918914,10
IND422011AAD,IND423109AAA,Carting,Night,1.7269298245614035,1.9138070175438597,2
IND422103AAC,IND422605AAA,Carting,Night,1.793103448275862,2.027586206896552,9
IND422103AAC,IND423601AAA,Carting,Night,2.0,2.0,1
IND422605AAA,IND413709AAA,Carting,Night,1.858695652173913,1.9714285714285713,8
IND422605AAA,IND423109AAA,Carting,Night,3.6222222222222222,3.6222222222222222,1
IND423105AAA,IND423106AAA,FTL,Night,1.3529411764705883,1.3529411764705883,1
IND423105AAA,IND423301AAB,FTL,Night,1.4705882352941178,1.69126559714795,7
IND423106AAA,IND423105AAA,FTL,Night,1.4838709677419355,2.1739682539682543,7
IND423109AAA,IND413709AAA,Carting,Night,1.7857142857142858,1.7857142857142858,1
IND423109AAA,IND423601AAA,Carting,Night,2.0,3.7777777777777777,11
IND423109AAA,IND423701AAB,Carting,Night,2.6153846153846154,2.6153846153846154,1
IND423601AAA,IND413709AAA,Carting,Night,1.6097560975609757,2.5114249037227214,3
IND423601AAA,IND423701AAB,Carting,Night,2.2083333333333335,3.130434782608696,11
IND423701AAB,IND422011AAD,Carting,Night,2.2023809523809526,2.710167499265354,17
IND424006AAA,IND421302AAG,FTL,Morning,2.18656121709732,2.278048780487805,6
IND424006AAA,IND423105AAA,FTL,Night,4.205882352941177,4.205882352941177,1
IND424006AAA,IND423106AAA,FTL,Night,1.303030303030303,1.4993157380254154,3
IND424006AAA,IND424101AAA,Carting,Night,1.9523809523809523,2.931389183457052,7
IND424006AAA,IND424304AAC,FTL,Night,2.062226391494684,2.524817073170732,8
IND424006AAA,IND425405AAA,FTL,Night,1.897623862487361,1.9273508594539939,2
IND424006AAA,IND425412AAA,FTL,Night,2.012987012987013,2.1732640692640692,3
IND424006AAA,IND452001AAC,Carting,Morning,2.9722222222222223,2.9722222222222223,1
IND424101AAA,IND431103AAA,Carting,Night,1.625,1.625,1
IND424304AAC,IND424006AAA,FTL,Night,22.325,22.325,1
IND424304AAC,IND425412AAA,FTL,Night,1.7714285714285714,2.0836707152496627,9
IND425201AAA,IND425508AAB,Carting,Morning,2.243243243243243,2.264864864864865,2
IND425201AAA,IND425508AAB,Carting,Night,1.7894736842105263,2.052429149797571,4
IND425405AAA,IND424006AAA,FTL,Night,21.26086956521739,22.6,11
IND425405AAA,IND425409AAA,FTL,Night,2.3137254901960786,2.3137254901960786,1
IND425406AAA,IND425405AAA,FTL,Night,1.9484126984126984,2.125714285714286,4
IND425406AAA,IND425412AAA,FTL,Night,2.1113095238095236,2.1622619047619045,2
IND425409AAA,IND424006AAA,FTL,Night,12.08108108108108,12.08108108108108,1
IND425409AAA,IND424304AAC,FTL,Night,2.2028985507246377,2.2028985507246377,1
IND425409AAA,IND425406AAA,FTL,Night,2.2,2.5465465465465464,7
IND425412AAA,IND424006AAA,FTL,Night,13.835443037974683,13.835443037974683,1
IND425412AAA,IND425406AAA,FTL,Night,2.157285803627267,2.3241400875547216,2
IND425412AAA,IND425409AAA,FTL,Night,2.344827586206897,2.4729525862068966,8
IND425508AAB,IND450331AAA,Carting,Morning,3.210526315789474,3.3157894736842106,7
IND425508AAB,IND450331AAA,Carting,Night,2.6393188854489162,3.0473856209150325,6
IND431001AAB,IND431136AAC,Carting,Evening,3.3636363636363638,3.79,12
IND431001AAB,IND431136AAC,Carting,Night,3.734265734265734,4.383216783216784,2
IND431107AAB,IND431136AAC,FTL,Evening,1.94,2.127659574468085,5
IND431112AAB,IND431136AAC,Carting,Evening,2.8839285714285716,3.406641604010025,6
IND431112AAB,IND431136AAC,Carting,Night,3.4310064935064934,3.5576298701298703,2
IND431122AAA,IND431127AAA,FTL,Evening,2.0952380952380953,2.1523809523809527,5
IND431122AAA,IND431127AAA,FTL,Night,2.0,2.0,1
IND431127AAA,IND414502AAA,FTL,Evening,2.0714285714285716,2.181015037593985,5
IND431127AAA,IND414502AAA,FTL,Night,2.107142857142857,2.107142857142857,1
IND431136AAC,IND411033AAA,FTL,Evening,1.9298245614035088,2.501121991024072,9
IND431136AAC,IND411033AAA,FTL,Night,1.9415204678362572,1.9415204678362572,1
IND431136AAC,IND431001AAA,Carting,Evening,3.0555555555555554,3.488888888888889,14
IND431136AAC,IND431001AAA,Carting,Night,2.7525252525252526,2.7727272727272725,2
IND431136AAC,IND431112AAB,Carting,Evening,3.9649122807017543,3.9649122807017543,1
IND431136AAC,IND431122AAA,FTL,Evening,2.2448979591836733,2.283982683982684,7
IND431136AAC,IND431122AAA,FTL,Night,2.2244897959183674,2.2244897959183674,1
IND431136AAC,IND431203AAA,Carting,Evening,2.4,2.581818181818182,11
IND431136AAC,IND431203AAA,Carting,Night,1.7777777777777777,1.7777777777777777,1
IND431203AAA,IND431112AAB,Carting,Evening,1.9375,2.2653061224489797,6
IND431203AAA,IND431112AAB,Carting,Night,2.0425531914893615,2.0425531914893615,1
IND431203AAA,IND431136AAC,Carting,Evening,1.8796296296296298,1.990740740740741,2
IND431514AAA,IND431515AAA,FTL,Night,2.0454545454545454,2.692640692640693,13
IND431515AAA,IND431517AAB,FTL,Night,2.933333333333333,3.2666666666666666,11
IND431517AAB,IND411033AAA,FTL,Night,2.768272113943029,2.9510915808329603,10
IND431603AAA,IND413517AAA,Carting,Night,2.7976190476190474,2.7976190476190474,1
IND431603AAA,IND413531AAA,Carting,Night,2.8210526315789473,3.032950558213716,4
IND431603AAA,IND431708AAA,FTL,Night,1.9782608695652173,3.369565217391304,12
IND431708AAA,IND431514AAA,FTL,Night,2.0689655172413794,2.411822660098522,13
IND431717AAA,IND431603AAA,Carting,Night,7.953918722786647,12.624746008708273,2
IND441206AAB,IND441603AAA,Carting,Night,2.746268656716418,2.746268656716418,1
IND441206AAB,IND442605AAA,Carting,Night,2.5827937095282145,3.0487360970677453,4
IND441603AAA,IND442605AAA,Carting,Night,1.8333333333333333,1.8333333333333333,1
IND441614AAA,IND481001AAA,FTL,Night,2.185185185185185,2.388888888888889,6
IND441904AAB,IND441912AAA,Carting,Night,1.7857142857142856,2.424137931034483,12
IND441912AAA,IND441107AAB,Carting,Night,2.7027027027027026,3.32,11
IND442001AAA,IND442101AAB,FTL,Night,3.7142857142857144,4.369230769230769,5
IND442101AAB,IND445001AAB,FTL,Night,2.189189189189189,2.4738157894736843,10
IND442605AAA,IND441603AAA,Carting,Night,1.9302536231884058,2.152717391304348,2
IND443201AAA,IND000000AAZ,FTL,Evening,6.25,6.25,1
IND443301AAA,IND443201AAA,FTL,Evening,2.680947580645161,2.7611895161290323,2
IND444005AAB,IND000000AAZ,FTL,Evening,4.642857142857143,4.642857142857143,1
IND444005AAB,IND421302AAG,FTL,Night,2.2897435897435896,2.352489912794481,13
IND444005AAB,IND443301AAA,FTL,Evening,2.375,2.656776782957703,5
IND444203AAA,IND444005AAB,FTL,Evening,2.5,3.1758536585365853,5
IND444303AAA,IND444203AAA,FTL,Evening,3.242424242424242,3.703030303030303,2
IND444602AAA,IND444005AAB,FTL,Evening,2.2083333333333335,2.2083333333333335,1
IND444602AAA,IND444005AAB,FTL,Night,2.081081081081081,2.3464231354642315,13
IND450331AAA,IND452001AAC,Carting,Morning,2.328358208955224,2.473913043478261,5
IND450331AAA,IND452001AAC,Carting,Night,2.0650103519668734,2.6057971014492756,6
IND451666AAA,IND421302AAG,FTL,Morning,2.3714285714285714,2.3714285714285714,1
IND451666AAA,IND424006AAA,FTL,Morning,2.74718574108818,3.1923076923076925,6
IND452001AAC,IND425201AAA,Carting,Morning,34.017973856209146,59.91470588235294,2
IND452001AAC,IND425201AAA,Carting,Night,2.8805147058823533,3.1871323529411764,4
IND452001AAC,IND425508AAB,Carting,Night,2.047169811320755,2.130188679245283,2
IND454001AAA,IND457001AAA,FTL,Evening,1.1508114856429463,1.42,8
IND454001AAA,IND457001AAA,FTL,Night,1.146067415730337,1.2044943820224718,5
IND457001AAA,IND382430AAB,FTL,Evening,2.0606060606060606,2.0606060606060606,1
IND457001AAA,IND382430AAB,FTL,Night,1.8863636363636365,1.8863636363636365,1
IND457001AAA,IND457226AAA,FTL,Evening,1.162162162162162,1.9551351351351351,7
IND457001AAA,IND457226AAA,FTL,Night,1.077027027027027,1.5,6
IND457226AAA,IND382430AAB,FTL,Evening,1.8299319727891157,1.99451603166864,7
IND457226AAA,IND382430AAB,FTL,Night,1.8054607508532423,1.8625876302924085,6
IND458001AAB,IND458990AAA,FTL,Night,1.5185185185185186,2.6602892102335933,9
IND458664AAA,IND312403AAA,FTL,Night,2.466666666666667,4.026868686868688,7
IND458990AAA,IND312605AAB,FTL,Night,2.3482142857142856,2.827631578947368,8
IND460001AAA,IND480334AAA,FTL,Morning,2.2825174825174823,2.523846153846154,10
IND460001AAA,IND480334AAA,FTL,Night,2.090909090909091,2.3907459207459207,8
IND461001AAA,IND461111AAA,FTL,Morning,4.785714285714286,4.785714285714286,1
IND461111AAA,IND460001AAA,FTL,Morning,1.8548387096774193,1.9402961396086726,10
IND461111AAA,IND460001AAA,FTL,Night,1.8782390269698572,1.9516129032258065,8
IND462001AAA,IND462022AAA,Carting,Morning,8.142857142857142,11.036363636363639,9
IND462001AAA,IND462022AAA,Carting,Night,3.5384615384615383,4.319999999999999,15
IND462011AAA,IND462022AAA,Carting,Morning,2.4615384615384617,3.292307692307692,3
IND462011AAA,IND462022AAA,Carting,Night,2.1818181818181817,2.7454545454545456,5
IND462021AAA,IND462001AAA,Carting,Night,6.7272727272727275,6.7272727272727275,1
IND462022AAA,IND000000ACB,FTL,Evening,1.7921598758927526,2.132888011960225,4
IND462022AAA,IND000000ACB,FTL,Morning,1.9156626506024097,2.017862354658005,7
IND462022AAA,IND000000ACB,FTL,Night,1.9025641025641025,2.2912820512820513,9
IND462022AAA,IND209304AAA,FTL,Afternoon,2.296954314720812,2.457748581666169,5
IND462022AAA,IND209304AAA,FTL,Night,2.0582278481012657,2.1433711555688264,17
IND462022AAA,IND461001AAA,FTL,Morning,2.5,3.574509803921569,3
IND462022AAA,IND461001AAA,FTL,Night,2.4901960784313726,2.4901960784313726,1
IND462022AAA,IND462001AAA,Carting,Night,3.0892857142857144,3.7607142857142857,2
IND462022AAA,IND462011AAA,Carting,Morning,2.3636363636363638,4.5,15
IND462022AAA,IND462011AAA,Carting,Night,2.253787878787879,2.937878787878788,8
IND462022AAA,IND462042AAA,Carting,Morning,2.8,2.8,1
IND462022AAA,IND465669AAB,FTL,Morning,2.125,2.3166524520255862,10
IND462022AAA,IND466001AAA,FTL,Morning,2.953488372093023,3.395348837209302,11
IND462022AAA,IND842003AAB,FTL,Morning,2.3981900452488687,2.409049773755656,2
IND462022AAA,IND842003AAB,FTL,Night,2.555299539170507,2.86036866359447,4
IND462042AAA,IND462022AAA,Carting,Morning,6.6726190476190474,8.625,8
IND462042AAA,IND462022AAA,Carting,Night,3.2,5.225,6
IND464001AAA,IND464221AAA,FTL,Night,1.5441176470588236,1.5441176470588236,1
IND464221AAA,IND470004AAA,FTL,Night,1.6412213740458015,1.6412213740458015,1
IND464668AAA,IND462022AAA,FTL,Night,2.553571428571429,2.7392857142857143,2
IND465001AAA,IND462022AAA,FTL,Morning,1.7514450867052023,1.895116603547937,3
IND465001AAA,IND465333A1B,FTL,Morning,1.056100981767181,1.359046283309958,2
IND465001AAA,IND465333AAA,FTL,Morning,1.3428571428571427,1.5207453416149068,3
IND465333A1B,IND462022AAA,FTL,Morning,1.2524271844660195,1.2524271844660195,1
IND465333A1B,IND465333AAA,FTL,Morning,0.6388888888888888,0.6388888888888888,1
IND465333AAA,IND462022AAA,FTL,Morning,1.8653846153846154,2.011911874533234,3
IND465669AAB,IND465683AAA,FTL,Morning,1.5277777777777777,1.9189189189189189,11
IND465683AAA,IND465001AAA,FTL,Morning,1.445225916453538,2.2710144927536238,12
IND466001AAA,IND466116AAA,FTL,Morning,1.8098039215686275,2.059475806451613,12
IND466116AAA,IND462022AAA,FTL,Morning,2.410958904109589,4.294594594594594,10
IND470004AAA,IND462022AAA,FTL,Night,2.126984126984127,2.126984126984127,1
IND470004AAA,IND470113AAA,FTL,Night,2.3275862068965516,2.3275862068965516,1
IND470004AAA,IND470117AAA,FTL,Night,2.1777777777777776,2.1777777777777776,1
IND470004AAA,IND473443AAA,FTL,Night,2.0466101694915255,2.178813559322034,2
IND470113AAA,IND470117AAA,FTL,Night,2.5142857142857142,2.5828571428571427,2
IND470113AAA,IND470227AAB,FTL,Night,1.6727272727272726,1.6727272727272726,1
IND470117AAA,IND470227AAB,FTL,Night,1.7157894736842105,1.7907894736842105,5
IND471001AAA,IND472001AAA,FTL,Afternoon,1.620253164556962,1.627754336615096,3
IND471001AAA,IND472001AAA,FTL,Evening,1.5474397590361446,1.6655487804878049,4
IND471001AAA,IND472001AAA,FTL,Night,1.927710843373494,1.927710843373494,1
IND472001AAA,IND474003AAA,FTL,Night,2.485294117647059,2.573249299719888,3
IND472001AAA,IND485001AAC,FTL,Afternoon,2.318780865550393,2.360958590711508,6
IND472001AAA,IND485001AAC,FTL,Evening,2.4086021505376345,2.554770075497598,5
IND473001AAA,IND473331AAA,FTL,Morning,2.0822649572649574,2.587984496124031,8
IND473226AAA,IND473001AAA,FTL,Morning,1.3076923076923077,2.250098879367172,7
IND473226AAA,IND474003AAA,FTL,Evening,1.6621160409556315,1.779773031512681,3
IND473226AAA,IND474003AAA,FTL,Night,1.5774241900149892,4.1032047203100595,6
IND473331AAA,IND473226AAA,FTL,Morning,6.463414634146341,14.046095879429213,12
IND473443AAA,IND470113AAA,FTL,Night,1.8135593220338984,2.006779661016949,7
IND474003AAA,IND000000ACB,FTL,Afternoon,1.5307692307692307,1.5307692307692307,1
IND474003AAA,IND000000ACB,FTL,Evening,1.6741485613623017,1.78544061302682,6
IND474003AAA,IND000000ACB,FTL,Morning,1.6320463887257781,1.9567035184697728,4
IND474003AAA,IND000000ACB,FTL,Night,1.8129770992366412,1.9816091954022987,9
IND474003AAA,IND328001AAA,FTL,Morning,1.373134328358209,1.373134328358209,1
IND474003AAA,IND476001AAA,FTL,Night,1.5334084084084085,1.5823573573573573,2
IND474003AAA,IND476111AAA,FTL,Night,2.595238095238095,3.13151364764268,6
IND476001AAA,IND476111AAA,FTL,Night,2.2083333333333335,2.2083333333333335,1
IND476111AAA,IND477001AAA,FTL,Night,1.9,2.054901960784314,5
IND476111AAA,IND477001AAB,FTL,Night,2.230769230769231,2.230769230769231,1
IND477001AAA,IND474003AAA,FTL,Night,3.3636363636363638,3.3636363636363638,1
IND477001AAB,IND474003AAA,FTL,Night,3.596192722371968,8.342954545454544,8
IND480001AAA,IND480661AAA,FTL,Night,1.5384615384615385,1.9638009049773757,9
IND480001AAA,IND481661AAA,FTL,Night,1.6337882547559968,1.7203060380479736,2
IND480334AAA,IND480106AAA,FTL,Morning,1.394047619047619,1.726190476190476,10
IND480334AAA,IND480106AAA,FTL,Night,1.4444444444444444,1.8992063492063491,8
IND480661AAA,IND480001AAA,FTL,Night,1.8269230769230769,1.873076923076923,2
IND480661AAA,IND481661AAA,FTL,Night,1.396424570575056,1.6397124887690926,6
IND480886AAA,IND480001AAA,FTL,Night,1.5656565656565657,1.6086315789473684,5
IND480886AAA,IND480661AAA,FTL,Night,1.5274376417233562,1.6116099773242631,2
IND481661AAA,IND842003AAB,FTL,Night,3.2077910958904106,4.5479452054794525,8
IND482002AAA,IND842003AAB,Carting,Night,14.1875,15.4375,2
IND483225AAA,IND483501AAA,FTL,Night,2.121212121212121,2.2823069403714564,3
IND483501AAA,IND483770AAA,FTL,Night,2.0,2.183333333333333,3
IND483770AAA,IND842003AAB,FTL,Night,2.6792452830188678,2.6792452830188678,1
IND484001AAA,IND484224AAA,FTL,Night,1.4047619047619047,1.4238095238095239,3
IND484001AAA,IND484446AAA,FTL,Night,2.0777555777555774,2.1646020646020645,4
IND484224AAA,IND484446AAA,FTL,Night,0.96875,0.96875,1
IND484446AAA,IND842003AAB,FTL,Night,2.025531914893617,2.035875613747954,3
IND484551AAA,IND484001AAA,FTL,Night,2.0384615384615383,2.0384615384615383,1
IND484661AAE,IND484001AAA,FTL,Night,2.5488394584139265,2.8006769825918765,2
IND484661AAE,IND484551AAA,FTL,Night,3.3333333333333335,3.3333333333333335,1
IND485001AAC,IND471001AAA,FTL,Afternoon,2.1844660194174756,2.2061239731142646,3
IND485001AAC,IND471001AAA,FTL,Evening,2.1304611650485437,2.1348300970873786,2
IND485001AAC,IND485771AAA,FTL,Night,3.0606060606060606,10.987878787878788,3
IND485001AAC,IND486001AAA,FTL,Night,14.061764705882354,21.052352941176473,2
IND485001AAC,IND486771AAA,FTL,Night,6.445054945054945,6.833893073218916,4
IND485001AAC,IND488001AAA,FTL,Evening,2.0701754385964914,2.1013078149920252,3
IND485771AAA,IND486001AAA,FTL,Night,2.1333333333333333,2.1333333333333333,1
IND485771AAA,IND486771AAA,FTL,Night,5.285714285714286,5.285714285714286,1
IND486001AAA,IND486771AAA,FTL,Night,2.6642619311875695,2.697558268590455,2
IND486661AAA,IND211002AAB,FTL,Night,5.236024844720497,7.2832298136645965,5
IND486771AAA,IND486661AAA,FTL,Night,1.625,2.4857142857142858,5
IND486886AAA,IND486889AAA,FTL,Afternoon,2.4,3.27,5
IND486886AAA,IND486889AAA,FTL,Morning,2.335238095238095,2.451047619047619,2
IND486889AAA,IND231205AAA,FTL,Afternoon,2.0,2.2222222222222223,3
IND486889AAA,IND231205AAA,FTL,Morning,2.2153846153846155,2.2153846153846155,1
IND486889AAA,IND231216AAA,FTL,Afternoon,2.557572861920688,2.5862398471094123,2
IND486889AAA,IND231216AAA,FTL,Morning,2.8351648351648353,2.8351648351648353,1
IND487001AAA,IND487551AAA,FTL,Night,1.3765032377428308,1.5282608695652173,4
IND487001AAB,IND487551AAA,FTL,Night,1.702127659574468,1.8261398176291794,3
IND487551AAA,IND464668AAA,FTL,Night,2.296785304247991,2.762491888384166,6
IND488001AAA,IND471001AAA,FTL,Afternoon,2.1458333333333335,2.1458333333333335,1
IND488001AAA,IND471001AAA,FTL,Evening,2.1914893617021276,2.3106382978723405,3
IND491001AAA,IND494334AAB,FTL,Night,1.439252336448598,1.439252336448598,1
IND492001AAB,IND492007AAA,Carting,Night,3.0,3.264545454545454,4
IND493118AAC,IND495334AAB,Carting,Evening,1.653061224489796,1.8460408163265307,4
IND493118AAC,IND495334AAB,Carting,Night,1.47,1.6099999999999999,4
IND493445AAB,IND490023AAA,FTL,Evening,14.40983606557377,14.40983606557377,1
IND494334AAB,IND493445AAB,FTL,Evening,1.777745155607751,1.7845566647093365,2
IND494334AAB,IND493445AAB,FTL,Night,1.7061068702290076,1.9816793893129772,8
IND495004AAA,IND495671AAA,FTL,Night,2.558139534883721,2.558139534883721,1
IND495334AAB,IND491995AAB,Carting,Evening,1.5404040404040404,1.7664646464646465,4
IND495334AAB,IND491995AAB,Carting,Night,1.5743478260869566,1.7581642512077296,4
IND495677AAA,IND496001AAA,FTL,Evening,2.18018018018018,2.92972972972973,3
IND495677AAA,IND496001AAA,FTL,Night,2.18018018018018,2.439705760806678,3
IND500008AAC,IND500084AAB,Carting,Night,2.736842105263158,2.736842105263158,1
IND500008AAC,IND501359AAE,Carting,Afternoon,2.625,2.625,1
IND500008AAC,IND501359AAE,Carting,Evening,2.2704347826086955,5.552181818181818,4
IND500008AAC,IND501359AAE,Carting,Morning,7.158008658008658,17.384387351778656,8
IND500008AAD,IND501359AAE,Carting,Afternoon,2.909090909090909,9.887784679089027,5
IND500008AAD,IND501359AAE,Carting,Morning,5.045454545454546,5.045454545454546,1
IND500008AAF,IND500039AAC,Carting,Morning,2.933333333333333,3.1907563025210086,5
IND500008AAF,IND500039AAC,Carting,Night,3.5294117647058822,4.785714285714286,11
IND500010AAA,IND500055AAA,Carting,Morning,1.8235294117647058,1.8235294117647058,1
IND500010AAA,IND501359AAE,Carting,Evening,2.1904761904761907,13.241995841995845,5
IND500010AAA,IND501359AAE,Carting,Morning,10.542857142857143,10.542857142857143,1
IND500010AAA,IND501359AAE,Carting,Night,2.27027027027027,2.27027027027027,1
IND500010AAA,IND501401AAC,Carting,Morning,3.8,3.8,1
IND500010AAB,IND501359AAE,Carting,Afternoon,3.7711161387631975,5.1275,12
IND500010AAB,IND501359AAE,Carting,Evening,2.5142857142857142,3.0360504201680674,4
IND500010AAB,IND501359AAE,Carting,Morning,3.4087013843111404,4.068089430894309,12
IND500010AAB,IND501359AAE,Carting,Night,3.3896396396396398,4.01,4
IND500018AAA,IND500080AAB,Carting,Morning,4.729166666666667,6.245833333333334,2
IND500018AAA,IND500080AAB,Carting,Night,2.4,2.4,1
IND500032AAA,IND502295AAA,Carting,Night,1.9795454545454545,2.562826086956522,4
IND500035AAA,IND500039AAC,Carting,Morning,2.75,2.75,1
IND500039AAB,IND501301AAC,Carting,Morning,2.25,2.25,1
IND500039AAC,IND500035AAA,Carting,Morning,3.2153846153846155,4.027692307692308,2
IND500039AAC,IND500035AAD,Carting,Morning,2.4335664335664333,2.5958041958041957,2
IND500039AAC,IND500035AAD,Carting,Night,2.571428571428571,3.4197802197802196,4
IND500039AAC,IND501359AAE,Carting,Afternoon,3.8846153846153846,9.221367521367522,3
IND500039AAC,IND501359AAE,Carting,Morning,4.018518518518519,10.809116809116809,6
IND500039AAC,IND501359AAE,Carting,Night,7.988425925925926,11.275,4
IND500039AAC,IND508116AAA,FTL,Night,2.357142857142857,3.093633952254642,9
IND500039AAD,IND501359AAE,Carting,Afternoon,2.685763888888889,2.759375,2
IND500039AAD,IND501359AAE,Carting,Morning,3.532258064516129,3.9064516129032256,2
IND500039AAD,IND501359AAE,Carting,Night,2.59375,2.64375,3
IND500050AAA,IND501218AAC,Carting,Evening,3.7476190476190476,5.202857142857143,2
IND500050AAA,IND501218AAC,Carting,Night,5.714285714285714,5.714285714285714,1
IND500050AAA,IND501359AAE,Carting,Afternoon,6.380730050933787,11.332361308677099,4
IND500050AAA,IND501359AAE,Carting,Evening,1.4516129032258065,4.593770856507231,3
IND500050AAA,IND501359AAE,Carting,Morning,2.4516129032258065,7.7125,9
IND500055AAA,IND500010AAA,Carting,Night,2.933333333333333,2.933333333333333,1
IND500055AAA,IND501401AAC,Carting,Morning,2.0588235294117645,2.0588235294117645,1
IND500055AAC,IND501401AAC,Carting,Morning,2.6666666666666665,3.2369230769230772,5
IND500055AAC,IND501401AAC,Carting,Night,2.4333333333333336,3.875,6
IND500080AAB,IND501359AAE,Carting,Afternoon,5.5,5.5,1
IND500080AAB,IND501359AAE,Carting,Evening,1.9523809523809523,2.0,4
IND500080AAB,IND501359AAE,Carting,Morning,3.8095238095238093,5.0476190476190474,11
IND501101AAB,IND501359AAE,Carting,Evening,1.9285714285714286,1.9285714285714286,1
IND501101AAB,IND509216AAC,Carting,Evening,1.4622641509433962,1.5245283018867926,4
IND501141AAA,IND501101AAB,Carting,Evening,1.619047619047619,1.743554006968641,4
IND501301AAC,IND500039AAC,Carting,Morning,4.909090909090909,4.909090909090909,1
IND501359AAE,IND000000ACB,FTL,Night,2.1486146095717884,2.1486146095717884,1
IND501359AAE,IND411033AAA,FTL,Evening,2.048997772828508,2.155781550288277,9
IND501359AAE,IND411033AAA,FTL,Night,2.0491475825701357,2.2743763858093127,8
IND501359AAE,IND413002AAA,FTL,Afternoon,1.9198955823293171,2.7212637450199204,10
IND501359AAE,IND462022AAA,FTL,Evening,2.1400651465798046,2.2801302931596092,6
IND501359AAE,IND462022AAA,FTL,Night,2.016273403776383,2.2624414078017,8
IND501359AAE,IND500008AAC,Carting,Afternoon,1.8387445887445888,2.119047619047619,6
IND501359AAE,IND500008AAC,Carting,Evening,1.657142857142857,1.8785714285714286,6
IND501359AAE,IND500008AAC,Carting,Night,2.0384615384615383,2.2854545454545456,5
IND501359AAE,IND500010AAA,Carting,Afternoon,1.8974358974358974,2.0205128205128204,2
IND501359AAE,IND500010AAA,Carting,Evening,1.7948717948717947,2.6891891891891895,6
IND501359AAE,IND500010AAA,Carting,Night,2.8205128205128203,2.9641025641025642,2
IND501359AAE,IND500010AAB,Carting,Afternoon,2.9302325581395348,3.01025641025641,7
IND501359AAE,IND500010AAB,Carting,Evening,2.7385138967668743,2.8768292682926826,4
IND501359AAE,IND500010AAB,Carting,Morning,3.2458333333333336,3.9825000000000004,2
IND501359AAE,IND500010AAB,Carting,Night,2.7349624060150375,3.6142857142857143,12
IND501359AAE,IND500039AAC,Carting,Evening,2.033333333333333,2.4659003831417623,5
IND501359AAE,IND500039AAC,Carting,Night,2.45,2.5233333333333334,4
IND501359AAE,IND500039AAD,Carting,Night,2.3870967741935485,2.3870967741935485,1
IND501359AAE,IND500050AAA,Carting,Afternoon,1.5151515151515151,1.5151515151515151,1
IND501359AAE,IND500050AAA,Carting,Evening,1.5333333333333334,1.5866666666666667,3
IND501359AAE,IND500050AAA,Carting,Night,1.8709677419354838,3.26923076923077,9
IND501359AAE,IND500080AAB,Carting,Afternoon,1.875,2.1586956521739133,5
IND501359AAE,IND500080AAB,Carting,Evening,1.826086956521739,2.1893333333333334,9
IND501359AAE,IND500080AAB,Carting,Night,3.721739130434783,6.538461538461538,6
IND501359AAE,IND501141AAA,Carting,Evening,1.619036954087346,1.7324410889956532,6
IND501359AAE,IND501218AAC,Carting,Evening,6.777777777777778,6.777777777777778,1
IND501359AAE,IND505001AAB,FTL,Morning,1.3827486615948155,1.3937094956325726,2
IND501359AAE,IND506002AAA,FTL,Afternoon,1.8852459016393444,1.8852459016393444,1
IND501359AAE,IND506002AAA,FTL,Morning,1.7804878048780488,1.9180327868852458,11
IND501359AAE,IND508252AAB,FTL,Night,2.0434782608695654,2.842091836734694,5
IND501359AAE,IND509001AAA,FTL,Evening,1.6128246753246753,1.7436363636363637,12
IND501359AAE,IND509001AAA,FTL,Night,1.3157894736842106,1.3157894736842106,1
IND501359AAE,IND509358AAA,FTL,Evening,1.5576923076923077,2.104761904761905,10
IND501359AAE,IND509358AAA,FTL,Night,6.814814814814815,6.814814814814815,1
IND501359AAE,IND515004AAA,FTL,Night,1.779367751589974,1.9680327868852459,8
IND501359AAE,IND518002AAA,FTL,Morning,1.7789855072463767,2.0237410071942445,12
IND501359AAE,IND523002AAA,FTL,Night,1.7158244481664555,1.8911132345914956,8
IND501359AAE,IND533106AAA,FTL,Night,2.2142857142857144,2.3494049933888155,10
IND501359AAE,IND562132AAA,FTL,Morning,1.6184544950055493,1.6727475027746948,2
IND501359AAE,IND562132AAA,FTL,Night,1.791465038845727,1.8284106548279688,2
IND501359AAE,IND585104AAA,FTL,Afternoon,1.5958083832335328,1.7343776732249787,10
IND501359AAE,IND585104AAA,FTL,Morning,1.7724550898203593,1.791616766467066,3
IND501359AAE,IND712311AAA,FTL,Night,1.979167151030219,2.0283476078998053,2
IND501359AAE,IND751002AAB,FTL,Night,2.026566757493188,2.235012322432365,8
IND501359AAG,IND000000ACN,Carting,Afternoon,2.75,5.244851258581236,9
IND501401AAC,IND500010AAA,Carting,Morning,1.9303030303030302,4.04,4
IND501401AAC,IND500010AAA,Carting,Night,10.076923076923077,12.314285714285715,5
IND502110AAA,IND502313AAA,FTL,Night,1.3714285714285714,1.6536036036036035,17
IND502220AAC,IND501359AAE,FTL,Night,1.310077519379845,1.5461538461538462,19
IND502286AAB,IND502220AAC,FTL,Night,2.18,2.3643617021276597,19
IND502295AAA,IND500050AAA,Carting,Night,2.0,2.096,2
IND502313AAA,IND503111AAC,FTL,Night,1.7142857142857142,1.8516129032258064,5
IND503111AAC,IND501359AAE,FTL,Morning,2.233009708737864,2.8446601941747574,11
IND503111AAC,IND503185AAA,FTL,Night,1.8852459016393444,2.2442622950819673,17
IND503122AAA,IND502110AAA,FTL,Night,1.5675675675675675,2.0,17
IND503185AAA,IND503187AAA,FTL,Night,1.5,1.885714285714286,17
IND503187AAA,IND503122AAA,FTL,Night,1.5384615384615385,1.8523076923076924,18
IND504201AAA,IND505001AAB,FTL,Night,2.136986301369863,2.136986301369863,1
IND504201AAA,IND505184AAC,FTL,Night,1.0533333333333332,1.136982456140351,3
IND504208AAB,IND504251AAA,FTL,Night,1.7894736842105263,1.7894736842105263,1
IND504208AAB,IND505001AAB,FTL,Night,1.901639344262295,3.4346604215456673,5
IND504215AAA,IND505001AAB,FTL,Night,1.9406779661016949,2.8040459267359212,10
IND504215AAA,IND505326AAB,FTL,Night,2.706896551724138,2.706896551724138,1
IND504251AAA,IND504293AAA,FTL,Night,2.305263157894737,2.3810526315789473,2
IND504251AAA,IND504296AAA,FTL,Night,1.186046511627907,1.2735729386892178,3
IND504293AAA,IND504208AAB,FTL,Night,1.3621753246753248,1.5233441558441558,2
IND504293AAA,IND505001AAB,FTL,Night,2.0122549019607843,2.4915254237288136,6
IND504296AAA,IND504208AAB,FTL,Night,1.2459016393442623,1.2459016393442623,1
IND504296AAA,IND504293AAA,FTL,Night,1.1,1.1,2
IND504296AAA,IND505001AAB,FTL,Night,1.6,1.6,1
IND505001AAA,IND505302AAB,FTL,Night,1.4127134724857684,2.2234848484848486,6
IND505001AAA,IND505327AAA,FTL,Night,1.6046511627906976,1.6046511627906976,1
IND505001AAB,IND503111AAC,FTL,Morning,1.388034188034188,1.5753846153846154,2
IND505001AAB,IND504208AAB,FTL,Night,1.5288461538461537,1.9498576850094875,10
IND505001AAB,IND505172AAA,FTL,Night,1.7083333333333333,1.7083333333333333,1
IND505001AAB,IND505184AAC,FTL,Night,2.5714285714285716,3.180952380952381,3
IND505001AAB,IND505209AAA,FTL,Night,3.099802371541502,3.867391304347826,4
IND505001AAB,IND505302AAB,FTL,Night,1.5151515151515151,2.044206773618538,3
IND505122AAA,IND506002AAA,FTL,Night,3.232142857142857,8.754615384615384,10
IND505184AAC,IND505001AAB,FTL,Night,2.0833333333333335,2.841743662639185,7
IND505184AAC,IND505209AAA,FTL,Night,1.0208333333333333,1.0208333333333333,1
IND505209AAA,IND504201AAA,FTL,Night,1.4137931034482758,2.7193103448275866,5
IND505209AAA,IND505001AAB,FTL,Night,1.9555555555555555,3.9655791962174938,3
IND505302AAB,IND505325AAA,FTL,Night,1.1290322580645162,1.3919081465281573,3
IND505302AAB,IND505326AAB,FTL,Night,1.2116161616161616,1.3780701754385964,4
IND505325AAA,IND505327AAA,FTL,Night,1.4090909090909092,1.9909090909090912,5
IND505326AAA,IND505425AAA,FTL,Night,2.8285714285714287,2.8285714285714287,1
IND505326AAB,IND505327AAA,FTL,Night,2.0434782608695654,2.0434782608695654,1
IND505326AAB,IND505425AAA,FTL,Night,1.631578947368421,1.631578947368421,1
IND505327AAA,IND505425AAA,FTL,Night,1.619047619047619,2.684705882352941,9
IND505425AAA,IND504215AAA,FTL,Night,3.4166666666666665,3.4166666666666665,1
IND505425AAA,IND505001AAB,FTL,Night,1.8571428571428572,1.8571428571428572,1
IND505467AAA,IND505122AAA,FTL,Night,1.7333333333333334,1.8334299516908212,7
IND505503AAA,IND506164AAA,FTL,Night,2.282051282051282,2.282051282051282,1
IND506001AAC,IND505122AAA,FTL,Night,2.0588235294117645,2.3176470588235296,2
IND506001AAC,IND505467AAA,FTL,Night,1.7000000000000002,1.8828571428571428,8
IND506002AAA,IND506132AAA,FTL,Night,1.1142857142857143,1.4023562023562024,17
IND506002AAA,IND506143AAA,FTL,Afternoon,2.142857142857143,2.142857142857143,1
IND506002AAA,IND506143AAA,FTL,Morning,2.0,2.380952380952381,11
IND506002AAA,IND506343AAA,FTL,Night,1.5896825396825398,1.6957142857142857,2
IND506132AAA,IND122001AAJ,FTL,Night,1.8403361344537816,2.252673796791444,16
IND506143AAA,IND506167AAB,FTL,Afternoon,1.75,1.7722222222222221,2
IND506143AAA,IND506167AAB,FTL,Morning,1.7777777777777777,1.899346405228758,9
IND506167AAB,IND501359AAE,FTL,Afternoon,2.013532763532764,2.23974358974359,2
IND506167AAB,IND501359AAE,FTL,Morning,2.189873417721519,4.087179487179487,9
IND506169AAB,IND505503AAA,FTL,Night,2.125,2.125,1
IND506314AAA,IND506002AAA,FTL,Night,3.74,12.513230769230773,14
IND506343AAA,IND506169AAB,FTL,Night,1.3475609756097562,1.4695121951219512,2
IND507002AAA,IND507117AAB,FTL,Night,1.4594594594594594,1.4594594594594594,1
IND507002AAA,IND507159AAA,FTL,Night,1.915032679738562,1.9359477124183007,2
IND507002AAA,IND507167AAA,FTL,Night,2.6818181818181817,3.0857142857142854,7
IND507002AAA,IND508001AAA,FTL,Night,2.4698795180722892,2.4698795180722892,1
IND507002AAA,IND508206AAA,FTL,Night,2.1774193548387095,4.51,8
IND507002AAA,IND508207AAB,FTL,Night,1.9253731343283582,1.9611940298507462,2
IND507002AAA,IND508213AAB,FTL,Night,1.8181818181818181,1.934782608695652,11
IND507111AAA,IND507117AAB,FTL,Night,1.7419354838709677,2.161846496106786,14
IND507117AAB,IND507303AAA,FTL,Night,1.903225806451613,2.396762257169288,13
IND507123AAA,IND506314AAA,FTL,Night,1.385321100917431,1.4862385321100917,11
IND507159AAA,IND507002AAA,FTL,Night,3.72,16.63859649122808,7
IND507159AAA,IND508206AAA,FTL,Night,1.135135135135135,1.2936936936936936,3
IND507303AAA,IND507002AAA,FTL,Night,2.537037037037037,4.581818181818182,13
IND508001AAA,IND501359AAE,FTL,Night,1.7586206896551724,1.9101123595505618,11
IND508116AAA,IND508223AAA,FTL,Night,1.5254237288135593,1.5254237288135593,1
IND508116AAA,IND508277AAB,FTL,Night,1.088888888888889,1.195609756097561,10
IND508206AAA,IND507002AAA,FTL,Night,1.9464285714285714,2.1035714285714286,2
IND508206AAA,IND507159AAA,FTL,Night,1.3243243243243241,1.666013071895425,8
IND508206AAA,IND508207AAB,FTL,Night,2.223015873015873,2.355714285714286,2
IND508207AAB,IND507002AAA,FTL,Night,3.0,3.509090909090909,3
IND508207AAB,IND508206AAA,FTL,Night,2.6285714285714286,2.6285714285714286,1
IND508207AAB,IND521225AAB,FTL,Night,2.110169491525424,2.1737505432420687,7
IND508213AAB,IND508001AAA,FTL,Night,1.8055555555555556,2.4324324324324325,11
IND508223AAA,IND500039AAC,FTL,Night,1.7840909090909092,2.1627906976744184,11
IND508248AAB,IND508377AAB,FTL,Evening,1.8376623376623376,1.961111111111111,8
IND508248AAB,IND508377AAB,FTL,Night,1.8125,1.8125,1
IND508252AAB,IND508207AAB,FTL,Night,1.4175451807228916,1.4385670731707316,4
IND508277AAB,IND508223AAA,FTL,Night,1.4289297658862876,1.629310344827586,8
IND508377AAB,IND501359AAE,FTL,Evening,1.8,2.344767616191904,5
IND508377AAB,IND501359AAE,FTL,Night,2.1196581196581197,2.1196581196581197,1
IND509001AAA,IND509203AAA,FTL,Evening,1.5294117647058822,1.8625668449197863,13
IND509001AAA,IND509203AAA,FTL,Night,1.6470588235294117,1.6470588235294117,1
IND509103AAB,IND509103AAC,FTL,Evening,1.9411764705882353,1.9411764705882353,1
IND509103AAB,IND518002AAA,FTL,Evening,2.2241379310344827,2.631034482758621,9
IND509103AAC,IND518002AAA,FTL,Evening,1.9487179487179487,2.703898305084746,5
IND509124AAA,IND509103AAB,FTL,Evening,1.8205128205128205,2.362051282051282,9
IND509124AAA,IND509103AAC,FTL,Evening,1.6153846153846154,2.5846153846153848,4
IND509124AAA,IND518002AAA,FTL,Evening,4.222222222222222,4.222222222222222,1
IND509124AAA,IND584101AAA,FTL,Evening,1.4642857142857142,1.4642857142857142,1
IND509203AAA,IND509301AAA,FTL,Evening,1.4615384615384615,1.6384615384615384,13
IND509203AAA,IND509301AAA,FTL,Night,1.9230769230769231,1.9230769230769231,1
IND509216AAC,IND501359AAE,Carting,Evening,1.6153846153846154,2.515076923076923,5
IND509216AAC,IND501359AAE,FTL,Evening,2.88,3.2880000000000003,5
IND509301AAA,IND501359AAE,FTL,Evening,1.7023809523809523,2.0265306122448976,8
IND509301AAA,IND501359AAE,FTL,Night,2.0,2.0,1
IND509301AAA,IND509216AAC,FTL,Evening,1.75,3.4108262108262113,5
IND509324AAA,IND508248AAB,FTL,Evening,2.100865800865801,2.195546218487395,4
IND509324AAA,IND508248AAB,FTL,Night,2.735294117647059,2.735294117647059,1
IND509358AAA,IND508248AAB,FTL,Evening,2.210526315789474,2.465926358854471,5
IND509358AAA,IND509324AAA,FTL,Evening,1.7307692307692308,4.2916256157635475,5
IND509358AAA,IND509324AAA,FTL,Night,1.2857142857142858,1.2857142857142858,1
IND515004AAA,IND501359AAE,FTL,Morning,1.6919398907103824,1.7814814814814814,10
IND515004AAA,IND501359AAE,FTL,Night,1.8480402077851987,1.858269350487653,4
IND515004AAA,IND515401AAB,FTL,Evening,1.6666666666666667,2.2051282051282053,11
IND515004AAA,IND515401AAB,FTL,Night,1.775,2.055,3
IND515004AAA,IND515411AAA,FTL,Evening,2.419642857142857,2.5839285714285714,2
IND515004AAA,IND515671AAA,FTL,Evening,2.4413978494623656,5.709374999999999,8
IND515004AAA,IND515671AAA,FTL,Night,1.808467741935484,1.8616935483870969,2
IND515004AAA,IND515801AAA,FTL,Evening,2.8363636363636364,2.8363636363636364,1
IND515004AAA,IND562132AAA,FTL,Night,1.7391304347826086,1.8065217391304347,7
IND515134AAA,IND515201AAA,Carting,Night,1.6637931034482758,2.013793103448276,12
IND515134AAA,IND515591AAA,FTL,Evening,1.6041666666666667,1.877987421383648,5
IND515134AAA,IND515591AAA,FTL,Night,1.3673469387755102,1.3673469387755102,1
IND515201AAA,IND515134AAA,Carting,Night,1.7592592592592593,2.776031656302996,5
IND515201AAA,IND515301AAA,Carting,Night,2.8095238095238093,3.1363636363636362,11
IND515301AAA,IND561202AAB,Carting,Night,1.7777777777777777,2.397058823529412,13
IND515401AAB,IND515801AAA,FTL,Evening,2.5,2.8636363636363638,11
IND515401AAB,IND515801AAA,FTL,Night,2.3181818181818183,2.3436363636363637,3
IND515411AAA,IND516360AAB,FTL,Evening,2.073148974130241,2.2672613737734166,2
IND515591AAA,IND516269AAA,FTL,Evening,1.8060096153846152,1.9615384615384617,6
IND515591AAA,IND516269AAA,FTL,Night,1.646153846153846,1.646153846153846,1
IND515671AAA,IND515134AAA,FTL,Evening,1.5508403361344538,1.7648692810457516,8
IND515671AAA,IND515134AAA,FTL,Night,1.3725490196078431,1.403921568627451,2
IND515671AAA,IND515591AAA,FTL,Evening,2.6,2.6,1
IND515761AAA,IND515004AAA,FTL,Evening,1.8100507982583456,2.0638871473354232,12
IND515761AAA,IND515004AAA,FTL,Night,1.6981132075471699,2.139622641509434,3
IND515801AAA,IND515865AAB,FTL,Evening,1.5862068965517242,1.8876404494382022,11
IND515801AAA,IND515865AAB,FTL,Night,1.5681818181818181,1.5810520939734423,3
IND515865AAB,IND515761AAA,FTL,Evening,1.696969696969697,1.7575757575757576,11
IND515865AAB,IND515761AAA,FTL,Night,1.6666666666666667,1.7083333333333333,3
IND516001AAA,IND516227AAA,FTL,Evening,1.7319611470860314,1.7898704902867715,2
IND516101AAA,IND516115AAA,Carting,Night,2.4583333333333335,3.6449230769230776,13
IND516115AAA,IND517501AAB,Carting,Night,2.283582089552239,2.8191395961369623,13
IND516227AAA,IND515004AAA,FTL,Evening,2.159491193737769,2.3747553816046967,2
IND516269AAA,IND516390AAA,FTL,Evening,1.5657894736842106,1.7842105263157895,9
IND516269AAA,IND516390AAA,FTL,Night,1.5460526315789473,1.5513157894736842,2
IND516360AAB,IND516001AAA,FTL,Evening,1.6129568106312293,1.6940199335548172,2
IND516390AAA,IND515004AAA,FTL,Evening,1.8941176470588235,2.0742123056119,9
IND516390AAA,IND515004AAA,FTL,Night,1.9728584668343703,2.100595789752416,2
IND517501AAB,IND517583AAA,Carting,Night,2.1538461538461537,2.376923076923077,13
IND517501AAB,IND517644AAA,FTL,Night,2.4285714285714284,2.646451612903226,15
IND517583AAA,IND516101AAA,Carting,Night,2.152173913043478,2.3306737588652484,13
IND517644AAA,IND524132AAA,FTL,Night,2.1142857142857143,2.4593939393939395,14
IND518002AAA,IND501359AAE,FTL,Evening,1.8641219891219891,2.143479759676943,10
IND518002AAA,IND509103AAB,FTL,Evening,4.802325581395349,4.96046511627907,2
IND518002AAA,IND509124AAA,FTL,Evening,3.6914893617021276,5.538297872340426,2
IND518002AAA,IND518206AAA,FTL,Night,22.56,22.56,1
IND518002AAA,IND518401AAA,FTL,Evening,1.6857619577308118,2.133928571428571,6
IND518002AAA,IND518401AAA,FTL,Night,1.8854838709677417,1.9248387096774193,4
IND518002AAA,IND518501AAA,FTL,Evening,1.5161290322580645,1.624310776942356,15
IND518002AAA,IND518501AAA,FTL,Night,1.8,1.86,3
IND518002AAA,IND562132AAA,FTL,Morning,1.5259515570934257,1.5577406931964057,7
IND518002AAA,IND584101AAA,FTL,Evening,1.8085106382978724,2.0785767790262173,13
IND518102AAA,IND518002AAA,FTL,Evening,1.9541984732824427,2.072192513368984,9
IND518102AAA,IND518002AAA,FTL,Night,2.0076335877862594,2.110617626648161,3
IND518124AAA,IND518002AAA,FTL,Evening,1.4788732394366197,1.4788732394366197,1
IND518124AAA,IND518206AAA,FTL,Evening,1.65,1.9047619047619047,6
IND518206AAA,IND518002AAA,FTL,Night,2.74,2.74,1
IND518206AAA,IND518222AAA,FTL,Evening,1.2666666666666666,1.616969696969697,3
IND518206AAA,IND518222AAA,FTL,Night,1.1627906976744187,1.1627906976744187,1
IND518222AAA,IND518002AAA,FTL,Evening,1.4815509693558475,1.7730769230769232,4
IND518222AAA,IND518002AAA,FTL,Night,1.5135135135135136,1.5135135135135136,1
IND518401AAA,IND518422AAB,FTL,Evening,2.378205128205128,2.4977777777777774,6
IND518401AAA,IND518422AAB,FTL,Night,1.64,1.9946666666666668,3
IND518422AAB,IND518102AAA,FTL,Evening,2.0,2.1285714285714286,10
IND518422AAB,IND518102AAA,FTL,Night,2.111842105263158,2.1276315789473688,2
IND518501AAA,IND518124AAA,FTL,Evening,2.6169950738916254,3.250574712643678,12
IND518501AAA,IND518124AAA,FTL,Night,2.0689655172413794,2.213793103448276,3
IND520011AAA,IND521185AAA,Carting,Evening,2.1272727272727274,2.389090909090909,2
IND520011AAA,IND521185AAA,Carting,Night,2.125,2.4715116279069766,3
IND521001AAA,IND521165AAA,FTL,Evening,1.7307692307692308,1.7307692307692308,1
IND521001AAA,IND521165AAA,FTL,Night,1.8076923076923077,1.8076923076923077,1
IND521001AAA,IND521225AAB,FTL,Evening,2.30188679245283,2.317520215633423,3
IND521001AAA,IND521225AAB,FTL,Night,2.1795454545454547,2.235909090909091,2
IND521105AAA,IND521333AAA,FTL,Evening,2.5176767676767677,2.576262626262626,2
IND521105AAA,IND521333AAA,FTL,Night,2.3863636363636362,2.3863636363636362,1
IND521105AAA,IND534001AAA,FTL,Evening,1.8235294117647058,1.8235294117647058,1
IND521105AAA,IND534001AAA,FTL,Night,2.0588235294117645,2.0588235294117645,3
IND521165AAA,IND521225AAB,FTL,Evening,8.615384615384615,8.615384615384615,1
IND521165AAA,IND521225AAB,FTL,Night,9.3,9.3,1
IND521185AAA,IND520011AAA,Carting,Evening,1.7241379310344827,1.7241379310344827,1
IND521185AAA,IND521225AAB,Carting,Evening,2.4444444444444446,2.657777777777778,2
IND521185AAA,IND521225AAB,Carting,Night,2.0227272727272725,2.040909090909091,2
IND521201AAA,IND521105AAA,FTL,Evening,1.5956937799043063,1.7086124401913876,2
IND521201AAA,IND521105AAA,FTL,Night,2.1363636363636362,2.1363636363636362,1
IND521225AAB,IND501359AAE,FTL,Night,1.8215686274509806,2.1773334163269116,10
IND521225AAB,IND507002AAA,FTL,Night,1.7894736842105263,2.0956521739130434,11
IND521225AAB,IND521001AAA,FTL,Evening,2.830188679245283,2.830188679245283,1
IND521225AAB,IND521165AAA,FTL,Evening,7.551724137931035,7.551724137931035,1
IND521225AAB,IND521185AAA,Carting,Evening,2.0454545454545454,2.0454545454545454,1
IND521225AAB,IND521201AAA,FTL,Evening,1.590711175616836,2.0603773584905647,10
IND521225AAB,IND521201AAA,FTL,Night,1.5471698113207548,1.6867924528301887,9
IND521225AAB,IND521301AAA,FTL,Evening,1.6904761904761905,3.608484848484849,7
IND521225AAB,IND521301AAA,FTL,Night,1.8,2.9387234042553194,9
IND521225AAB,IND523002AAA,FTL,Morning,1.8130841121495327,1.8130841121495327,2
IND521301AAA,IND521001AAA,FTL,Evening,1.92,2.344,7
IND521301AAA,IND521001AAA,FTL,Night,1.84,2.021846153846154,9
IND521333AAA,IND521225AAB,FTL,Evening,2.4821115013169446,3.185166240409207,8
IND521333AAA,IND521225AAB,FTL,Night,2.671641791044776,4.640843214756258,5
IND522647AAA,IND523201AAA,FTL,Afternoon,1.58,1.84,13
IND522647AAA,IND523201AAA,FTL,Evening,1.2156862745098038,1.2156862745098038,1
IND522647AAA,IND523201AAA,FTL,Night,1.56,1.72,3
IND523002AAA,IND523105AAA,FTL,Afternoon,4.785714285714286,4.785714285714286,1
IND523002AAA,IND523226AAA,FTL,Afternoon,2.575396825396825,2.692857142857143,2
IND523002AAA,IND523226AAA,FTL,Night,1.611244019138756,1.627511961722488,2
IND523002AAA,IND523230AAA,FTL,Afternoon,1.6323529411764706,1.85838317576693,10
IND523002AAA,IND523230AAA,FTL,Evening,1.608695652173913,1.7884057971014493,3
IND523002AAA,IND523230AAA,FTL,Night,1.588235294117647,1.6079774375503626,4
IND523002AAA,IND523316AAB,FTL,Afternoon,2.225,2.225,1
IND523002AAA,IND600056AAB,FTL,Night,1.7318917179887858,1.849947091593788,8
IND523105AAA,IND524201AAA,FTL,Afternoon,1.270764119601329,1.478974358974359,10
IND523105AAA,IND524201AAA,FTL,Evening,1.2619047619047619,1.2968253968253969,3
IND523105AAA,IND524201AAA,FTL,Night,1.3599415204678362,1.471869918699187,4
IND523201AAA,IND523002AAA,FTL,Afternoon,7.3125,7.3125,1
IND523201AAA,IND523002AAA,FTL,Evening,5.172413793103448,5.172413793103448,1
IND523226AAA,IND523316AAB,FTL,Afternoon,1.8,1.9831638418079096,7
IND523226AAA,IND523316AAB,FTL,Evening,1.88135593220339,1.88135593220339,1
IND523226AAA,IND523316AAB,FTL,Night,1.95,2.18672131147541,3
IND523230AAA,IND523105AAA,FTL,Afternoon,1.3777777777777778,1.507114624505929,9
IND523230AAA,IND523105AAA,FTL,Evening,1.6,1.7066666666666668,3
IND523230AAA,IND523105AAA,FTL,Night,1.4491911021233568,1.4869565217391305,4
IND523316AAB,IND522647AAA,FTL,Afternoon,1.6448287910552062,1.747979797979798,8
IND523316AAB,IND522647AAA,FTL,Evening,1.9444444444444444,1.9444444444444444,1
IND523316AAB,IND522647AAA,FTL,Night,1.6545454545454545,1.9753535353535352,3
IND524003AAA,IND501359AAE,FTL,Evening,1.6933701657458564,1.825796112726357,12
IND524101AAB,IND517501AAB,FTL,Night,2.1315789473684212,2.637406392694064,15
IND524132AAA,IND524101AAB,FTL,Night,1.6571428571428573,1.9055555555555557,13
IND524201AAA,IND523002AAA,FTL,Afternoon,1.1388480134538574,2.3528205128205113,10
IND524201AAA,IND523002AAA,FTL,Evening,1.0833333333333335,1.1500000000000001,2
IND524201AAA,IND523002AAA,FTL,Night,1.2222222222222223,1.3111111111111111,3
IND530012AAA,IND501359AAE,FTL,Evening,1.9907192575406032,2.0211536627999362,5
IND530012AAA,IND501359AAE,FTL,Night,2.148491879350348,2.2102088167053364,4
IND530012AAA,IND530043AAA,Carting,Night,2.861111111111111,3.4166666666666665,8
IND530012AAA,IND531001AAA,Carting,Night,1.9285714285714286,2.0636363636363635,4
IND530012AAA,IND531036AAA,Carting,Morning,2.9722222222222223,2.9722222222222223,1
IND530012AAA,IND531162AAA,Carting,Morning,2.1176470588235294,2.1176470588235294,1
IND530012AAA,IND531162AAA,Carting,Night,1.75,2.367857142857143,5
IND530012AAA,IND532001AAB,Carting,Evening,1.7108433734939759,1.8222222222222222,7
IND530012AAA,IND532001AAB,Carting,Morning,2.432098765432099,2.432098765432099,1
IND530012AAA,IND532001AAB,Carting,Night,1.8062004114017043,2.016867469879518,14
IND530012AAA,IND533106AAA,FTL,Night,1.9248120300751879,1.9248120300751879,1
IND530012AAA,IND535001AAA,Carting,Morning,4.96412037037037,6.342824074074074,2
IND530012AAA,IND751002AAB,FTL,Evening,1.610157926485567,1.6343344244138327,2
IND530012AAA,IND751002AAB,FTL,Night,1.5408805031446542,1.5408805031446542,1
IND530012AAA,IND764001AAC,Carting,Evening,2.784431137724551,2.8179640718562875,2
IND530012AAA,IND764020AAC,Carting,Evening,4.2631578947368425,4.2631578947368425,1
IND530012AAC,IND501359AAE,FTL,Night,2.250574712643678,2.250574712643678,1
IND530012AAC,IND533106AAA,FTL,Night,1.8071649712516584,1.9710410641989589,4
IND530018AAA,IND531162AAA,Carting,Night,4.375,4.375,1
IND530026AAA,IND531036AAA,Carting,Night,2.828125,3.36875,4
IND530043AAA,IND531163AAA,Carting,Night,1.6225296442687749,1.8539525691699605,8
IND531001AAA,IND530012AAA,Carting,Night,8.636363636363637,8.636363636363637,1
IND531001AAA,IND531116AAA,Carting,Night,1.9473684210526314,2.1702702702702705,4
IND531036AAA,IND530012AAA,Carting,Night,2.360597439544808,2.556756756756757,4
IND531116AAA,IND530012AAA,Carting,Night,2.55,2.87,3
IND531116AAA,IND531001AAA,Carting,Night,1.5348837209302326,1.5348837209302326,1
IND531163AAA,IND535001AAA,Carting,Night,2.3,2.472857142857143,9
IND532001AAB,IND530012AAA,Carting,Evening,2.0121951219512195,2.273781512605042,7
IND532001AAB,IND530012AAA,Carting,Morning,2.1566265060240966,2.1566265060240966,1
IND532001AAB,IND530012AAA,Carting,Night,2.1686746987951806,2.5878183831672206,13
IND532001AAB,IND532127AAA,FTL,Morning,2.1154761904761905,2.3945238095238097,2
IND532001AAB,IND532127AAA,FTL,Night,1.8643678160919541,3.1379679144385033,14
IND532001AAB,IND532201AAA,FTL,Night,2.5609756097560976,2.5609756097560976,1
IND532001AAB,IND532421AAA,FTL,Morning,3.2,3.2,1
IND532001AAB,IND532421AAA,FTL,Night,3.0,3.6305555555555555,16
IND532127AAA,IND535591AAA,FTL,Morning,1.7176440849342771,1.7522244691607685,2
IND532127AAA,IND535591AAA,FTL,Night,1.6785714285714286,1.869047619047619,14
IND532201AAA,IND532222AAA,FTL,Morning,1.6666666666666667,1.6666666666666667,1
IND532201AAA,IND532222AAA,FTL,Night,1.72,2.566666666666667,17
IND532222AAA,IND532001AAB,FTL,Night,2.235955056179775,2.235955056179775,1
IND532222AAA,IND761200AAA,FTL,Morning,1.6708860759493671,1.6708860759493671,1
IND532222AAA,IND761200AAA,FTL,Night,1.500949667616334,1.96222005842259,8
IND532421AAA,IND532201AAA,FTL,Morning,3.2,3.2,1
IND532421AAA,IND532201AAA,FTL,Night,2.0,2.4210526315789473,15
IND532440AAA,IND532001AAB,FTL,Morning,1.6218253968253968,1.7415079365079364,2
IND532440AAA,IND532001AAB,FTL,Night,1.5277777777777777,1.763157894736842,11
IND533003AAA,IND533106AAA,FTL,Night,2.1,2.1,1
IND533003AAA,IND533401AAA,FTL,Evening,1.8571428571428572,2.25531914893617,11
IND533003AAA,IND533401AAA,FTL,Night,2.021276595744681,2.470921985815603,3
IND533106AAA,IND501359AAE,FTL,Night,2.2167875624251465,3.1866554054054053,6
IND533106AAA,IND530012AAA,FTL,Night,1.7651515151515151,1.8369289914066034,9
IND533106AAA,IND533003AAA,FTL,Evening,4.320754716981132,4.320754716981132,1
IND533106AAA,IND533003AAA,FTL,Night,3.593220338983051,3.593220338983051,1
IND533106AAA,IND533201AAA,FTL,Evening,2.7011494252873565,2.7011494252873565,1
IND533106AAA,IND533242AAA,FTL,Evening,3.056027306027306,3.645748987854251,4
IND533106AAA,IND533262AAA,FTL,Evening,3.240749306197965,3.5524976873265497,2
IND533106AAA,IND533262AAA,FTL,Night,2.302083333333333,3.215217391304348,4
IND533106AAA,IND533308AAB,FTL,Evening,3.583333333333333,4.761111111111111,8
IND533106AAA,IND533308AAB,FTL,Night,4.185185185185185,4.214814814814815,3
IND533106AAA,IND534260AAC,FTL,Evening,3.682768361581921,3.882316384180791,2
IND533106AAA,IND534260AAC,FTL,Night,2.6379310344827585,3.3921023359288096,3
IND533201AAA,IND533242AAA,FTL,Night,2.373809523809524,2.5014285714285713,2
IND533201AAA,IND533262AAA,FTL,Evening,1.9612010796221322,2.0894062078272606,6
IND533201AAA,IND533262AAA,FTL,Night,2.5384615384615383,3.605128205128205,3
IND533242AAA,IND533201AAA,FTL,Evening,2.2476190476190476,2.392380952380952,2
IND533262AAA,IND533106AAA,FTL,Evening,1.7659574468085106,1.8297872340425532,4
IND533262AAA,IND533106AAA,FTL,Night,1.8478260869565217,2.1397779833487514,3
IND533262AAA,IND533201AAA,FTL,Evening,1.5789473684210527,1.5789473684210527,1
IND533262AAA,IND533201AAA,FTL,Night,2.103238866396761,2.3692307692307693,4
IND533308AAB,IND533003AAA,FTL,Evening,1.6097560975609757,1.9490853658536584,8
IND533308AAB,IND533003AAA,FTL,Night,1.7,1.9790243902439024,3
IND533308AAB,IND533106AAA,FTL,Evening,1.962962962962963,1.962962962962963,1
IND533401AAA,IND533106AAA,FTL,Evening,2.3563899868247695,2.644243070362473,10
IND533401AAA,IND533106AAA,FTL,Night,2.1492537313432836,2.4936188622106856,3
IND533401AAA,IND533308AAB,FTL,Evening,2.6987951807228914,2.6987951807228914,1
IND534001AAA,IND521225AAB,FTL,Evening,2.2,2.2,1
IND534001AAA,IND521333AAA,FTL,Evening,1.7037037037037037,2.5769230769230775,7
IND534001AAA,IND521333AAA,FTL,Night,1.7580128205128205,1.823846153846154,6
IND534260AAC,IND533106AAA,FTL,Evening,2.3392857142857144,2.3392857142857144,1
IND534260AAC,IND533106AAA,FTL,Night,2.6206896551724137,2.882758620689655,3
IND535001AAA,IND530012AAA,Carting,Night,3.5660377358490565,5.031212121212121,7
IND535501AAB,IND532001AAB,FTL,Night,1.9506172839506173,1.9506172839506173,1
IND535501AAB,IND532440AAA,FTL,Morning,1.6254355400696863,1.6965156794425087,2
IND535501AAB,IND532440AAA,FTL,Night,1.5,1.697674418604651,11
IND535558AAA,IND535501AAB,FTL,Morning,1.7789855072463767,2.0891304347826085,2
IND535558AAA,IND535501AAB,FTL,Night,1.5534420289855073,1.8795289855072466,14
IND535591AAA,IND535558AAA,FTL,Night,2.1333333333333333,2.526666666666667,3
IND560002AAA,IND560099AAB,Carting,Evening,1.6842105263157894,1.936842105263158,2
IND560002AAA,IND560099AAB,Carting,Morning,2.625,3.4625258799171843,13
IND560002AAA,IND562132AAA,Carting,Evening,1.4242424242424243,1.5235294117647058,7
IND560002AAA,IND562132AAA,Carting,Morning,2.78125,4.401247771836007,9
IND560027AAA,IND560099AAA,Carting,Afternoon,3.4444444444444446,3.4444444444444446,1
IND560027AAA,IND560099AAA,Carting,Evening,1.8,2.448888888888889,3
IND560043AAC,IND560064AAA,Carting,Morning,1.7777777777777777,2.0819444444444444,17
IND560043AAC,IND560064AAA,Carting,Night,1.41640866873065,1.5702614379084967,16
IND560043AAC,IND560099AAB,Carting,Evening,1.2900608519269778,1.7678571428571428,6
IND560043AAC,IND560099AAB,Carting,Morning,2.357142857142857,2.71875,11
IND560043AAC,IND560099AAB,Carting,Night,1.0571428571428572,1.0571428571428572,1
IND560043AAC,IND562132AAA,Carting,Afternoon,2.109451219512195,2.8018902439024393,2
IND560043AAC,IND562132AAA,Carting,Evening,2.0921052631578947,2.1444736842105265,4
IND560043AAC,IND562132AAA,Carting,Morning,1.8908536585365852,3.556867779204108,8
IND560043AAC,IND562132AAA,Carting,Night,4.878048780487805,4.878048780487805,1
IND560048AAB,IND560099AAB,Carting,Evening,1.121168582375479,1.917536945812808,12
IND560048AAB,IND560099AAB,Carting,Morning,2.558398220244716,4.637525354969575,12
IND560048AAB,IND562132AAA,Carting,Evening,1.391304347826087,1.6278985507246375,5
IND560048AAB,IND562132AAA,Carting,Morning,2.5945945945945947,3.7176417233560093,9
IND560048AAB,IND562132AAA,Carting,Night,4.638297872340425,4.638297872340425,1
IND560058AAB,IND560060AAB,Carting,Afternoon,1.3125,1.3125,1
IND560058AAB,IND560060AAB,Carting,Evening,1.125,1.2941176470588234,15
IND560058AAB,IND560060AAB,Carting,Morning,1.4458204334365325,1.7099264705882353,4
IND560058AAB,IND560060AAB,Carting,Night,1.588235294117647,2.09375,16
IND560058AAB,IND560099AAB,Carting,Evening,1.3327205882352942,3.037142857142857,8
IND560058AAB,IND560099AAB,Carting,Morning,1.8,2.591327913279133,9
IND560058AAB,IND562132AAA,Carting,Afternoon,1.15,1.15,1
IND560058AAB,IND562132AAA,Carting,Evening,1.8,2.334736842105263,7
IND560058AAB,IND562132AAA,Carting,Morning,1.6842105263157894,1.8909090909090909,5
IND560058AAD,IND562132AAA,Carting,Afternoon,1.9545454545454546,11.398956521739136,13
IND560058AAD,IND562132AAA,Carting,Morning,1.5010351966873705,1.9904761904761905,12
IND560058AAD,IND562132AAA,Carting,Night,2.0654545454545454,4.142857142857142,6
IND560060AAB,IND560099AAB,Carting,Evening,1.5517241379310345,2.410344827586207,3
IND560060AAB,IND560099AAB,Carting,Morning,1.3536931818181817,1.7789170506912442,10
IND560060AAB,IND562132AAA,Carting,Evening,1.6770114942528735,1.8966666666666667,4
IND560060AAB,IND562132AAA,Carting,Morning,1.75,2.9786206896551706,10
IND560064AAD,IND560043AAC,Carting,Morning,2.3125,2.7057142857142855,17
IND560064AAD,IND560043AAC,Carting,Night,2.6,3.2133333333333334,17
IND560067AAC,IND562114AAA,Carting,Morning,2.7777777777777777,3.4400000000000004,7
IND560067AAC,IND562114AAA,Carting,Night,2.4545454545454546,3.4444444444444446,11
IND560077AAA,IND560099AAB,Carting,Night,3.4545454545454546,3.4545454545454546,1
IND560078AAC,IND560099AAB,Carting,Evening,2.5384615384615383,4.058712121212121,6
IND560078AAC,IND560099AAB,Carting,Morning,3.6024844720496896,4.709894736842105,8
IND560078AAC,IND562132AAA,Carting,Afternoon,1.244186046511628,1.272093023255814,2
IND560078AAC,IND562132AAA,Carting,Evening,1.257304710793083,1.5892665474060823,4
IND560078AAC,IND562132AAA,Carting,Morning,1.558139534883721,1.8523809523809522,7
IND560083AAB,IND560058AAD,Carting,Night,1.5806451612903225,1.5806451612903225,1
IND560083AAB,IND562132AAA,Carting,Afternoon,2.1363636363636362,5.174207188160676,15
IND560083AAB,IND562132AAA,Carting,Morning,1.341638981173865,1.659090909090909,8
IND560083AAB,IND562132AAA,Carting,Night,1.5795454545454546,1.7522727272727272,2
IND560085AAA,IND562132AAA,Carting,Night,1.4210526315789473,1.7013533834586465,3
IND560099AAB,IND515004AAA,FTL,Night,1.5414634146341464,1.5414634146341464,1
IND560099AAB,IND560002AAA,Carting,Evening,1.2083333333333333,1.5048245614035087,3
IND560099AAB,IND560002AAA,Carting,Night,2.1226190476190476,3.1580882352941178,18
IND560099AAB,IND560043AAC,Carting,Afternoon,1.7272727272727273,2.03069403714565,9
IND560099AAB,IND560043AAC,Carting,Evening,1.1875,1.3793103448275863,7
IND560099AAB,IND560043AAC,Carting,Night,1.967741935483871,4.105357142857144,13
IND560099AAB,IND560048AAB,Carting,Afternoon,1.606060606060606,2.0152380952380953,7
IND560099AAB,IND560048AAB,Carting,Evening,1.140625,1.9301075268817205,6
IND560099AAB,IND560048AAB,Carting,Night,2.129032258064516,4.4890322580645154,15
IND560099AAB,IND560058AAB,Carting,Afternoon,2.5588235294117645,3.0894736842105264,9
IND560099AAB,IND560058AAB,Carting,Evening,1.1739495798319328,1.3981746031746032,10
IND560099AAB,IND560058AAB,Carting,Night,1.641025641025641,2.3196301564722623,13
IND560099AAB,IND560058AAD,Carting,Morning,1.3157894736842106,1.3157894736842106,1
IND560099AAB,IND560058AAD,Carting,Night,1.6923076923076923,1.6923076923076923,1
IND560099AAB,IND560060AAB,Carting,Afternoon,2.1451612903225805,3.135483870967742,4
IND560099AAB,IND560060AAB,Carting,Evening,1.360215053763441,1.689149560117302,6
IND560099AAB,IND560060AAB,Carting,Night,1.303030303030303,1.8758441558441559,15
IND560099AAB,IND560077AAA,Carting,Night,4.65,4.65,1
IND560099AAB,IND560078AAC,Carting,Afternoon,1.75,2.2509090909090914,7
IND560099AAB,IND560078AAC,Carting,Night,1.4730848861283645,2.795454545454546,14
IND560099AAB,IND560083AAB,Carting,Night,2.0555555555555554,2.0555555555555554,1
IND560099AAB,IND560085AAA,Carting,Night,1.7727272727272727,4.063157894736842,13
IND560099AAB,IND560300AAA,Carting,Afternoon,1.6727272727272726,1.9298245614035088,11
IND560099AAB,IND560300AAA,Carting,Evening,1.3559322033898304,1.6983072100313479,23
IND560099AAB,IND560300AAA,Carting,Morning,2.5254237288135593,2.8275862068965516,31
IND560099AAB,IND560300AAA,Carting,Night,2.2413793103448274,3.093309545049063,29
IND560099AAB,IND562132AAA,Carting,Afternoon,1.9732142857142856,2.5772486772486776,18
IND560099AAB,IND562132AAA,Carting,Evening,1.486842105263158,1.9631578947368422,12
IND560099AAB,IND562132AAA,Carting,Morning,2.052631578947368,2.778305084745763,16
IND560099AAB,IND562132AAA,Carting,Night,1.4304187192118225,1.7274025974025975,14
IND560099AAB,IND562132AAA,FTL,Afternoon,1.3272727272727274,2.256666666666667,9
IND560099AAB,IND562132AAA,FTL,Evening,1.2694931773879143,1.3027291105121295,6
IND560099AAB,IND562132AAA,FTL,Morning,1.3569915254237288,1.4561363636363638,4
IND560099AAB,IND562132AAA,FTL,Night,1.4775536759921928,1.638906961613533,2
IND560099AAB,IND632006AAA,FTL,Afternoon,1.3941176470588235,1.5685204991087343,3
IND560099AAB,IND632006AAA,FTL,Night,1.3214285714285714,1.3341652323580033,3
IND560099AAB,IND635001AAA,FTL,Night,2.0579710144927534,2.32924126172208,3
IND560099AAB,IND683511AAA,FTL,Afternoon,1.6674364896073903,1.6674364896073903,1
IND560099AAB,IND683511AAA,FTL,Evening,1.6105990783410138,1.6105990783410138,1
IND560099AAB,IND683511AAA,FTL,Morning,1.6094031967001805,1.6774361948955916,2
IND560099AAB,IND683511AAB,FTL,Evening,1.6412037037037037,1.6412037037037037,1
IND560099AAG,IND560099AAB,Carting,Evening,1.25,1.25,1
IND560099AAG,IND560099AAB,Carting,Morning,2.357142857142857,2.357142857142857,1
IND560099AAH,IND562125AAA,Carting,Morning,1.7647058823529411,1.7647058823529411,1
IND560300AAA,IND560002AAA,Carting,Evening,1.09375,1.7878787878787876,15
IND560300AAA,IND560043AAC,Carting,Evening,1.0833333333333333,1.1612903225806452,11
IND560300AAA,IND560043AAC,Carting,Night,1.7096774193548387,2.72258064516129,10
IND560300AAA,IND560048AAB,Carting,Evening,1.0891181988742964,1.1409005628517823,2
IND560300AAA,IND560058AAB,Carting,Afternoon,1.393939393939394,1.393939393939394,1
IND560300AAA,IND560058AAB,Carting,Evening,1.0869747899159663,1.4540849673202616,14
IND560300AAA,IND560058AAB,Carting,Night,1.75,2.193939393939394,13
IND560300AAA,IND560078AAC,Carting,Afternoon,2.0238095238095237,2.0238095238095237,1
IND560300AAA,IND560078AAC,Carting,Night,2.8292682926829267,3.291753774680604,13
IND560300AAA,IND560085AAA,Carting,Night,1.4594594594594594,2.0024710424710426,13
IND560300AAA,IND560099AAB,Carting,Afternoon,3.084092289010322,3.491071428571429,16
IND560300AAA,IND560099AAB,Carting,Evening,1.3220338983050848,2.2654567453115546,19
IND560300AAA,IND560099AAB,Carting,Morning,3.241071428571429,3.562280701754386,12
IND560300AAA,IND560099AAB,Carting,Night,2.3333333333333335,2.9666666666666672,27
IND560300AAA,IND562132AAA,Carting,Afternoon,1.5714285714285714,1.9408627450980394,13
IND560300AAA,IND562132AAA,Carting,Evening,1.3768627450980393,1.683499815020348,16
IND560300AAA,IND562132AAA,Carting,Morning,1.9019230769230768,2.642937174869949,38
IND560300AAA,IND562132AAA,Carting,Night,2.576923076923077,3.049056603773585,15
IND560300AAA,IND563101AAB,Carting,Night,1.8518518518518519,2.4480000000000004,4
IND560300AAA,IND563130AAA,Carting,Night,1.7593085106382977,1.866755319148936,2
IND560300AAA,IND563131AAB,Carting,Night,1.525,1.525,1
IND560300AAB,IND563101AAB,Carting,Night,1.7454545454545454,2.1501253132832083,13
IND560300AAB,IND563116AAA,Carting,Night,1.8461538461538463,1.8461538461538463,1
IND560300AAB,IND563125AAB,Carting,Night,1.4150943396226414,1.4150943396226414,1
IND560300AAB,IND563130AAA,Carting,Night,1.8695652173913044,1.8967622571692877,5
IND561202AAB,IND515134AAA,Carting,Night,1.8506944444444444,2.2251526251526252,12
IND561203AAB,IND562101AAA,Carting,Night,1.52,1.7923076923076924,12
IND561207AAB,IND562108AAA,Carting,Morning,1.4680851063829787,1.4680851063829787,1
IND561207AAB,IND562108AAA,Carting,Night,1.3152173913043477,1.3501237011380505,10
IND562101AAA,IND561207AAB,Carting,Morning,1.0789473684210527,1.0789473684210527,1
IND562101AAA,IND561207AAB,Carting,Night,1.1465149359886202,1.2539473684210527,10
IND562108AAA,IND572101AAA,Carting,Morning,2.736842105263158,2.736842105263158,1
IND562108AAA,IND572101AAA,Carting,Night,3.1206896551724137,3.1206896551724137,1
IND562114AAA,IND560048AAB,Carting,Morning,3.178571428571429,3.857142857142857,6
IND562114AAA,IND560048AAB,Carting,Night,5.888888888888889,5.888888888888889,1
IND562114AAA,IND560067AAC,Carting,Night,3.6222222222222222,5.777777777777778,6
IND562117AAA,IND562132AAA,FTL,Afternoon,1.1444444444444444,1.1444444444444444,1
IND562117AAA,IND562132AAA,FTL,Evening,1.1849747474747474,1.522609819121447,6
IND562132AAA,IND000000ACB,FTL,Afternoon,1.7816271025098378,1.8155316026353223,12
IND562132AAA,IND000000ACB,FTL,Evening,1.8491492146596857,1.90718954248366,6
IND562132AAA,IND000000ACB,FTL,Morning,1.846350797963948,1.8740196716292241,2
IND562132AAA,IND000000ACB,FTL,Night,1.8396498733762465,1.8871236590395355,14
IND562132AAA,IND000000ACS,Carting,Afternoon,1.9265232974910393,2.074193548387097,2
IND562132AAA,IND000000ACS,Carting,Evening,1.5937873357228196,1.6817204301075268,2
IND562132AAA,IND000000ACS,Carting,Morning,2.6333333333333333,2.6333333333333333,1
IND562132AAA,IND302014AAA,FTL,Evening,1.9604685212298683,1.9656067887595177,5
IND562132AAA,IND302014AAA,FTL,Night,1.9172161172161173,1.9452747252747253,7
IND562132AAA,IND411033AAA,FTL,Evening,1.6954113924050631,1.765608711839166,10
IND562132AAA,IND416012AAA,FTL,Evening,1.6407322654462242,1.7336050071575604,4
IND562132AAA,IND416012AAA,FTL,Night,1.5917974641412092,1.6906392694063928,6
IND562132AAA,IND421302AAG,FTL,Evening,1.7379162534787755,1.7615367390678482,2
IND562132AAA,IND421302AAG,FTL,Night,1.6804407713498624,1.7146005509641873,3
IND562132AAA,IND462022AAA,FTL,Morning,1.9340446168768186,2.0335596508244422,9
IND562132AAA,IND462022AAA,FTL,Night,2.059108527131783,2.059108527131783,1
IND562132AAA,IND501359AAE,FTL,Afternoon,1.5529411764705883,1.5529411764705883,1
IND562132AAA,IND501359AAE,FTL,Evening,1.7152941176470589,1.9223132662901226,7
IND562132AAA,IND515004AAA,FTL,Morning,1.441988950276243,1.5554991999516952,7
IND562132AAA,IND515004AAA,FTL,Night,1.6065573770491803,1.6428584367358028,3
IND562132AAA,IND518002AAA,FTL,Evening,1.5867807630965527,1.666076529104698,10
IND562132AAA,IND560002AAA,Carting,Afternoon,2.3516483516483517,2.5925925925925926,6
IND562132AAA,IND560002AAA,Carting,Evening,1.4563492063492065,1.5357142857142858,2
IND562132AAA,IND560002AAA,Carting,Morning,2.984126984126984,3.085714285714286,2
IND562132AAA,IND560002AAA,Carting,Night,3.151111111111111,3.511680911680912,10
IND562132AAA,IND560043AAC,Carting,Afternoon,1.8,1.835,3
IND562132AAA,IND560043AAC,Carting,Evening,1.1570945945945947,1.45978705978706,4
IND562132AAA,IND560043AAC,Carting,Night,2.226827094474153,2.7232142857142856,6
IND562132AAA,IND560048AAB,Carting,Afternoon,2.257371794871795,2.523269230769231,2
IND562132AAA,IND560048AAB,Carting,Evening,1.3653846153846154,1.526923076923077,4
IND562132AAA,IND560048AAB,Carting,Morning,2.571479374110953,2.68271692745377,2
IND562132AAA,IND560048AAB,Carting,Night,2.65,3.329230769230769,5
IND562132AAA,IND560058AAB,Carting,Afternoon,1.8214285714285714,1.9642857142857142,2
IND562132AAA,IND560058AAB,Carting,Evening,1.2333333333333334,1.3133333333333332,2
IND562132AAA,IND560058AAB,Carting,Morning,1.8928571428571428,2.09375,6
IND562132AAA,IND560058AAB,Carting,Night,2.3333333333333335,2.911538461538462,7
IND562132AAA,IND560058AAD,Carting,Evening,1.842857142857143,6.032467532467533,6
IND562132AAA,IND560058AAD,Carting,Morning,2.1,3.416161616161616,19
IND562132AAA,IND560058AAD,Carting,Night,1.5789473684210527,7.763636363636364,17
IND562132AAA,IND560060AAB,Carting,Afternoon,1.75,1.95,3
IND562132AAA,IND560060AAB,Carting,Evening,1.3793103448275863,1.3793103448275863,2
IND562132AAA,IND560060AAB,Carting,Morning,1.646978021978022,1.6722527472527473,2
IND562132AAA,IND560060AAB,Carting,Night,1.6666666666666667,2.7131868131868133,13
IND562132AAA,IND560066AAB,Carting,Afternoon,3.0697674418604652,3.0697674418604652,1
IND562132AAA,IND560066AAB,Carting,Evening,1.627906976744186,1.627906976744186,1
IND562132AAA,IND560078AAC,Carting,Afternoon,2.145161290322581,2.47741935483871,4
IND562132AAA,IND560078AAC,Carting,Evening,1.59375,1.802586206896552,7
IND562132AAA,IND560078AAC,Carting,Morning,2.404301075268817,2.6744086021505376,2
IND562132AAA,IND560078AAC,Carting,Night,2.25,2.5935483870967744,9
IND562132AAA,IND560083AAB,Carting,Evening,1.7948717948717947,3.902564102564103,4
IND562132AAA,IND560083AAB,Carting,Morning,1.625,4.832982261640799,14
IND562132AAA,IND560083AAB,Carting,Night,1.4210526315789473,2.8585365853658526,19
IND562132AAA,IND560085AAA,Carting,Night,1.9,3.6666666666666665,11
IND562132AAA,IND560099AAB,Carting,Afternoon,1.8148148148148149,2.3877551020408165,11
IND562132AAA,IND560099AAB,Carting,Evening,1.551362683438155,2.023478260869565,16
IND562132AAA,IND560099AAB,Carting,Morning,1.9375,2.552,17
IND562132AAA,IND560099AAB,Carting,Night,1.8235294117647058,2.380952380952381,19
IND562132AAA,IND560099AAB,FTL,Afternoon,1.5333333333333334,1.8318396226415095,5
IND562132AAA,IND560099AAB,FTL,Evening,1.3393939393939394,1.433048128342246,4
IND562132AAA,IND560099AAB,FTL,Morning,1.9787234042553192,3.7632653061224492,5
IND562132AAA,IND560099AAB,FTL,Night,1.5384615384615385,1.6958333333333335,9
IND562132AAA,IND560300AAA,Carting,Afternoon,1.7245833333333334,2.3013460703430306,24
IND562132AAA,IND560300AAA,Carting,Evening,1.3197278911564625,1.7578804347826085,24
IND562132AAA,IND560300AAA,Carting,Morning,1.9795918367346939,2.306122448979592,41
IND562132AAA,IND560300AAA,Carting,Night,1.5957446808510638,2.593617021276596,33
IND562132AAA,IND570020AAA,FTL,Afternoon,1.2142857142857142,1.2142857142857142,1
IND562132AAA,IND570020AAA,FTL,Evening,1.335540838852097,1.4330718954248365,6
IND562132AAA,IND572101AAA,Carting,Evening,1.193922305764411,1.2633458646616542,2
IND562132AAA,IND572101AAA,Carting,Night,1.1929824561403508,1.1929824561403508,1
IND562132AAA,IND573201AAB,FTL,Afternoon,1.553030303030303,1.8606060606060606,5
IND562132AAA,IND573201AAB,FTL,Morning,1.481203007518797,1.520746395250212,5
IND562132AAA,IND577002AAA,FTL,Evening,1.5789473684210527,1.5789473684210527,1
IND562132AAA,IND577501AAA,FTL,Evening,1.6887417218543046,1.6887417218543046,1
IND562132AAA,IND577598AAC,FTL,Evening,1.6413616293975217,1.8366652180211502,8
IND562132AAA,IND580028AAA,FTL,Morning,1.7256944444444444,1.7256944444444444,1
IND562132AAA,IND580028AAA,FTL,Night,1.706896551724138,1.706896551724138,1
IND562132AAA,IND583101AAA,FTL,Afternoon,1.491893066724625,2.0129265280922,8
IND562132AAA,IND600056AAB,FTL,Night,1.9421487603305785,2.049586776859504,11
IND562132AAA,IND683511AAA,FTL,Evening,2.4168618266978923,2.4168618266978923,1
IND562132AAA,IND683511AAA,FTL,Morning,2.0929705215419503,2.0929705215419503,1
IND562132AAA,IND712311AAA,FTL,Afternoon,2.414901387874361,2.414901387874361,1
IND562132AAA,IND712311AAA,FTL,Evening,2.221897810218978,2.221897810218978,1
IND562132AAA,IND712311AAA,FTL,Morning,2.026258205689278,2.026258205689278,1
IND562132AAA,IND751002AAB,FTL,Afternoon,2.03585086042065,2.0876900403775878,4
IND562132AAA,IND751002AAB,FTL,Evening,2.191204588910134,2.235564053537285,3
IND562132AAA,IND751002AAB,FTL,Morning,2.10592104303827,2.18225291089773,2
IND562132AAC,IND000000ACB,FTL,Afternoon,1.7713912475506206,1.7713912475506206,1
IND562159AAA,IND562117AAA,FTL,Afternoon,2.392857142857143,2.392857142857143,1
IND562159AAA,IND562117AAA,FTL,Evening,1.8,2.106153846153846,7
IND563101AAB,IND560300AAB,Carting,Night,6.163636363636364,6.163636363636364,1
IND563101AAB,IND563125AAB,Carting,Night,1.5,1.5,1
IND563101AAB,IND563131AAA,Carting,Night,1.565217391304348,2.301923076923077,13
IND563116AAA,IND563131AAB,Carting,Night,2.2222222222222223,4.25,11
IND563125AAB,IND560300AAA,Carting,Night,3.847423802612482,3.8638243831640056,2
IND563125AAB,IND560300AAB,Carting,Night,4.755102040816326,7.375,11
IND563130AAA,IND563131AAB,Carting,Night,1.4242424242424243,2.133456221198157,7
IND563131AAA,IND563125AAB,Carting,Night,1.8372093023255813,2.004228329809725,13
IND563131AAB,IND560300AAA,Carting,Night,1.5625,2.2241883116883114,3
IND563131AAB,IND560300AAB,Carting,Night,1.7894736842105263,4.901315789473685,4
IND563131AAB,IND563116AAA,Carting,Night,2.0555555555555554,2.8842105263157896,13
IND570020AAA,IND571301AAA,FTL,Night,2.715,3.442307692307692,8
IND570020AAA,IND571430AAA,FTL,Night,3.46,3.46,1
IND570020AAA,IND571602AAA,FTL,Night,2.4411764705882355,3.0588235294117645,11
IND571104AAA,IND573142AAA,FTL,Night,1.625,1.625,1
IND571104AAA,IND577598AAB,FTL,Evening,1.9473684210526316,2.5494736842105263,3
IND571104AAA,IND577598AAB,FTL,Night,1.85,2.5390909090909095,13
IND571105AAA,IND571213AAA,FTL,Night,1.721794871794872,1.9864468864468865,10
IND571111AAB,IND571313AAB,FTL,Night,1.7241379310344827,1.9154616240266964,9
IND571114AAA,IND570020AAA,FTL,Night,3.6730769230769234,5.425381263616558,6
IND571124AAA,IND570020AAA,FTL,Night,4.285632183908046,8.361827956989247,10
IND571213AAA,IND570020AAA,FTL,Night,8.47887323943662,8.47887323943662,1
IND571213AAA,IND571114AAA,FTL,Night,1.58955223880597,1.6837403889642695,6
IND571301AAA,IND571111AAB,FTL,Night,1.9130434782608696,2.490086956521739,7
IND571313AAB,IND571440AAA,FTL,Night,1.4,2.2482401656314703,9
IND571401AAA,IND562160AAB,FTL,Afternoon,1.0,1.0,1
IND571401AAA,IND562160AAB,FTL,Evening,0.9891304347826086,1.0106382978723403,6
IND571426AAA,IND571104AAA,FTL,Evening,1.6,1.9405128205128204,3
IND571426AAA,IND571104AAA,FTL,Night,1.9112179487179488,2.165743670886076,12
IND571430AAA,IND571124AAA,FTL,Night,1.606060606060606,1.8863425925925927,9
IND571432AAB,IND571426AAA,FTL,Evening,1.6216216216216217,1.6419713831478537,3
IND571432AAB,IND571426AAA,FTL,Night,1.3470839260312943,1.8740936058009228,14
IND571438AAB,IND571401AAA,FTL,Afternoon,1.46875,1.46875,1
IND571438AAB,IND571401AAA,FTL,Evening,1.1594827586206895,1.316532258064516,6
IND571440AAA,IND571430AAA,FTL,Night,1.0196078431372548,1.1560000000000001,9
IND572101AAA,IND561203AAB,Carting,Night,1.9024390243902438,2.2857142857142856,11
IND572101AAA,IND562101AAA,Carting,Morning,2.4,2.4,1
IND572201AAB,IND573103AAA,FTL,Evening,1.4210526315789473,1.4210526315789473,1
IND572201AAB,IND573103AAA,FTL,Night,2.857142857142857,2.857142857142857,1
IND572201AAB,IND577101AAA,FTL,Evening,2.4025974025974026,2.4025974025974026,1
IND572201AAB,IND577116AAA,FTL,Night,1.8653846153846154,1.8653846153846154,1
IND573103AAA,IND577116AAA,FTL,Evening,1.4607407407407407,1.4773333333333332,2
IND573103AAA,IND577116AAA,FTL,Night,1.289836347975883,1.354263565891473,2
IND573116AAA,IND571432AAB,FTL,Evening,1.9333333333333333,2.3422222222222224,3
IND573116AAA,IND571432AAB,FTL,Night,1.6363636363636365,1.8933333333333333,9
IND573116AAA,IND573142AAA,FTL,Evening,2.3333333333333335,2.3333333333333335,1
IND573134AAB,IND573201AAB,FTL,Evening,2.6875,2.7125,3
IND573134AAB,IND573201AAB,FTL,Night,2.0625,3.170161290322581,9
IND573134AAB,IND577101AAA,FTL,Night,1.7037037037037037,1.7037037037037037,1
IND573142AAA,IND573201AAB,FTL,Evening,1.7,2.42,3
IND573142AAA,IND573201AAB,FTL,Night,1.8421052631578947,2.2603846153846154,14
IND573201AAB,IND572201AAB,FTL,Evening,1.469387755102041,1.6653061224489796,3
IND573201AAB,IND572201AAB,FTL,Night,1.63,1.683673469387755,6
IND573201AAB,IND573103AAA,FTL,Evening,2.85,2.85,1
IND573201AAB,IND573103AAA,FTL,Night,3.95,3.95,1
IND573201AAB,IND573116AAA,FTL,Evening,2.3841642228739,4.521975806451613,4
IND573201AAB,IND573116AAA,FTL,Night,1.6538461538461537,2.589166666666667,9
IND573201AAB,IND573134AAB,FTL,Evening,2.4375,2.4375,1
IND573201AAB,IND573134AAB,FTL,Night,1.6774193548387097,1.6774193548387097,1
IND573201AAB,IND575004AAB,FTL,Afternoon,3.2419354838709675,3.3007370078740155,5
IND573201AAB,IND575004AAB,FTL,Morning,3.274193548387097,3.3554193548387095,5
IND574104AAA,IND574216AAA,Carting,Evening,1.9673913043478262,2.0,8
IND574104AAA,IND574216AAA,Carting,Night,1.8297872340425532,1.8297872340425532,1
IND574104AAA,IND574216AAA,FTL,Evening,1.9090909090909092,1.9090909090909092,1
IND574117AAA,IND576101AAA,FTL,Evening,1.6614906832298137,1.7037267080745342,2
IND574117AAA,IND576201AAA,FTL,Evening,3.0238095238095237,3.0238095238095237,1
IND574202AAA,IND574239AAA,FTL,Night,1.5757575757575757,1.9625,5
IND574211AAA,IND574202AAA,FTL,Night,2.526315789473684,2.9283625730994154,4
IND574211AAA,IND574216AAA,FTL,Afternoon,2.892857142857143,2.892857142857143,1
IND574216AAA,IND562132AAA,FTL,Afternoon,1.9681818181818183,1.9681818181818183,1
IND574216AAA,IND575004AAB,Carting,Evening,2.3769657724329325,2.559006211180124,4
IND574216AAA,IND575004AAB,FTL,Evening,2.4,2.4,1
IND574221AAA,IND562132AAA,FTL,Night,2.5841904138006333,2.6171669753219344,6
IND574227AAA,IND574104AAA,Carting,Evening,1.6666666666666667,2.984313725490196,7
IND574227AAA,IND574104AAA,Carting,Night,1.9285714285714286,1.9857142857142858,2
IND574239AAA,IND574221AAA,FTL,Night,1.5128205128205128,1.555108359133127,7
IND575004AAB,IND562132AAA,FTL,Afternoon,2.1799999999999997,2.2536,2
IND575004AAB,IND562132AAA,FTL,Night,2.36,2.36,1
IND575004AAB,IND574117AAA,FTL,Evening,2.3448275862068964,2.899166666666667,5
IND575004AAB,IND574211AAA,FTL,Afternoon,2.176470588235294,6.694117647058824,3
IND575004AAB,IND574211AAA,FTL,Night,1.8529411764705883,2.0959558823529414,4
IND575004AAB,IND574227AAA,Carting,Night,2.130787037037037,2.1761574074074073,2
IND575004AAB,IND575014AAA,FTL,Evening,2.5175438596491224,2.636842105263158,2
IND575004AAB,IND576101AAA,FTL,Evening,2.08,2.08,1
IND575004AAB,IND671323AAD,FTL,Evening,1.4615384615384615,1.4615384615384615,1
IND575014AAA,IND403726AAA,FTL,Evening,1.7508532423208192,1.7508532423208192,1
IND576101AAA,IND576201AAA,FTL,Evening,1.5666666666666667,1.7533333333333334,3
IND576201AAA,IND581320AAA,FTL,Evening,2.0555555555555554,2.537426900584795,3
IND577002AAA,IND580028AAA,FTL,Evening,1.607843137254902,1.9240641711229947,10
IND577002AAA,IND581110AAE,Carting,Night,2.423076923076923,2.423076923076923,1
IND577002AAA,IND581115AAC,Carting,Evening,2.125,2.310714285714286,2
IND577002AAA,IND581115AAC,Carting,Morning,1.7413793103448274,1.7551724137931035,2
IND577002AAA,IND581115AAC,Carting,Night,2.8275862068965516,3.3088172043010755,13
IND577101AAA,IND577116AAA,FTL,Evening,1.108695652173913,1.108695652173913,1
IND577101AAA,IND577116AAA,FTL,Night,2.1875,2.1875,1
IND577101AAA,IND577132AAD,FTL,Evening,2.238095238095238,2.238095238095238,1
IND577101AAA,IND577132AAD,FTL,Night,2.142857142857143,2.188111888111888,5
IND577116AAA,IND577101AAA,FTL,Evening,0.95,1.09,3
IND577116AAA,IND577101AAA,FTL,Night,0.9512195121951219,1.3410256410256411,5
IND577126AAA,IND577201AAA,FTL,Night,2.707692307692308,2.707692307692308,1
IND577132AAD,IND573134AAB,FTL,Evening,1.846875,2.049375,2
IND577132AAD,IND573134AAB,FTL,Night,1.829090909090909,1.9551136363636363,8
IND577201AAA,IND562132AAA,FTL,Afternoon,1.7943925233644862,2.0586046511627907,8
IND577201AAA,IND577432AAA,FTL,Night,2.3555555555555556,2.3555555555555556,1
IND577401AAA,IND562132AAA,FTL,Afternoon,2.261744966442953,2.261744966442953,1
IND577401AAA,IND577201AAA,FTL,Afternoon,1.0854885057471264,1.206896551724138,6
IND577432AAA,IND577126AAA,FTL,Night,2.1,2.1,1
IND577501AAA,IND577002AAA,FTL,Evening,1.6744186046511629,1.9196825396825397,9
IND577522AAA,IND562132AAA,FTL,Afternoon,1.5054984583761564,1.697142857142857,8
IND577535AAC,IND577522AAA,FTL,Afternoon,1.5823717948717948,1.7769230769230768,8
IND577598AAB,IND573142AAA,FTL,Evening,1.9435406698564592,2.072918660287081,2
IND577598AAB,IND573142AAA,FTL,Night,1.896551724137931,2.8670426065162906,15
IND577598AAC,IND577501AAA,FTL,Evening,1.8484848484848484,2.1625,9
IND580002AAA,IND580028AAA,FTL,Afternoon,4.979166666666666,7.3625,2
IND580028AAA,IND403726AAA,FTL,Evening,2.381294964028777,2.957446808510638,6
IND580028AAA,IND403726AAA,FTL,Night,2.5069444444444446,2.794326241134752,7
IND580028AAA,IND421302AAG,FTL,Morning,2.924944812362031,2.924944812362031,1
IND580028AAA,IND421302AAG,FTL,Night,1.5695364238410596,1.5695364238410596,1
IND580028AAA,IND562132AAA,FTL,Evening,1.718145012881855,1.766786897313213,2
IND580028AAA,IND562132AAA,FTL,Night,1.7832167832167831,1.7832167832167831,1
IND580028AAA,IND580002AAA,FTL,Morning,3.857142857142857,20.668181818181818,6
IND580028AAA,IND581402AAA,FTL,Afternoon,1.4132243258749282,1.5506024096385542,12
IND580028AAA,IND590016AAA,FTL,Afternoon,2.135135135135135,2.1656936936936937,3
IND580028AAA,IND590016AAA,FTL,Evening,2.391891891891892,2.391891891891892,1
IND580028AAA,IND590016AAA,FTL,Morning,2.2171417993335805,12.384657534246575,8
IND580028AAA,IND591115AAB,FTL,Afternoon,1.8180878552971576,1.8213953488372092,2
IND580028AAA,IND591115AAB,FTL,Evening,1.7674418604651163,1.7674418604651163,1
IND580028AAA,IND591115AAB,FTL,Morning,1.7045454545454546,1.7045454545454546,1
IND580028AAA,IND591123AAC,FTL,Afternoon,1.8620689655172413,3.7551724137931046,7
IND580028AAA,IND591123AAC,FTL,Evening,1.9310344827586208,1.9310344827586208,1
IND580028AAA,IND591123AAC,FTL,Morning,1.9885057471264367,6.613793103448276,8
IND581110AAE,IND577002AAA,Carting,Morning,6.745454545454545,6.745454545454545,1
IND581110AAE,IND577002AAA,Carting,Night,2.763157894736842,2.9526315789473685,2
IND581110AAE,IND581119AAB,Carting,Evening,1.5930232558139537,1.6581395348837211,2
IND581110AAE,IND581119AAB,Carting,Night,1.9069767441860466,2.013953488372093,13
IND581115AAC,IND581110AAE,Carting,Evening,1.7916666666666665,1.825,2
IND581115AAC,IND581110AAE,Carting,Morning,2.3125,2.5625,2
IND581115AAC,IND581110AAE,Carting,Night,1.7115384615384617,2.2964615384615388,14
IND581119AAB,IND577002AAA,Carting,Evening,3.847826086956522,3.847826086956522,1
IND581119AAB,IND577002AAA,Carting,Night,1.8180878552971576,2.5418972332015812,12
IND581303AAA,IND581325AAA,FTL,Evening,1.4893617021276595,1.4893617021276595,2
IND581303AAA,IND581400AAB,FTL,Evening,1.3300595238095236,1.6698924731182796,6
IND581303AAA,IND581400AAB,FTL,Night,1.3659156976744184,1.4573863636363638,6
IND581314AAA,IND403726AAA,FTL,Evening,1.7947062106354141,2.008771929824561,8
IND581314AAA,IND581334AAA,FTL,Night,1.5178571428571428,1.5178571428571428,1
IND581320AAA,IND575004AAB,FTL,Night,2.3333333333333335,2.3333333333333335,1
IND581320AAA,IND581334AAA,FTL,Evening,1.5584795321637426,2.2850877192982457,4
IND581325AAA,IND580028AAA,FTL,Evening,1.9411764705882353,2.2478178368121444,7
IND581325AAA,IND580028AAA,FTL,Night,1.911764705882353,2.097058823529412,7
IND581334AAA,IND581314AAA,FTL,Evening,1.9038461538461537,1.9167692307692308,3
IND581334AAA,IND581320AAA,FTL,Night,1.5161290322580645,1.5161290322580645,1
IND581334AAA,IND581343AAC,FTL,Evening,2.2656641604010024,2.5162907268170427,2
IND581343AAC,IND581314AAA,FTL,Evening,1.8125,2.076114081996435,5
IND581400AAB,IND581325AAA,FTL,Evening,1.2363636363636363,1.4133995037220843,5
IND581400AAB,IND581325AAA,FTL,Night,1.1090909090909091,1.70125,7
IND581402AAA,IND577401AAA,FTL,Afternoon,1.6267857142857143,1.8115721355157974,8
IND582101AAB,IND580028AAA,FTL,Afternoon,3.239130434782609,4.6347826086956525,5
IND582101AAB,IND580028AAA,FTL,Evening,2.9347826086956523,2.9347826086956523,1
IND582101AAB,IND580028AAA,FTL,Morning,2.847826086956522,3.1117483811285847,9
IND582209AAA,IND582101AAB,FTL,Afternoon,2.108108108108108,2.2958748221906116,5
IND582209AAA,IND582101AAB,FTL,Morning,2.0015015015015014,2.1864864864864866,8
IND583101AAA,IND577535AAC,FTL,Afternoon,1.7674418604651163,2.4604651162790696,8
IND583101AAA,IND583201AAA,FTL,Night,2.8260869565217392,3.334690101757632,15
IND583119AAA,IND583101AAA,FTL,Night,4.252642706131079,5.716666666666667,8
IND583201AAA,IND583119AAA,FTL,Night,2.4355555555555553,4.133333333333333,8
IND583201AAA,IND583227AAA,Carting,Morning,1.764367816091954,1.8425287356321838,2
IND583201AAA,IND583227AAA,Carting,Night,2.0,2.265806451612903,12
IND583227AAA,IND583201AAA,Carting,Night,2.4838709677419355,2.4838709677419355,1
IND583227AAA,IND583231AAA,Carting,Morning,1.7435897435897436,1.9076923076923076,2
IND583227AAA,IND583231AAA,Carting,Night,1.6958333333333333,2.0,12
IND583231AAA,IND583201AAA,Carting,Morning,2.1818181818181817,2.1818181818181817,2
IND583231AAA,IND583201AAA,Carting,Night,2.5563241106719365,3.313636363636364,12
IND584101AAA,IND509124AAA,FTL,Evening,1.4465709728867624,1.6517207792207793,14
IND584101AAA,IND518002AAA,FTL,Evening,3.802197802197802,3.802197802197802,1
IND584128AAA,IND583121AAA,Carting,Night,2.130434782608696,2.130434782608696,1
IND585104AAA,IND585211AAA,Carting,Night,1.972972972972973,2.0696356275303645,14
IND585104AAA,IND585307AAB,Carting,Night,1.5151515151515151,1.5409090909090908,4
IND585104AAA,IND585314AAA,Carting,Night,1.8421052631578947,1.8421052631578947,3
IND585104AAA,IND585330AAE,FTL,Night,1.8604651162790697,1.9385382059800664,17
IND585104AAA,IND586128AAA,Carting,Night,1.917808219178082,2.032728619029989,9
IND585211AAA,IND585104AAA,Carting,Night,2.210526315789474,4.954925775978408,3
IND585211AAA,IND585222AAA,Carting,Night,1.5,2.150000000000001,14
IND585222AAA,IND585211AAA,Carting,Night,1.4123076923076923,1.780148148148148,4
IND585222AAA,IND585307AAB,Carting,Night,1.5135135135135136,1.7447368421052631,15
IND585307AAB,IND585104AAA,Carting,Night,4.431802525832376,6.661698858647937,14
IND585307AAB,IND585222AAA,Carting,Night,1.4106606606606606,1.4702702702702701,4
IND585314AAA,IND585104AAA,Carting,Night,5.282051282051282,7.1,11
IND585314AAA,IND586211AAA,Carting,Night,1.9690721649484537,1.9938144329896907,2
IND585330AAE,IND585401AAA,FTL,Night,1.8529411764705883,1.9223529411764706,18
IND585401AAA,IND502286AAB,FTL,Night,2.422222222222222,2.9857142857142858,19
IND586101AAA,IND416404AAA,FTL,Evening,2.2519762845849804,2.3808300395256916,2
IND586101AAA,IND416404AAA,FTL,Night,4.090909090909091,4.090909090909091,1
IND586101AAB,IND416404AAA,FTL,Evening,2.0462473572938693,2.0650634249471462,2
IND586101AAB,IND416404AAA,FTL,Night,2.104651162790698,2.188372093023256,2
IND586128AAA,IND585104AAA,Carting,Night,3.1780821917808217,3.3829848594087957,3
IND586128AAA,IND586211AAA,Carting,Night,1.6422872340425532,1.7717391304347827,10
IND586211AAA,IND585314AAA,Carting,Night,1.8125,2.03125,11
IND586211AAA,IND586128AAA,Carting,Night,1.7256205673758864,1.7784574468085108,2
IND587103AAB,IND582101AAB,FTL,Afternoon,2.1630434782608696,2.1630434782608696,1
IND587103AAB,IND582101AAB,FTL,Morning,2.1630434782608696,2.1630434782608696,1
IND587103AAB,IND582209AAA,FTL,Afternoon,1.967486338797814,2.0412568306010925,6
IND587103AAB,IND582209AAA,FTL,Morning,1.9008196721311474,2.0180327868852457,8
IND590016AAA,IND591302AAB,FTL,Afternoon,1.3636363636363635,1.3636363636363635,1
IND590016AAA,IND591302AAB,FTL,Evening,1.625,1.625,1
IND590016AAA,IND591302AAB,FTL,Morning,1.4516129032258065,1.9161290322580644,3
IND591102AAA,IND591307AAC,FTL,Afternoon,2.2045454545454546,2.366975023126735,5
IND591102AAA,IND591307AAC,FTL,Morning,1.9285714285714284,2.313455149501661,10
IND591115AAB,IND580028AAA,FTL,Morning,1.9166666666666667,2.0404761904761908,2
IND591115AAB,IND590016AAA,FTL,Afternoon,1.8204301075268816,1.8574193548387097,2
IND591115AAB,IND590016AAA,FTL,Evening,1.903225806451613,1.903225806451613,1
IND591115AAB,IND590016AAA,FTL,Morning,1.8,1.8,1
IND591123AAC,IND587103AAB,FTL,Afternoon,1.7058823529411764,1.7195294117647058,7
IND591123AAC,IND587103AAB,FTL,Evening,1.588235294117647,1.588235294117647,1
IND591123AAC,IND587103AAB,FTL,Morning,1.7058823529411764,1.800580551523948,9
IND591126AAA,IND591102AAA,FTL,Afternoon,1.6333333333333333,1.6333333333333333,1
IND591126AAA,IND591102AAA,FTL,Morning,1.411764705882353,1.411764705882353,1
IND591201AAA,IND591304AAA,FTL,Evening,1.4214480874316942,1.5524590163934426,4
IND591201AAA,IND591304AAA,FTL,Night,1.459016393442623,1.525,6
IND591237AAB,IND591201AAA,FTL,Evening,1.3452380952380953,1.4690476190476192,2
IND591237AAB,IND591201AAA,FTL,Night,1.76,1.76,1
IND591302AAB,IND580028AAA,FTL,Afternoon,1.8,1.8,1
IND591302AAB,IND580028AAA,FTL,Evening,1.9739969135802469,2.123194444444444,2
IND591302AAB,IND580028AAA,FTL,Morning,2.0365853658536586,3.8325000000000005,5
IND591302AAB,IND591115AAB,FTL,Morning,1.6973684210526316,1.7921052631578949,2
IND591304AAA,IND586101AAA,FTL,Evening,1.5010332950631458,1.6545927601809955,4
IND591304AAA,IND586101AAA,FTL,Night,1.588235294117647,1.6468778280542986,3
IND591304AAA,IND586101AAB,FTL,Evening,1.4805361305361306,1.5203496503496503,2
IND591304AAA,IND586101AAB,FTL,Night,1.446969696969697,1.4530303030303031,2
IND591307AAC,IND580002AAA,FTL,Afternoon,2.4157303370786516,2.4157303370786516,1
IND591307AAC,IND580028AAA,FTL,Morning,2.624854045037531,3.042727272727273,4
IND591307AAC,IND580030AAA,FTL,Morning,2.4343434343434343,2.4343434343434343,1
IND600004AAA,IND600008AAC,Carting,Morning,5.826923076923077,6.088461538461539,2
IND600008AAA,IND600044AAC,Carting,Afternoon,2.0789473684210527,2.6085348506401136,9
IND600008AAA,IND600044AAC,Carting,Evening,1.5675675675675675,1.5675675675675675,1
IND600008AAC,IND600004AAA,Carting,Night,2.357142857142857,2.357142857142857,1
IND600008AAC,IND600013AAA,Carting,Morning,4.55,4.91,2
IND600008AAC,IND600056AAB,Carting,Night,2.3730440967283073,3.8000000000000003,12
IND600016AAA,IND600119AAA,Carting,Morning,2.7001466275659824,4.406451612903226,4
IND600016AAB,IND600044AAC,Carting,Afternoon,2.21875,4.472058823529413,13
IND600016AAB,IND600044AAC,Carting,Evening,1.7272727272727273,2.5898989898989897,3
IND600016AAC,IND600056AAB,Carting,Night,2.242424242424242,2.242424242424242,1
IND600016AAC,IND600119AAA,Carting,Morning,4.115131578947368,4.907236842105264,2
IND600016AAC,IND600119AAA,Carting,Night,1.8110047846889952,2.5606060606060606,8
IND600032AAB,IND600044AAD,Carting,Afternoon,2.6,2.7876923076923075,5
IND600032AAB,IND600044AAD,Carting,Evening,1.2272727272727273,1.2636363636363637,2
IND600032AAB,IND600044AAD,Carting,Morning,2.090909090909091,2.090909090909091,1
IND600032AAB,IND600056AAB,Carting,Afternoon,1.738162878787879,2.1047794117647056,16
IND600032AAB,IND600056AAB,Carting,Evening,1.5588235294117647,2.2562500000000005,7
IND600032AAB,IND600056AAB,Carting,Morning,2.257142857142857,3.24375,15
IND600032AAB,IND600056AAB,Carting,Night,2.2921401515151514,5.563825757575757,20
IND600032AAB,IND600076AAB,Carting,Afternoon,3.225,3.6505882352941175,8
IND600032AAB,IND600076AAB,Carting,Evening,1.4,1.5178571428571428,5
IND600032AAB,IND600076AAB,Carting,Morning,2.1875,2.6666666666666665,21
IND600044AAD,IND600032AAB,Carting,Afternoon,2.0,2.0,1
IND600044AAD,IND600032AAB,Carting,Morning,2.5833333333333335,3.285897435897436,3
IND600044AAD,IND600048AAA,Carting,Morning,4.4,4.597202797202797,5
IND600044AAD,IND600048AAA,Carting,Night,1.8230769230769233,6.611363636363636,8
IND600044AAD,IND600056AAB,Carting,Afternoon,2.2,2.2,1
IND600044AAD,IND600056AAB,Carting,Evening,1.9411764705882353,2.2168067226890757,3
IND600044AAD,IND600056AAB,Carting,Morning,1.6876984126984127,1.8264285714285715,2
IND600044AAD,IND600056AAB,Carting,Night,1.6857142857142857,2.1314285714285717,7
IND600044AAD,IND603001AAA,Carting,Night,2.5,2.96,9
IND600044AAD,IND603203AAA,Carting,Morning,3.5294117647058822,3.5294117647058822,1
IND600044AAE,IND600056AAB,Carting,Afternoon,1.7394957983193278,2.870967741935484,8
IND600044AAE,IND600056AAB,Carting,Evening,1.542857142857143,1.542857142857143,1
IND600044AAE,IND600056AAB,Carting,Morning,1.8546218487394959,3.4706349206349207,6
IND600044AAE,IND600056AAB,Carting,Night,2.1907563025210086,2.7085714285714286,8
IND600056AAA,IND602105AAB,Carting,Night,3.166666666666667,3.541666666666667,6
IND600056AAB,IND501359AAE,FTL,Evening,1.7733995163548428,1.845679012345679,4
IND600056AAB,IND501359AAE,FTL,Night,1.8251028806584362,1.8251028806584362,1
IND600056AAB,IND524003AAA,FTL,Evening,1.6133333333333333,1.7622908277404923,13
IND600056AAB,IND530012AAA,FTL,Evening,1.71,1.71,1
IND600056AAB,IND530012AAA,FTL,Night,1.7219430485762144,1.7219430485762144,1
IND600056AAB,IND560099AAB,FTL,Afternoon,1.7702127659574467,2.116536105967811,9
IND600056AAB,IND560099AAB,FTL,Evening,1.6490076881816556,1.6541712855354906,2
IND600056AAB,IND562132AAA,FTL,Evening,1.8473895582329318,1.9759036144578312,11
IND600056AAB,IND562132AAA,FTL,Night,1.8005498007968126,1.8609099601593624,2
IND600056AAB,IND600008AAC,Carting,Afternoon,2.4411764705882355,2.4411764705882355,1
IND600056AAB,IND600008AAC,Carting,Evening,2.0606060606060606,3.5355984555984556,7
IND600056AAB,IND600008AAC,Carting,Morning,3.0,3.9019886363636362,6
IND600056AAB,IND600008AAC,Carting,Night,4.212316176470589,5.978571428571429,12
IND600056AAB,IND600016AAC,Carting,Afternoon,3.0606060606060606,3.0606060606060606,1
IND600056AAB,IND600016AAC,Carting,Evening,2.0176470588235293,2.7627705627705628,6
IND600056AAB,IND600016AAC,Carting,Night,2.4198292220113853,3.088172043010753,4
IND600056AAB,IND600032AAB,Carting,Afternoon,2.859375,2.871875,2
IND600056AAB,IND600032AAB,Carting,Evening,1.46875,1.8909090909090909,17
IND600056AAB,IND600032AAB,Carting,Morning,2.806451612903226,3.668181818181818,15
IND600056AAB,IND600032AAB,Carting,Night,2.691341991341991,2.8446969696969697,6
IND600056AAB,IND600044AAD,Carting,Evening,1.7142857142857142,1.7912605042016807,5
IND600056AAB,IND600044AAD,Carting,Night,2.1176470588235294,2.1176470588235294,1
IND600056AAB,IND600044AAE,Carting,Afternoon,1.911764705882353,2.335294117647059,3
IND600056AAB,IND600044AAE,Carting,Evening,1.7403361344537815,1.806890756302521,2
IND600056AAB,IND600044AAE,Carting,Morning,2.0096525096525095,2.2257551669316378,6
IND600056AAB,IND600044AAE,Carting,Night,1.7966386554621847,2.196502384737679,18
IND600056AAB,IND600076AAB,Carting,Evening,1.837837837837838,2.1052631578947367,11
IND600056AAB,IND600076AAB,Carting,Night,2.5619047619047617,2.6457142857142855,2
IND600056AAB,IND600110AAA,Carting,Afternoon,2.2222222222222223,2.2222222222222223,1
IND600056AAB,IND600110AAA,Carting,Evening,3.0,3.0,1
IND600056AAB,IND600110AAA,Carting,Morning,2.835960960960961,4.358333333333333,4
IND600056AAB,IND600110AAA,Carting,Night,2.5833333333333335,2.8684684684684685,15
IND600056AAB,IND600116AAB,Carting,Afternoon,1.9615384615384617,2.2923076923076926,4
IND600056AAB,IND600116AAB,Carting,Evening,1.92,5.248571428571429,5
IND600056AAB,IND600116AAB,Carting,Night,3.0318302387267906,5.1,8
IND600056AAB,IND605010AAB,FTL,Morning,1.4296215201751643,1.539855072463768,10
IND600056AAB,IND605601AAA,FTL,Evening,1.3533834586466165,2.0874074074074076,5
IND600056AAB,IND631501AAA,Carting,Night,2.272727272727273,2.479144385026738,5
IND600056AAB,IND632006AAA,FTL,Morning,1.7305651176133106,2.0806722689075627,10
IND600056AAB,IND635802AAB,FTL,Night,1.3174603174603174,1.415007215007215,3
IND600073AAA,IND603203AAA,Carting,Morning,1.9166666666666667,1.9166666666666667,1
IND600076AAB,IND600032AAB,Carting,Afternoon,2.4298245614035086,2.9611111111111112,8
IND600076AAB,IND600032AAB,Carting,Evening,1.5333333333333334,1.5333333333333334,1
IND600076AAB,IND600032AAB,Carting,Morning,2.611111111111111,2.6822222222222223,3
IND600076AAB,IND600056AAB,Carting,Evening,2.2051282051282053,2.2051282051282053,1
IND600083AAA,IND600116AAB,Carting,Night,2.0714285714285716,2.0714285714285716,1
IND600110AAA,IND600056AAB,Carting,Afternoon,2.512127512127512,2.8808038808038807,2
IND600110AAA,IND600056AAB,Carting,Evening,2.0650782361308675,2.160384068278805,2
IND600110AAA,IND600056AAB,Carting,Morning,2.72972972972973,2.8594594594594596,3
IND600110AAA,IND600056AAB,Carting,Night,2.364864864864865,2.397297297297297,2
IND600110AAA,IND600056AAD,Carting,Night,2.263157894736842,2.263157894736842,1
IND600116AAB,IND600056AAA,Carting,Morning,5.916666666666667,5.916666666666667,1
IND600116AAB,IND600056AAA,Carting,Night,1.9090909090909092,1.9090909090909092,1
IND600116AAB,IND600056AAB,Carting,Night,1.9310344827586208,1.9310344827586208,1
IND600116AAB,IND602024AAA,Carting,Morning,3.5238095238095237,3.5238095238095237,1
IND600116AAB,IND602024AAA,Carting,Night,1.875,4.1303258145363415,7
IND600119AAA,IND600016AAC,Carting,Morning,2.736842105263158,3.3314285714285714,5
IND600119AAA,IND600016AAC,Carting,Night,8.854761904761904,8.890952380952381,2
IND602001AAA,IND600116AAB,Carting,Night,3.6666666666666665,6.443678160919541,3
IND602001AAB,IND609001AAA,FTL,Evening,2.2962962962962963,2.4858974358974355,10
IND602024AAA,IND600116AAB,Carting,Morning,2.9411764705882355,3.6941176470588237,2
IND602024AAA,IND600116AAB,Carting,Night,3.3684210526315788,3.3684210526315788,1
IND602024AAA,IND602001AAA,Carting,Night,2.5,3.12,7
IND603001AAA,IND603301AAA,Carting,Night,1.4411764705882353,2.0,9
IND603102AAA,IND600056AAB,FTL,Morning,1.8582089552238807,2.14656862745098,10
IND603203AAA,IND600044AAD,Carting,Afternoon,3.0,3.0,1
IND603203AAA,IND600044AAD,Carting,Morning,3.907692307692308,4.483333333333333,6
IND603203AAA,IND600044AAD,Carting,Night,2.8,3.21,3
IND603203AAA,IND600048AAA,Carting,Morning,1.6666666666666667,1.6666666666666667,1
IND603301AAA,IND600044AAD,Carting,Night,2.4982758620689656,2.9717241379310346,10
IND604303AAA,IND603102AAA,FTL,Morning,1.9483805668016194,2.0280026990553304,4
IND605010AAB,IND600056AAB,FTL,Morning,1.7153846153846155,1.7338461538461538,2
IND605010AAB,IND604303AAA,FTL,Morning,1.0416666666666667,1.615740740740741,3
IND605010AAB,IND607001AAA,FTL,Night,1.793103448275862,2.0,9
IND605601AAA,IND600056AAB,FTL,Morning,1.692,1.7264,4
IND605601AAA,IND607106AAA,Carting,Night,2.2613636363636367,2.9640909090909093,10
IND605601AAA,IND636102AAA,FTL,Evening,1.5666666666666667,1.9730337078651685,5
IND606003AAA,IND606105AAA,Carting,Night,1.6428571428571428,1.8,11
IND606105AAA,IND606201AAC,Carting,Night,1.6071428571428572,1.7222222222222223,11
IND606201AAC,IND605601AAA,Carting,Night,2.0843373493975905,2.345679012345679,11
IND606801AAB,IND632006AAA,FTL,Afternoon,2.278097062579821,3.5077399380804954,6
IND606801AAB,IND632006AAA,FTL,Evening,2.6305194805194807,2.967857142857143,4
IND606803AAA,IND606801AAB,FTL,Afternoon,1.3693181818181817,1.7291666666666665,6
IND606803AAA,IND606801AAB,FTL,Evening,1.3102766798418972,1.4963478260869567,4
IND607001AAA,IND608001AAA,FTL,Night,1.8518518518518519,2.2285714285714286,8
IND607106AAA,IND607801AAA,Carting,Night,2.16025641025641,2.9115384615384614,10
IND607801AAA,IND606003AAA,Carting,Night,2.130434782608696,3.12,11
IND608001AAA,IND609110AAA,FTL,Night,2.8666666666666667,3.3,5
IND608301AAA,IND639104AAB,FTL,Evening,1.7833333333333334,2.008771929824561,11
IND609001AAA,IND614018AAA,FTL,Evening,2.1864406779661016,2.377049180327869,11
IND609110AAA,IND609602AAA,FTL,Night,1.8571428571428572,2.0339080459770114,6
IND609602AAA,IND611001AAA,FTL,Night,3.1538461538461537,3.5,8
IND610001AAA,IND605010AAB,FTL,Night,2.007936507936508,2.1555555555555554,7
IND610001AAA,IND614715AAA,Carting,Afternoon,1.8333333333333333,1.9333333333333333,2
IND610001AAA,IND614715AAA,Carting,Morning,1.6538461538461537,1.872,14
IND611001AAA,IND610001AAA,FTL,Night,2.588235294117647,3.067973856209151,7
IND614018AAA,IND613104AAA,FTL,Evening,2.0166666666666666,2.232183908045977,9
IND614602AAA,IND614804AAA,FTL,Evening,1.5,1.6521739130434783,14
IND614616AAA,IND630002AAA,FTL,Evening,1.588235294117647,1.7181818181818183,14
IND614620AAA,IND630561AAA,Carting,Night,1.8630136986301369,2.081081081081081,11
IND614715AAA,IND614809AAA,Carting,Afternoon,1.5526315789473684,1.5526315789473684,2
IND614715AAA,IND614809AAA,Carting,Morning,1.4736842105263157,1.6123481781376519,14
IND614804AAA,IND614616AAA,FTL,Evening,1.2724867724867726,1.35,14
IND614809AAA,IND610001AAA,Carting,Afternoon,2.125,2.1522727272727273,2
IND614809AAA,IND610001AAA,Carting,Morning,2.1824289405684754,2.5654545454545454,14
IND620020AAA,IND621112AAA,Carting,Morning,1.75,1.9636363636363636,8
IND620020AAA,IND621112AAA,Carting,Night,2.0,2.533333333333333,11
IND621010AAA,IND621212AAA,FTL,Evening,1.4142857142857141,1.7085714285714284,12
IND621112AAA,IND620012AAA,Carting,Morning,6.458333333333333,6.458333333333333,1
IND621211AAA,IND621010AAA,FTL,Evening,1.5454545454545454,1.9545454545454546,11
IND621212AAA,IND621704AAA,FTL,Evening,1.5553359683794468,1.9521739130434783,12
IND621306AAA,IND625106AAA,FTL,Afternoon,1.3146178803172315,1.5489121676067688,8
IND621306AAA,IND625106AAA,FTL,Morning,1.4788732394366197,1.7642677985722555,3
IND621704AAA,IND621802AAA,FTL,Evening,2.0161290322580645,2.1584946236559137,12
IND621802AAA,IND608301AAA,FTL,Evening,2.3660130718954244,2.630718954248366,6
IND621802AAA,IND621212AAA,FTL,Evening,1.7115384615384615,1.7115384615384615,1
IND621802AAA,IND621212AAA,FTL,Night,1.7586206896551724,1.7586206896551724,1
IND622407AAA,IND622001AAA,FTL,Evening,1.4777183600713013,1.7352941176470589,12
IND623315AAB,IND614620AAA,Carting,Night,1.5172413793103448,1.5333333333333334,11
IND623407AAA,IND623315AAB,Carting,Night,1.0416666666666667,1.12,11
IND623503AAA,IND623526AAA,FTL,Evening,0.8888888888888888,0.9833333333333334,5
IND623526AAA,IND623704AAA,FTL,Evening,1.0483870967741935,1.1552,5
IND623701AAA,IND623503AAA,FTL,Evening,1.1777777777777778,1.5521739130434784,5
IND623704AAA,IND626607AAB,FTL,Evening,1.2708333333333333,1.374468085106383,5
IND624001AAA,IND624619AAA,FTL,Night,1.4444444444444444,1.6567307692307693,7
IND624001AAA,IND624703AAA,FTL,Night,1.2,1.2,1
IND624001AAA,IND625008AAA,FTL,Morning,1.3958333333333333,1.6708571428571428,9
IND624101AAA,IND624202AAA,FTL,Night,0.7112745098039216,0.9729111156657785,6
IND624202AAA,IND625218AAA,FTL,Night,1.5,1.6948616600790514,7
IND624601AAA,IND624001AAA,FTL,Night,4.679245283018868,4.679245283018868,1
IND624601AAA,IND624101AAA,FTL,Night,0.7969924812030075,0.8345864661654135,11
IND624619AAA,IND624601AAA,FTL,Night,1.3103448275862069,1.4402758620689655,7
IND624703AAA,IND624619AAA,FTL,Night,1.3125,1.3125,1
IND625008AAA,IND625516AAA,FTL,Night,1.25,1.25,1
IND625008AAA,IND626123AAA,FTL,Afternoon,1.8333333333333333,1.8333333333333333,1
IND625008AAA,IND626123AAA,FTL,Evening,1.816326530612245,1.86,11
IND625106AAA,IND625008AAA,FTL,Afternoon,1.7819767441860463,1.9587080103359173,8
IND625106AAA,IND625008AAA,FTL,Morning,1.4047619047619047,1.480952380952381,3
IND625516AAA,IND685514AAA,FTL,Evening,2.0,2.0,1
IND625516AAA,IND685514AAA,FTL,Night,1.8736413043478262,2.032608695652174,6
IND625531AAA,IND625516AAA,FTL,Evening,1.2340425531914894,1.2340425531914894,1
IND625531AAA,IND625516AAA,FTL,Night,1.2826086956521738,1.3592270531400965,5
IND625532AAA,IND625531AAA,FTL,Evening,1.5454545454545454,1.5454545454545454,1
IND625532AAA,IND625531AAA,FTL,Night,1.5117753623188406,1.5740096618357489,4
IND625532AAA,IND685514AAA,FTL,Evening,1.6590909090909092,1.6590909090909092,1
IND626117AAA,IND626138AAA,FTL,Afternoon,1.28,1.28,1
IND626117AAA,IND626138AAA,FTL,Evening,1.2553846153846155,1.28,6
IND626123AAA,IND627756AAA,FTL,Afternoon,2.0816326530612246,2.0816326530612246,1
IND626123AAA,IND627756AAA,FTL,Evening,1.86,2.0408163265306123,11
IND626138AAA,IND625008AAA,FTL,Afternoon,1.8095238095238095,1.8095238095238095,1
IND626138AAA,IND625008AAA,FTL,Evening,1.5084745762711864,1.5737704918032787,11
IND626607AAB,IND625008AAA,FTL,Evening,1.469387755102041,1.52,5
IND627005AAA,IND627117AAA,FTL,Night,1.7073170731707317,2.133658536585366,9
IND627005AAA,IND627811AAA,FTL,Night,1.3389830508474576,2.0576271186440676,9
IND627005AAA,IND628801AAA,Carting,Night,1.4,1.8547906976744186,12
IND627117AAA,IND629001AAA,FTL,Night,2.1176470588235294,2.5265800865800867,9
IND627401AAA,IND627005AAA,FTL,Night,2.2192192192192195,2.4985714285714287,12
IND627657AAA,IND628613AAA,Carting,Night,1.057983193277311,1.1083333333333334,12
IND627756AAA,IND626117AAA,FTL,Afternoon,1.6551724137931034,1.6551724137931034,1
IND627756AAA,IND626117AAA,FTL,Evening,1.6551724137931034,1.8,11
IND627811AAA,IND627401AAA,FTL,Night,1.5625,2.0666666666666664,9
IND628204AAA,IND627657AAA,Carting,Night,1.25,1.3210714285714285,12
IND628613AAA,IND627005AAA,Carting,Night,1.7446808510638299,1.875,11
IND628801AAA,IND628204AAA,Carting,Night,1.46875,1.735,12
IND629179AAA,IND627005AAA,FTL,Night,2.0416666666666665,2.169267997580157,9
IND630002AAA,IND622407AAA,FTL,Evening,1.4525709219858156,1.547872340425532,12
IND630561AAA,IND623407AAA,Carting,Night,1.769412878787879,2.0969696969696967,10
IND630561AAA,IND623701AAA,FTL,Evening,1.3981900452488687,1.5004524886877828,4
IND631003AAA,IND600056AAB,Carting,Night,2.22165991902834,3.3333333333333335,6
IND631102AAA,IND600056AAB,FTL,Morning,2.076923076923077,2.230671602326811,9
IND631501AAA,IND600056AAB,Carting,Night,48.5,48.5,1
IND631501AAA,IND631003AAA,Carting,Night,2.8269230769230766,3.0384615384615383,6
IND632006AAA,IND562132AAA,FTL,Afternoon,2.0274725274725274,2.0406593406593405,2
IND632006AAA,IND600056AAB,FTL,Morning,1.8902439024390243,1.9292682926829268,2
IND632006AAA,IND600056AAB,FTL,Night,1.7682926829268293,2.0072289156626506,13
IND632006AAA,IND632301AAA,FTL,Afternoon,1.90625,2.034017595307918,7
IND632006AAA,IND632301AAA,FTL,Evening,2.1915933528836753,2.4030241935483874,4
IND632006AAA,IND632402AAA,FTL,Morning,2.562770562770563,4.5941558441558445,6
IND632006AAA,IND635802AAB,FTL,Afternoon,1.3488372093023255,1.360676532769556,3
IND632301AAA,IND606803AAA,FTL,Afternoon,2.1539473684210524,2.3421052631578947,6
IND632301AAA,IND606803AAA,FTL,Evening,2.3,2.387272727272727,3
IND632301AAA,IND632006AAA,FTL,Afternoon,4.636363636363637,4.636363636363637,1
IND632402AAA,IND631102AAA,FTL,Morning,1.52,1.8719999999999999,8
IND635001AAA,IND562132AAA,FTL,Morning,1.7881355932203389,1.923728813559322,3
IND635001AAA,IND636705AAB,FTL,Night,1.3675213675213675,1.4262820512820513,4
IND635207AAA,IND635802AAB,Carting,Night,3.803921568627451,3.803921568627451,1
IND635601AAB,IND635207AAA,Carting,Night,3.125,3.125,1
IND635601AAB,IND635802AAB,Carting,Night,4.117647058823529,6.15650623885918,9
IND635802AAB,IND562132AAA,FTL,Afternoon,1.8095238095238095,1.8857142857142857,3
IND635802AAB,IND562132AAA,FTL,Night,1.6211180124223603,1.7254357236965931,3
IND635802AAB,IND635601AAB,Carting,Night,1.853658536585366,2.0625,9
IND636005AAA,IND636005AAC,Carting,Morning,5.083333333333333,5.083333333333333,1
IND636005AAA,IND636016AAA,Carting,Night,1.85,2.466666666666667,4
IND636016AAA,IND637211AAA,Carting,Morning,1.5161835748792272,1.617391304347826,14
IND636102AAA,IND605601AAA,FTL,Morning,1.3911437472185137,1.462305295950156,4
IND636352AAA,IND636705AAB,FTL,Morning,1.6,1.7891534391534392,5
IND636705AAB,IND562132AAA,FTL,Morning,1.8376623376623376,1.9029493087557603,5
IND636705AAB,IND635001AAA,FTL,Morning,1.56,1.704,3
IND637211AAA,IND636402AAA,Carting,Morning,1.4426229508196722,1.6491803278688524,15
IND637301AAA,IND638001AAA,FTL,Morning,1.8529411764705883,2.1392156862745098,10
IND637408AAA,IND637001AAA,FTL,Morning,1.6896551724137931,2.258385093167702,9
IND638001AAA,IND638052AAA,FTL,Morning,2.1666666666666665,2.1745098039215685,3
IND638401AAA,IND638452AAA,Carting,Evening,1.0833333333333333,1.4883076923076923,5
IND638401AAA,IND638452AAA,Carting,Night,0.9815384615384616,1.1641739130434783,4
IND638452AAA,IND638501AAB,Carting,Evening,1.1666666666666667,1.1666666666666667,1
IND638452AAA,IND638501AAB,Carting,Night,1.125,1.125,1
IND638501AAB,IND641062AAD,Carting,Evening,1.287490987743331,2.0733333333333333,6
IND638501AAB,IND641062AAD,Carting,Night,1.4383561643835616,1.7629473684210528,5
IND638657AAA,IND638701AAA,Carting,Night,1.4482758620689655,1.6333333333333333,11
IND638701AAA,IND641607AAA,Carting,Night,2.0782608695652174,2.5391304347826087,12
IND639001AAA,IND624001AAA,FTL,Morning,1.709090909090909,1.8652597402597402,9
IND639104AAB,IND620012AAA,FTL,Evening,1.5,1.5,1
IND641001AAA,IND641062AAD,Carting,Night,4.333333333333333,4.533333333333333,3
IND641006AAD,IND641062AAD,Carting,Afternoon,4.992063492063492,7.741269841269841,2
IND641006AAD,IND641062AAD,Carting,Morning,4.839285714285714,7.2821428571428575,2
IND641008AAA,IND641001AAA,Carting,Evening,1.9090909090909092,1.9090909090909092,1
IND641008AAA,IND641001AAA,Carting,Night,2.8333333333333335,2.8333333333333335,1
IND641008AAA,IND641011AAA,Carting,Night,2.0588235294117645,2.0588235294117645,1
IND641011AAA,IND641062AAD,Carting,Evening,3.857142857142857,3.857142857142857,1
IND641011AAA,IND641062AAD,Carting,Night,4.258513931888546,4.625668449197861,6
IND641062AAD,IND638401AAA,Carting,Evening,1.880232558139535,2.47,4
IND641062AAD,IND638401AAA,Carting,Night,1.7142857142857142,2.0079822616407985,5
IND641062AAD,IND641001AAA,Carting,Morning,4.092592592592593,4.2555555555555555,2
IND641062AAD,IND641008AAA,Carting,Morning,2.585714285714286,3.0771428571428574,2
IND641062AAD,IND641607AAA,FTL,Afternoon,1.7333333333333334,1.9466666666666668,3
IND641062AAD,IND641607AAA,FTL,Evening,1.875,2.28,4
IND641062AAD,IND642001AAA,Carting,Night,1.5818181818181818,1.5818181818181818,1
IND641062AAD,IND642126AAA,Carting,Evening,1.8108108108108107,2.7444444444444445,5
IND641062AAD,IND642126AAA,Carting,Night,1.3609878448774841,1.4652777777777777,6
IND641062AAD,IND643217AAA,Carting,Evening,2.767123287671233,2.767123287671233,1
IND641062AAD,IND643217AAA,Carting,Night,2.4375,2.4375,1
IND641062AAD,IND643231AAA,Carting,Evening,2.4535087719298243,2.631666666666667,8
IND641062AAD,IND643231AAA,Carting,Night,2.484053651266766,3.155952380952381,6
IND641607AAA,IND641062AAD,FTL,Morning,2.0,3.2751724137931033,5
IND641607AAA,IND641062AAD,FTL,Night,2.908410138248848,3.945833333333333,10
IND641607AAA,IND641654AAA,Carting,Night,2.0,2.325,9
IND641607AAA,IND641664AAA,Carting,Night,1.818421052631579,1.8836842105263156,2
IND641654AAA,IND641664AAA,Carting,Night,1.4615384615384615,1.5615384615384615,9
IND641664AAA,IND638657AAA,Carting,Night,1.5067567567567568,1.6769230769230767,10
IND642001AAA,IND641062AAD,Carting,Evening,1.6140350877192982,1.7568058076225044,5
IND642001AAA,IND641062AAD,Carting,Night,1.6929824561403508,2.1491228070175437,6
IND642001AAA,IND642126AAA,Carting,Night,1.5161290322580645,1.5161290322580645,1
IND642126AAA,IND642001AAA,Carting,Evening,1.3333333333333333,1.4064516129032258,5
IND642126AAA,IND642001AAA,Carting,Night,1.5517241379310345,1.838709677419355,6
IND643001AAA,IND643212AAA,Carting,Evening,2.6052631578947367,2.6832147937411093,3
IND643001AAA,IND643212AAA,Carting,Night,2.401143790849673,2.433169934640523,2
IND643212AAA,IND641062AAD,Carting,Evening,3.6,3.6,1
IND643212AAA,IND641062AAD,Carting,Night,3.2142376020880694,3.2734781510482445,2
IND643217AAA,IND643001AAA,Carting,Evening,0.9693877551020408,1.1996753246753247,6
IND643217AAA,IND643001AAA,Carting,Night,1.035650623885918,1.1606060606060606,4
IND643231AAA,IND643217AAA,Carting,Evening,1.0487684729064037,1.5819327731092439,6
IND643231AAA,IND643217AAA,Carting,Night,1.3275862068965516,1.785948275862069,4
IND670643AAA,IND673632AAA,Carting,Evening,1.8956043956043955,2.1542715349166963,4
IND670643AAA,IND673632AAA,Carting,Night,1.6373626373626373,1.6373626373626373,1
IND670645AAB,IND673592AAA,Carting,Night,2.3513513513513513,3.661538461538462,5
IND671315AAA,IND575004AAB,FTL,Evening,8.884615384615385,8.884615384615385,1
IND673027AAB,IND673104AAA,Carting,Evening,5.523076923076923,5.523076923076923,1
IND673027AAB,IND673305AAA,Carting,Evening,8.04849688031764,8.419001701644923,2
IND673104AAA,IND673506AAA,Carting,Evening,1.7142857142857142,2.374436090225564,13
IND673104AAA,IND673506AAA,Carting,Night,1.5294117647058822,2.2823529411764705,3
IND673121AAA,IND670645AAB,Carting,Night,2.207157258064516,2.634375,8
IND673305AAA,IND673104AAA,Carting,Evening,1.2971014492753623,1.5521739130434782,10
IND673305AAA,IND673104AAA,Carting,Night,1.2272727272727273,1.4280632411067193,3
IND673506AAA,IND670643AAA,Carting,Evening,1.5,1.5809523809523809,13
IND673506AAA,IND670643AAA,Carting,Night,1.4583333333333333,1.509057971014493,3
IND673573AAA,IND673592AAA,FTL,Evening,1.60193019566367,1.7278571428571428,10
IND673573AAA,IND673592AAA,FTL,Night,1.7704918032786885,1.7704918032786885,1
IND673592AAA,IND562132AAA,FTL,Evening,2.0,2.326780727630285,9
IND673592AAA,IND562132AAA,FTL,Night,2.5848214285714284,2.5848214285714284,1
IND673592AAA,IND670645AAB,Carting,Night,3.5,3.5,1
IND673592AAA,IND673121AAA,Carting,Night,2.0294117647058822,3.020220588235294,10
IND673632AAA,IND673104AAA,Carting,Night,1.2380952380952381,1.2380952380952381,1
IND673632AAA,IND673305AAA,Carting,Evening,1.1388888888888888,1.154093567251462,3
IND673632AAA,IND673305AAA,Carting,Night,1.1428571428571428,1.1428571428571428,1
IND673632AAA,IND676306AAA,Carting,Evening,1.1528822055137846,1.198997493734336,2
IND673632AAA,IND683511AAA,FTL,Evening,1.7783529326888392,1.9315742009955992,2
IND676306AAA,IND676509AAA,Carting,Evening,1.8125,2.0,4
IND676509AAA,IND678583AAA,Carting,Evening,1.1818181818181819,1.1818181818181819,1
IND676509AAA,IND679322AAA,Carting,Evening,2.0952380952380953,2.0952380952380953,1
IND678683AAA,IND000000ABD,FTL,Afternoon,1.2323232323232323,1.8954248366013071,6
IND678683AAA,IND000000ABD,FTL,Evening,1.1176470588235294,1.2013071895424838,3
IND679303AAA,IND679531AAA,Carting,Afternoon,2.2916666666666665,2.2916666666666665,1
IND679303AAA,IND679531AAA,Carting,Evening,2.70625,2.9504166666666665,10
IND679329AAA,IND673639AAA,Carting,Evening,1.619047619047619,1.619047619047619,1
IND679329AAA,IND673639AAA,Carting,Night,1.6083333333333334,1.655,2
IND679531AAA,IND680587AAA,Carting,Afternoon,1.4210526315789473,1.4210526315789473,1
IND679531AAA,IND680587AAA,Carting,Evening,1.434782608695652,2.125,11
IND680012AAA,IND679303AAA,Carting,Afternoon,1.280701754385965,1.280701754385965,1
IND680012AAA,IND679303AAA,Carting,Evening,1.4425125313283207,1.892910447761194,8
IND68004AAA,IND678683AAA,FTL,Afternoon,2.666666666666667,5.891891891891892,6
IND68004AAA,IND678683AAA,FTL,Evening,2.8947368421052633,4.778947368421052,3
IND68004AAA,IND683511AAA,Carting,Evening,2.2962962962962963,2.868836045056321,7
IND680104AAA,IND679576AAA,FTL,Afternoon,1.7191650853889944,1.9180265654648956,2
IND680104AAA,IND679576AAA,FTL,Evening,1.5757575757575757,2.0606060606060606,7
IND680307AAA,IND680712AAA,Carting,Evening,1.6095238095238096,1.8318181818181818,6
IND680307AAA,IND683511AAA,Carting,Evening,1.7222222222222223,2.75,4
IND680587AAA,IND68004AAA,Carting,Evening,1.8333333333333333,2.3428571428571434,7
IND680587AAA,IND683511AAA,Carting,Afternoon,3.0375,3.0375,1
IND680587AAA,IND683511AAA,Carting,Evening,2.6625,2.7224999999999997,3
IND680712AAA,IND683511AAA,Carting,Evening,1.6578947368421053,2.1121951219512196,8
IND683511AAA,IND000000ABA,Carting,Afternoon,1.082869855394883,1.0939933259176862,2
IND683511AAA,IND000000ABA,Carting,Evening,1.149610678531702,1.3966666666666667,8
IND683511AAA,IND000000ADM,Carting,Afternoon,1.4615384615384615,1.7256410256410257,3
IND683511AAA,IND000000ADM,Carting,Evening,1.5,2.113777777777778,9
IND683511AAA,IND562132AAA,FTL,Morning,1.981264637002342,2.3661971830985915,6
IND683511AAA,IND680012AAA,Carting,Afternoon,1.456140350877193,1.456140350877193,1
IND683511AAA,IND680012AAA,Carting,Evening,1.4732057416267943,1.6456140350877193,8
IND683511AAA,IND68004AAA,FTL,Afternoon,1.4583333333333335,6.145833333333333,6
IND683511AAA,IND68004AAA,FTL,Evening,1.4,1.432,3
IND683511AAA,IND680104AAA,FTL,Afternoon,1.3833333333333333,1.61,2
IND683511AAA,IND680104AAA,FTL,Evening,1.6049382716049383,2.4896153846153855,7
IND683511AAA,IND686028AAB,FTL,Afternoon,1.8625,1.8625,1
IND683511AAA,IND686028AAB,FTL,Morning,1.9873417721518987,3.928949531481177,5
IND683565AAA,IND683511AAA,Carting,Afternoon,2.1523809523809523,2.3504761904761904,2
IND683565AAA,IND683511AAA,Carting,Evening,1.7947368421052632,1.9723684210526313,6
IND683572AAA,IND680307AAA,Carting,Afternoon,1.2727272727272727,1.2727272727272727,1
IND683572AAA,IND680307AAA,Carting,Evening,1.3693181818181817,2.3769230769230765,10
IND685514AAA,IND625008AAA,FTL,Evening,1.5714285714285714,1.6761904761904762,2
IND685514AAA,IND625008AAA,FTL,Night,1.5558823529411763,1.6183431952662723,6
IND686028AAB,IND686632AAA,FTL,Morning,6.095238095238095,6.095238095238095,1
IND686028AAB,IND689101AAA,Carting,Evening,1.3333333333333333,1.4186666666666665,3
IND686028AAB,IND689101AAA,Carting,Night,1.4583333333333333,1.8506666666666667,9
IND686507AAA,IND686513AAA,Carting,Evening,2.2222222222222223,2.2222222222222223,1
IND686507AAA,IND686513AAA,Carting,Night,2.375,2.75,11
IND686507AAA,IND686540AAA,Carting,Night,1.6538461538461537,1.6538461538461537,1
IND686513AAA,IND686507AAA,Carting,Night,2.8,2.8,1
IND686513AAA,IND686540AAA,Carting,Night,2.3142857142857145,2.611119691119691,5
IND686540AAA,IND686028AAB,Carting,Night,1.945906432748538,1.947076023391813,2
IND686632AAA,IND686141AAA,FTL,Morning,2.5,2.5,1
IND688009AAA,IND686028AAB,Carting,Evening,3.3430232558139537,4.017441860465117,2
IND688009AAA,IND686028AAB,Carting,Night,3.67550505050505,6.632608695652173,10
IND688524AAA,IND683511AAA,FTL,Afternoon,2.5,2.5,1
IND688524AAA,IND683511AAA,FTL,Morning,2.269230769230769,2.6823529411764704,5
IND689101AAA,IND689650AAA,Carting,Evening,1.3778195488721803,1.6229323308270676,2
IND689101AAA,IND689650AAA,Carting,Night,1.3666666666666667,1.7325000000000002,4
IND689101AAA,IND690548AAA,Carting,Evening,1.3076923076923077,1.3076923076923077,1
IND689503AAB,IND683511AAA,FTL,Morning,2.25,2.25,1
IND689645AAA,IND691551AAA,Carting,Evening,1.4583333333333333,1.4583333333333333,1
IND689645AAA,IND691551AAA,Carting,Night,1.7291666666666667,3.0199999999999996,10
IND689650AAA,IND690548AAA,Carting,Evening,1.5828133862733975,1.6002836074872377,2
IND689650AAA,IND690548AAA,Carting,Night,1.7317073170731707,1.7317073170731707,1
IND690537AAA,IND689503AAB,FTL,Morning,2.0714285714285716,2.0714285714285716,1
IND690548AAA,IND688009AAA,Carting,Evening,1.0889423076923077,1.1100961538461538,2
IND690548AAA,IND688009AAA,Carting,Night,1.2580645161290323,1.7964285714285715,9
IND691001AAB,IND683511AAA,FTL,Afternoon,1.4911242603550297,1.4911242603550297,1
IND691001AAB,IND683511AAA,FTL,Evening,1.4851190476190477,1.5970238095238096,2
IND691001AAB,IND683511AAA,FTL,Night,1.255952380952381,1.6130952380952381,3
IND691001AAB,IND690573AAA,FTL,Morning,1.0810810810810811,1.0810810810810811,1
IND691001AAB,IND691506AAA,Carting,Evening,1.5384615384615385,1.5876923076923077,3
IND691001AAB,IND691506AAA,Carting,Night,1.36,1.5957559681697613,13
IND691001AAB,IND695012AAA,FTL,Morning,1.34375,1.34375,1
IND691305AAA,IND689645AAA,Carting,Evening,2.0,2.0,1
IND691305AAA,IND689645AAA,Carting,Night,2.330357142857143,2.64,10
IND691305AAA,IND691551AAA,Carting,Evening,4.0,4.0,1
IND691506AAA,IND691305AAA,Carting,Evening,1.5263157894736843,1.7852631578947369,3
IND691506AAA,IND691305AAA,Carting,Night,1.6,1.7619047619047619,11
IND691551AAA,IND691001AAB,Carting,Evening,2.25,2.765789473684211,3
IND691551AAA,IND691001AAB,Carting,Night,2.263157894736842,3.425,11
IND691574AAA,IND695614AAA,Carting,Evening,1.6666666666666667,1.6666666666666667,1
IND691574AAA,IND695614AAA,Carting,Night,1.5,1.96,19
IND695012AAA,IND691001AAB,FTL,Afternoon,1.4848484848484849,1.5212121212121212,2
IND695012AAA,IND691001AAB,FTL,Evening,1.5873015873015872,1.772005772005772,3
IND695012AAA,IND691001AAB,FTL,Morning,1.7076923076923076,1.7076923076923076,1
IND695012AAA,IND691001AAB,FTL,Night,1.4075702075702075,1.4751648351648352,2
IND695012AAA,IND695101AAB,Carting,Night,2.4230769230769234,2.576923076923077,2
IND695012AAB,IND695012AAA,Carting,Afternoon,3.2409090909090907,3.288181818181818,2
IND695101AAB,IND691574AAA,Carting,Evening,1.2142857142857142,1.2142857142857142,1
IND695101AAB,IND691574AAA,Carting,Night,1.2666666666666666,1.3333333333333333,18
IND695101AAB,IND695012AAA,Carting,Night,9.0,9.0,1
IND695121AAA,IND695541AAA,Carting,Night,1.6363636363636365,1.6363636363636365,1
IND695121AAA,IND695572AAB,Carting,Night,1.7333333333333334,1.8571428571428572,15
IND695541AAA,IND695012AAA,Carting,Night,3.1333333333333333,3.1333333333333333,1
IND695541AAA,IND695572AAB,Carting,Night,1.3181818181818181,1.3181818181818181,1
IND695572AAB,IND000000AFJ,Carting,Night,1.6923076923076923,1.6923076923076923,1
IND695572AAB,IND695541AAA,Carting,Night,1.4761904761904763,1.7142857142857142,11
IND695582AAA,IND691574AAA,Carting,Night,1.6666666666666667,1.6666666666666667,1
IND695582AAA,IND695101AAB,Carting,Evening,1.2857142857142858,1.2857142857142858,1
IND695582AAA,IND695101AAB,Carting,Night,1.1428571428571428,1.9355731225296444,17
IND695609AAA,IND695012AAA,Carting,Night,2.076923076923077,2.167765567765568,3
IND695614AAA,IND695609AAA,Carting,Night,1.3157894736842106,2.0231578947368423,3
IND700026AAC,IND700065AAA,Carting,Afternoon,1.1904761904761905,1.1904761904761905,1
IND700026AAC,IND700065AAA,Carting,Morning,2.0,2.0,1
IND700026AAC,IND712311AAA,Carting,Morning,5.911764705882353,5.911764705882353,1
IND700026AAC,IND712311AAA,Carting,Night,4.013888888888889,4.625,2
IND700028AAB,IND712311AAA,Carting,Morning,5.277777777777778,12.87777777777778,3
IND700028AAB,IND712311AAA,Carting,Night,4.473684210526316,16.93498452012384,7
IND700053AAA,IND700136AAB,Carting,Morning,2.5517241379310347,2.5517241379310347,1
IND700053AAA,IND700144AAA,FTL,Night,2.276315789473684,3.789473684210527,4
IND700053AAA,IND712311AAA,Carting,Afternoon,9.689655172413794,10.627586206896552,2
IND700053AAA,IND712311AAA,Carting,Morning,6.586206896551724,8.090574712643678,3
IND700053AAA,IND712311AAA,Carting,Night,2.0,2.0,1
IND700053AAA,IND743513AAA,Carting,Night,2.8,3.649655172413793,3
IND700065AAA,IND700026AAC,Carting,Afternoon,2.3157894736842106,2.3157894736842106,1
IND700065AAA,IND712311AAA,Carting,Afternoon,4.833333333333334,5.1571428571428575,2
IND700065AAA,IND712311AAA,Carting,Evening,2.380952380952381,2.7307359307359307,3
IND700065AAA,IND712311AAA,Carting,Morning,3.9782608695652173,16.442028985507243,8
IND700065AAA,IND712311AAA,Carting,Night,2.6,14.883636363636368,9
IND700065AAB,IND712310AAA,Carting,Afternoon,5.0,6.54090909090909,10
IND700065AAB,IND712310AAA,Carting,Evening,5.318181818181818,6.663636363636364,2
IND700088AAA,IND712311AAA,Carting,Afternoon,3.607142857142857,3.607142857142857,1
IND700088AAA,IND712311AAA,Carting,Evening,3.6666666666666665,4.2620689655172415,5
IND700088AAA,IND712311AAA,Carting,Night,2.689655172413793,2.689655172413793,1
IND700136AAB,IND712311AAA,Carting,Afternoon,5.535714285714286,5.535714285714286,1
IND700136AAG,IND712310AAA,Carting,Afternoon,4.971052631578948,6.473684210526317,14
IND700136AAG,IND712310AAA,Carting,Evening,3.235294117647059,4.057585139318886,3
IND700144AAA,IND743395AAA,FTL,Night,3.0,3.0761904761904764,3
IND711303AAA,IND721134AAB,Carting,Night,0.8220720720720721,1.3050778050778056,14
IND712103AAA,IND712124AAA,Carting,Morning,2.3636363636363638,2.3636363636363638,1
IND712103AAA,IND712310AAE,Carting,Morning,3.7666666666666666,5.316666666666666,6
IND712103AAA,IND712310AAE,Carting,Night,2.952688172043011,4.630322580645161,10
IND712124AAA,IND712103AAA,Carting,Morning,2.861111111111111,3.1045454545454545,6
IND712124AAA,IND712103AAA,Carting,Night,2.8636363636363633,3.2,12
IND712124AAA,IND712310AAE,Carting,Morning,4.370629370629371,4.728671328671329,2
IND712124AAA,IND712310AAE,Carting,Night,8.578947368421053,8.578947368421053,1
IND712310AAE,IND711303AAA,Carting,Night,2.3658536585365852,3.72620387742339,15
IND712310AAE,IND711409AAA,Carting,Night,1.1875,1.1875,1
IND712310AAE,IND712103AAA,Carting,Morning,3.533333333333333,3.533333333333333,1
IND712310AAE,IND712124AAA,Carting,Morning,4.102777777777778,5.84,8
IND712310AAE,IND712124AAA,Carting,Night,4.0,5.603007518796992,15
IND712311AAA,IND000000ACB,FTL,Afternoon,1.8842504743833017,2.386581933074824,9
IND712311AAA,IND421302AAG,FTL,Afternoon,2.5067064083457526,2.518628912071535,3
IND712311AAA,IND421302AAG,FTL,Morning,2.1937406855439643,2.1937406855439643,1
IND712311AAA,IND700026AAC,Carting,Afternoon,3.8333333333333335,3.8333333333333335,1
IND712311AAA,IND700026AAC,Carting,Evening,2.1176470588235294,3.5756756756756767,7
IND712311AAA,IND700026AAC,Carting,Morning,3.0,3.0470588235294116,2
IND712311AAA,IND700026AAC,Carting,Night,2.7777777777777777,3.5738738738738736,15
IND712311AAA,IND700028AAB,Carting,Evening,5.026315789473684,6.757894736842105,10
IND712311AAA,IND700028AAB,Carting,Morning,2.736842105263158,3.4157894736842107,4
IND712311AAA,IND700028AAB,Carting,Night,2.4,4.469172932330827,5
IND712311AAA,IND700053AAA,Carting,Afternoon,5.966666666666667,5.966666666666667,1
IND712311AAA,IND700053AAA,Carting,Evening,6.862068965517241,6.862068965517241,1
IND712311AAA,IND700053AAA,Carting,Morning,2.7333333333333334,4.558620689655172,5
IND712311AAA,IND700053AAA,Carting,Night,2.4285714285714284,2.4285714285714284,1
IND712311AAA,IND700065AAA,Carting,Afternoon,5.409090909090909,5.918181818181819,2
IND712311AAA,IND700065AAA,Carting,Evening,4.545454545454546,5.53201581027668,5
IND712311AAA,IND700065AAA,Carting,Morning,4.7272727272727275,4.7272727272727275,1
IND712311AAA,IND700065AAA,Carting,Night,3.301948051948052,4.621343873517788,14
IND712311AAA,IND700088AAA,Carting,Afternoon,4.278375149342891,8.617241379310345,6
IND712311AAA,IND700088AAA,Carting,Evening,5.75,10.673333333333334,4
IND712311AAA,IND700088AAA,Carting,Morning,3.7586206896551726,6.837526881720429,8
IND712311AAA,IND700088AAA,Carting,Night,3.3793103448275863,4.753103448275862,5
IND712311AAA,IND712310AAE,Carting,Evening,1.6666666666666667,1.6666666666666667,1
IND712311AAA,IND712410AAC,FTL,Night,5.139001349527666,5.775303643724697,8
IND712311AAA,IND713103AAA,FTL,Evening,2.1633547632963177,2.4322033898305087,6
IND712311AAA,IND713145AAB,FTL,Evening,2.108108108108108,2.3351351351351353,3
IND712311AAA,IND713205AAB,FTL,Afternoon,1.8773584905660377,2.1104761904761906,5
IND712311AAA,IND713205AAB,FTL,Evening,2.180952380952381,3.263239875389408,6
IND712311AAA,IND713205AAB,FTL,Morning,2.123809523809524,2.123809523809524,1
IND712311AAA,IND721306AAA,FTL,Afternoon,1.99009900990099,1.99009900990099,1
IND712311AAA,IND721306AAA,FTL,Evening,2.089108910891089,2.2455445544554458,9
IND712311AAA,IND742101AAC,FTL,Morning,2.849673202614379,3.3331263434439933,7
IND712311AAA,IND742102AAB,FTL,Morning,3.151898734177215,3.2392969442876725,3
IND712311AAA,IND743235AAA,FTL,Night,2.586206896551724,3.052631578947368,5
IND712311AAA,IND751002AAB,FTL,Evening,2.2350965143872696,4.514376996805112,6
IND712311AAA,IND751002AAB,FTL,Morning,1.9193548387096775,2.284378134143946,5
IND712311AAA,IND751002AAB,FTL,Night,1.9387096774193548,2.3492516154217564,13
IND712311AAA,IND781018AAB,FTL,Evening,3.4339622641509435,3.4339622641509435,1
IND712311AAA,IND781018AAB,FTL,Night,3.087644598113288,4.142805759948695,6
IND712311AAA,IND821115AAB,FTL,Night,1.6878048780487804,1.6878048780487804,1
IND712311AAA,IND826004AAA,FTL,Night,1.768419080919081,1.9655642406726224,6
IND712311AAA,IND834002AAB,FTL,Evening,2.1779359430604983,2.6488276067305665,3
IND712311AAA,IND834002AAB,FTL,Night,2.300150914921713,2.82726023976024,6
IND712406AAA,IND712602AAA,FTL,Night,2.3225806451612905,2.323339658444023,3
IND712410AAC,IND712406AAA,FTL,Night,2.0555555555555554,2.4435173299101414,5
IND712602AAA,IND722154AAA,FTL,Night,3.269230769230769,3.4846153846153847,2
IND712612AAA,IND722154AAA,FTL,Night,1.7105263157894737,1.731578947368421,2
IND713103AAA,IND713205AAB,FTL,Evening,2.007300792657489,2.1882352941176473,4
IND713128AAB,IND731204AAB,FTL,Night,3.166666666666667,4.281578947368421,10
IND713128AAB,IND731301AAA,FTL,Morning,3.611111111111111,3.611111111111111,1
IND713128AAB,IND731301AAA,FTL,Night,4.385714285714286,4.671428571428572,2
IND713130AAA,IND741123AAB,Carting,Evening,2.0703125,2.708080808080808,8
IND713130AAA,IND741123AAB,Carting,Night,2.1640625,2.1703125,2
IND713130AAA,IND741126AAB,Carting,Evening,3.6666666666666665,3.6666666666666665,1
IND713145AAB,IND741101AAB,FTL,Evening,2.088235294117647,2.088235294117647,1
IND713145AAB,IND741316AAA,FTL,Evening,1.591485507246377,1.7516304347826088,2
IND713148AAA,IND713128AAB,FTL,Morning,2.6285714285714286,2.6285714285714286,1
IND713148AAA,IND713128AAB,FTL,Night,2.6051587301587302,2.8142857142857145,14
IND713205AAB,IND712311AAA,FTL,Afternoon,8.4,8.539083557951482,4
IND713205AAB,IND712311AAA,FTL,Evening,1.7692307692307692,1.7692307692307692,1
IND713205AAB,IND712311AAA,FTL,Morning,7.371428571428572,8.123809523809523,6
IND713205AAB,IND713148AAA,FTL,Night,3.8055555555555554,4.316666666666666,2
IND713205AAB,IND713303AAA,FTL,Evening,2.6538461538461537,4.864285714285715,5
IND713205AAB,IND722101AAA,Carting,Evening,3.306122448979592,3.306122448979592,1
IND713205AAB,IND722101AAB,Carting,Night,5.62,5.62,1
IND713205AAB,IND722101AAC,Carting,Night,2.5510204081632653,3.917611489040061,3
IND713205AAB,IND722122AAA,Carting,Night,2.557142857142857,2.557142857142857,1
IND713205AAB,IND722143AAB,FTL,Night,3.7800000000000002,7.397925925925926,8
IND713205AAB,IND722202AAA,Carting,Night,4.055555555555555,7.253216374269006,3
IND713205AAB,IND723130AAA,FTL,Evening,4.303370786516854,4.303370786516854,1
IND713205AAB,IND723130AAA,FTL,Night,2.3294117647058825,2.3294117647058825,1
IND713205AAB,IND723133AAA,FTL,Night,2.591549295774648,2.591549295774648,1
IND713303AAA,IND713364AAB,FTL,Evening,4.166666666666666,4.75,6
IND713364AAB,IND712311AAA,FTL,Evening,4.424325434871935,5.139606446605487,12
IND721102AAA,IND712311AAA,FTL,Afternoon,7.25,7.25,1
IND721102AAA,IND712311AAA,FTL,Evening,7.911699392239365,8.679347826086957,8
IND721133AAA,IND721434AAB,FTL,Night,2.9147633234028465,3.2395564382654753,2
IND721134AAB,IND712310AAE,Carting,Night,2.9074074074074074,2.9074074074074074,1
IND721134AAB,IND721139AAC,Carting,Night,1.625,2.182352941176471,14
IND721139AAC,IND721602AAB,Carting,Night,2.827966101694915,3.2503389830508476,2
IND721139AAC,IND721636AAB,Carting,Morning,2.857142857142857,2.857142857142857,1
IND721212AAA,IND712310AAE,Carting,Night,2.2725,2.6255696202531644,8
IND721253AAC,IND721306AAA,FTL,Morning,2.533333333333333,2.533333333333333,1
IND721253AAC,IND721306AAA,FTL,Night,2.3766233766233764,3.9592933947772657,6
IND721253AAC,IND721501AAC,FTL,Morning,1.7849462365591398,1.7849462365591398,1
IND721306AAA,IND721102AAA,FTL,Evening,2.0,4.222222222222222,5
IND721306AAA,IND721133AAA,FTL,Night,2.167763157894737,2.2019736842105266,2
IND721306AAA,IND721253AAC,FTL,Morning,3.238095238095238,3.238095238095238,1
IND721306AAA,IND721507AAA,FTL,Morning,2.621212121212121,3.190909090909091,2
IND721306AAA,IND721507AAA,FTL,Night,2.6382978723404253,4.001279069767442,7
IND721401AAA,IND721306AAA,FTL,Night,1.9301957831325303,2.096039156626506,2
IND721434AAB,IND721401AAA,FTL,Night,2.4699999999999998,2.478,2
IND721501AAC,IND721253AAC,FTL,Morning,1.858695652173913,1.858695652173913,1
IND721501AAC,IND721253AAC,FTL,Night,2.0259364291622357,2.2301075268817208,4
IND721501AAC,IND721306AAA,FTL,Morning,1.9090909090909092,1.9090909090909092,1
IND721602AAB,IND721139AAC,Carting,Morning,2.48125,3.01625,2
IND721602AAB,IND721139AAC,Carting,Night,1.7605191256830601,1.7787704918032787,2
IND721636AAB,IND721602AAB,Carting,Morning,0.9523809523809523,0.9523809523809523,1
IND721636AAB,IND721602AAB,Carting,Night,1.5350609756097562,1.8070121951219513,2
IND722101AAA,IND722122AAA,Carting,Night,1.826086956521739,2.137391304347826,5
IND722101AAB,IND713205AAB,Carting,Night,1.5555555555555556,1.5555555555555556,1
IND722122AAA,IND713205AAB,Carting,Night,1.9642857142857142,2.0512133072407046,4
IND722140AAA,IND722151AAA,FTL,Morning,0.9545454545454546,1.168831168831169,7
IND722140AAA,IND723130AAA,FTL,Morning,19.130434782608695,19.130434782608695,1
IND722143AAB,IND723133AAA,FTL,Night,1.411764705882353,1.649056603773585,9
IND722151AAA,IND723130AAA,FTL,Morning,15.745168067226892,16.524223602484472,6
IND722154AAA,IND712311AAA,FTL,Night,5.162790697674419,5.162790697674419,1
IND722202AAA,IND713205AAB,Carting,Evening,2.7058823529411766,2.7058823529411766,1
IND722202AAA,IND722101AAC,Carting,Night,1.5517241379310345,1.6140485312899104,3
IND723101AAA,IND723202AAA,FTL,Evening,2.736842105263158,2.736842105263158,1
IND723101AAA,IND723202AAA,FTL,Night,1.7435897435897436,2.641025641025641,11
IND723130AAA,IND723101AAA,FTL,Evening,2.0476190476190474,2.0476190476190474,1
IND723130AAA,IND723101AAA,FTL,Night,2.2142857142857144,3.7181818181818187,12
IND723130AAA,IND723131AAA,FTL,Morning,1.1008163265306123,7.905306122448979,6
IND723131AAA,IND722140AAA,FTL,Morning,1.368844696969697,1.8193548387096774,10
IND723133AAA,IND723130AAA,FTL,Night,1.2666666666666666,1.7954545454545454,11
IND723202AAA,IND713205AAB,FTL,Evening,1.7986111111111112,1.7986111111111112,1
IND723202AAA,IND713205AAB,FTL,Night,2.2275862068965515,2.52027027027027,11
IND731204AAB,IND731301AAA,FTL,Night,2.3,2.75,11
IND731224AAA,IND742147AAA,Carting,Evening,2.2331378299120237,2.388068181818182,4
IND731224AAA,IND742147AAA,Carting,Night,2.2546296296296298,2.384027777777778,4
IND731237AAB,IND731224AAA,Carting,Evening,3.215909090909091,4.835,4
IND731237AAB,IND731224AAA,Carting,Night,3.119047619047619,3.7,6
IND731301AAA,IND713205AAB,FTL,Morning,1.943661971830986,1.943661971830986,1
IND731301AAA,IND713205AAB,FTL,Night,1.8714285714285714,2.880281690140845,16
IND732103AAA,IND732138AAA,FTL,Night,2.945945945945946,2.945945945945946,1
IND732103AAB,IND732123AAC,Carting,Night,3.8955223880597014,3.8955223880597014,1
IND732103AAB,IND732202AAA,Carting,Night,4.111111111111111,4.888194444444444,8
IND732103AAB,IND733128AAA,Carting,Night,2.282608695652174,2.3695652173913047,6
IND732123AAC,IND732139AAA,Carting,Night,1.3529411764705883,1.3529411764705883,1
IND732138AAA,IND733102AAA,FTL,Night,2.0600358422939067,2.4564516129032254,2
IND732138AAA,IND733124AAA,Carting,Evening,2.0277777777777777,2.0277777777777777,1
IND732138AAA,IND733124AAA,Carting,Night,2.1176470588235294,2.1176470588235294,1
IND732138AAA,IND733124AAA,FTL,Night,1.8055555555555556,1.8055555555555556,1
IND732138AAA,IND733140AAA,Carting,Evening,2.659090909090909,2.659090909090909,1
IND732138AAA,IND733140AAA,Carting,Night,2.3421052631578947,2.3421052631578947,1
IND732139AAA,IND732103AAB,Carting,Night,3.9696969696969697,3.9696969696969697,1
IND732139AAA,IND732123AAC,Carting,Night,1.3157894736842106,1.3157894736842106,1
IND732202AAA,IND732204AAB,Carting,Night,2.8,3.0842857142857145,10
IND732204AAB,IND732123AAC,Carting,Night,1.9086509376890501,2.312764670296431,2
IND732204AAB,IND732139AAA,Carting,Night,0.6323787258912916,0.6896551724137931,6
IND733128AAA,IND733129AAB,Carting,Night,2.533333333333333,2.533333333333333,1
IND733128AAA,IND733134AAA,Carting,Night,1.8095238095238095,1.9974025974025973,5
IND733129AAA,IND732103AAB,Carting,Night,3.7906976744186047,4.404651162790698,3
IND733129AAB,IND733129AAA,Carting,Night,1.9761904761904763,2.0,4
IND733134AAA,IND733129AAB,Carting,Night,1.4782608695652173,1.5146997929606625,3
IND733140AAA,IND732103AAA,FTL,Night,2.8545454545454545,2.8545454545454545,1
IND733140AAA,IND733102AAA,Carting,Evening,2.48,2.48,1
IND733140AAA,IND733102AAA,Carting,Night,1.7826086956521738,2.278846153846154,7
IND733140AAA,IND733102AAA,FTL,Night,1.5,1.5,1
IND733202AAB,IND733210AAA,FTL,Night,1.3225806451612903,1.3225806451612903,1
IND733202AAC,IND733210AAA,FTL,Night,2.1538461538461537,2.1538461538461537,1
IND734214AAB,IND000000AFF,FTL,Morning,3.034188034188034,3.1504273504273503,2
IND735224AAA,IND736146AAA,FTL,Night,1.4591836734693877,1.7034285714285715,4
IND736135AAA,IND736101AAA,FTL,Night,2.130434782608696,2.2,3
IND736135AAA,IND736165AAA,FTL,Night,2.473684210526316,2.656899004267425,3
IND736146AAA,IND736135AAA,FTL,Night,1.8333333333333333,2.1548872180451126,4
IND741101AAB,IND741502AAB,FTL,Evening,2.6666666666666665,2.6666666666666665,1
IND741121AAA,IND741201AAC,FTL,Evening,2.789473684210526,2.789473684210526,1
IND741123AAB,IND741126AAB,Carting,Evening,2.3125,2.7810606060606062,9
IND741123AAB,IND741126AAB,Carting,Night,2.46875,2.59375,2
IND741126AAB,IND741156AAA,Carting,Evening,2.7058823529411766,3.7058823529411766,11
IND741126AAB,IND741156AAA,Carting,Night,2.1764705882352944,2.223529411764706,2
IND741156AAA,IND742101AAC,Carting,Evening,2.6875,3.9848484848484844,8
IND741156AAA,IND742102AAB,Carting,Evening,3.984375,4.576470588235294,4
IND741156AAA,IND742102AAB,Carting,Night,2.236391129032258,2.3222782258064516,2
IND741165AAB,IND742121AAB,Carting,Evening,1.337323095453177,1.4261517615176151,8
IND741165AAB,IND742121AAB,Carting,Night,1.0735471243601324,1.1552393857271905,4
IND741201AAC,IND712311AAA,FTL,Evening,15.807017543859649,15.863157894736842,3
IND742101AAC,IND712311AAA,FTL,Morning,2.802394624790031,3.1763842281879198,6
IND742101AAC,IND713130AAA,Carting,Evening,1.684782608695652,1.7993221131369799,3
IND742101AAC,IND731237AAB,Carting,Evening,2.6333333333333333,3.1933333333333334,3
IND742101AAC,IND731237AAB,Carting,Night,2.6451612903225805,2.6451612903225805,1
IND742101AAC,IND741123AAB,Carting,Evening,2.9166666666666665,2.9166666666666665,1
IND742101AAC,IND742202AAA,FTL,Morning,2.566666666666667,2.566666666666667,1
IND742101AAC,IND742303AAB,Carting,Evening,2.6293103448275863,3.2118226600985222,6
IND742102AAB,IND712311AAA,FTL,Morning,2.59375,3.5903229865771813,4
IND742102AAB,IND713130AAA,Carting,Evening,2.3343653250773997,2.421266968325792,4
IND742102AAB,IND713130AAA,Carting,Night,2.0001168770453486,2.0174146797568957,2
IND742102AAB,IND731237AAB,Carting,Evening,3.935483870967742,4.15852534562212,3
IND742102AAB,IND731237AAB,Carting,Night,2.803225806451613,3.064516129032258,6
IND742102AAB,IND742121AAB,Carting,Evening,4.621951219512195,4.621951219512195,1
IND742102AAB,IND742303AAB,Carting,Evening,2.210591133004926,2.310344827586207,6
IND742102AAB,IND742303AAB,Carting,Night,1.9074074074074074,2.0500000000000003,4
IND742121AAA,IND742101AAC,Carting,Evening,3.6363636363636362,4.0034090909090905,5
IND742121AAA,IND742102AAB,Carting,Evening,3.840909090909091,5.1504329004329,6
IND742121AAA,IND742102AAB,Carting,Night,4.2727272727272725,4.554545454545455,4
IND742121AAB,IND742101AAC,Carting,Evening,3.388888888888889,3.388888888888889,1
IND742121AAB,IND742121AAA,Carting,Evening,3.1538461538461537,4.412307692307692,9
IND742121AAB,IND742121AAA,Carting,Night,2.8846153846153846,3.9000000000000004,4
IND742137AAA,IND742401AAA,Carting,Evening,2.2333333333333334,2.2333333333333334,1
IND742137AAA,IND742401AAA,Carting,Night,3.005952380952381,3.267857142857143,2
IND742147AAA,IND742137AAA,Carting,Evening,1.411764705882353,1.411764705882353,1
IND742148AAA,IND742225AAA,Carting,Evening,4.196428571428571,4.239285714285715,2
IND742148AAA,IND742225AAA,Carting,Night,3.25,5.16125,12
IND742149AAA,IND742148AAA,Carting,Evening,3.072916666666667,3.2645833333333334,2
IND742149AAA,IND742148AAA,Carting,Night,2.64975845410628,3.824,10
IND742149AAA,IND742225AAA,Carting,Evening,4.1,4.1,1
IND742202AAA,IND732103AAA,FTL,Morning,4.722222222222222,4.722222222222222,1
IND742223AAA,IND742226AAA,Carting,Evening,1.511111111111111,1.5204040404040404,3
IND742223AAA,IND742226AAA,Carting,Night,1.551010101010101,1.9072340425531915,12
IND742225AAA,IND742223AAA,Carting,Evening,4.555555555555555,4.644444444444445,3
IND742225AAA,IND742223AAA,Carting,Night,4.666666666666667,5.0,11
IND742226AAA,IND742101AAC,Carting,Evening,2.27027027027027,2.27027027027027,1
IND742226AAA,IND742101AAC,Carting,Night,1.8888888888888888,2.2804804804804806,3
IND742226AAA,IND742102AAB,Carting,Evening,1.7777777777777777,1.7777777777777777,1
IND742226AAA,IND742102AAB,Carting,Night,2.253174603174603,3.323839223839224,12
IND742303AAB,IND741165AAB,Carting,Evening,3.1578947368421053,3.388888888888889,11
IND742303AAB,IND741165AAB,Carting,Night,3.108108108108108,3.3704729729729728,4
IND742401AAA,IND742101AAC,Carting,Evening,3.41044776119403,3.94179104477612,2
IND742401AAA,IND742101AAC,Carting,Night,2.757575757575758,2.757575757575758,1
IND742401AAA,IND742102AAB,Carting,Evening,2.65625,2.9797348484848483,3
IND742401AAA,IND742102AAB,Carting,Night,3.4328358208955225,4.718563432835822,7
IND743235AAA,IND743270AAA,FTL,Night,2.1,2.650793650793651,6
IND743270AAA,IND712311AAA,FTL,Night,15.35135135135135,15.758904109589041,5
IND743347AAA,IND700053AAA,Carting,Evening,3.338709677419355,3.338709677419355,1
IND743347AAA,IND700053AAA,Carting,Night,3.7936507936507935,4.078133143804785,3
IND743395AAA,IND700053AAA,FTL,Night,3.2363636363636363,5.316363636363636,3
IND743513AAA,IND743347AAA,Carting,Evening,2.291666666666667,2.5472222222222225,2
IND743513AAA,IND743347AAA,Carting,Night,2.1944444444444446,2.4224532224532225,7
IND751002AAB,IND530012AAA,FTL,Evening,1.6939393939393939,1.7843047901653242,5
IND751002AAB,IND530012AAA,FTL,Night,1.6371681415929205,1.7680792575052395,5
IND751002AAB,IND562132AAA,FTL,Morning,2.0426136363636362,2.240278421111932,5
IND751002AAB,IND562132AAA,FTL,Night,2.300662878787879,2.503214145089075,6
IND751002AAB,IND712311AAA,FTL,Afternoon,2.0588235294117645,2.078200296136761,4
IND751002AAB,IND712311AAA,FTL,Evening,1.8385093167701863,2.1544283413848633,5
IND751002AAB,IND712311AAA,FTL,Morning,2.3326442705228545,2.688200680729958,2
IND751002AAB,IND712311AAA,FTL,Night,2.055054945054945,4.107252608645798,8
IND751002AAB,IND754103AAA,FTL,Afternoon,10.121951219512194,13.267247386759582,7
IND751002AAB,IND756100AAC,FTL,Night,1.8296703296703296,2.075449260042283,6
IND751002AAB,IND760003AAB,FTL,Morning,2.059897879025923,2.7023337595907924,10
IND751014AAA,IND751002AAB,Carting,Morning,5.3125,8.0625,4
IND751015AAA,IND751002AAB,Carting,Morning,2.0,2.685714285714286,3
IND751015AAA,IND752050AAA,Carting,Night,1.6363636363636365,1.6363636363636365,1
IND751015AAA,IND752055AAA,Carting,Evening,1.8695652173913044,1.8695652173913044,1
IND751015AAA,IND752056AAA,Carting,Evening,1.8235294117647058,1.8235294117647058,1
IND751015AAA,IND752056AAA,Carting,Night,2.1984126984126986,3.303921568627451,4
IND751021AAA,IND751002AAB,Carting,Evening,3.2,3.2,1
IND752030AAA,IND754022AAA,FTL,Morning,1.6818181818181819,1.6818181818181819,1
IND752050AAA,IND751002AAB,Carting,Evening,2.4,2.4,1
IND752050AAA,IND752056AAA,Carting,Night,2.3333333333333335,2.3333333333333335,1
IND752056AAA,IND751002AAB,Carting,Night,1.894736842105263,1.894736842105263,1
IND754022AAA,IND751002AAB,FTL,Morning,2.2413273001508296,2.3559577677224737,2
IND754103AAA,IND754142AAA,FTL,Afternoon,2.185185185185185,2.185185185185185,1
IND754142AAA,IND754211AAA,FTL,Afternoon,2.9696296296296296,3.537925925925926,2
IND754160AAA,IND754142AAA,FTL,Afternoon,2.0,2.0,1
IND754202AAA,IND751002AAB,FTL,Afternoon,3.2580645161290325,3.2580645161290325,1
IND754211AAA,IND754202AAA,FTL,Afternoon,2.606060606060606,2.606060606060606,1
IND756019AAA,IND756029AAA,FTL,Night,1.3157894736842106,1.3157894736842106,1
IND756019AAA,IND757001AAA,FTL,Morning,2.608695652173913,2.608695652173913,1
IND756019AAA,IND757025AAA,FTL,Afternoon,2.2105263157894735,3.3263157894736843,4
IND756019AAA,IND757025AAA,FTL,Morning,2.3333333333333335,2.4877192982456138,3
IND756019AAA,IND757041AAA,FTL,Morning,1.140625,1.140625,1
IND756029AAA,IND712311AAA,FTL,Night,1.8026315789473684,1.8026315789473684,1
IND756032AAA,IND712311AAA,FTL,Night,2.762962962962963,5.231884057971015,5
IND756100AAC,IND757037AAA,FTL,Evening,1.3846153846153846,1.3846153846153846,1
IND756100AAC,IND758001AAA,FTL,Afternoon,5.152671755725191,5.152671755725191,1
IND756100AAC,IND758001AAA,FTL,Evening,1.8629795396419437,2.0004219948849102,2
IND756100AAC,IND758034AAA,FTL,Afternoon,3.298342541436464,3.9980446927374302,5
IND756100AAC,IND758034AAA,FTL,Evening,1.962962962962963,2.2481481481481485,5
IND757001AAA,IND757041AAA,FTL,Afternoon,1.9199363732767762,1.9254506892895016,2
IND757024AAA,IND756019AAA,FTL,Morning,2.6774193548387095,2.6774193548387095,1
IND757025AAA,IND757001AAA,FTL,Afternoon,2.111111111111111,2.869281045751634,3
IND757025AAA,IND757001AAA,FTL,Morning,2.0,2.0,2
IND757037AAA,IND756100AAC,FTL,Afternoon,2.6341463414634148,2.9985881075210425,5
IND757037AAA,IND756100AAC,FTL,Evening,2.8222815123316196,3.7823609139021563,4
IND757037AAA,IND758001AAA,FTL,Evening,1.880952380952381,1.880952380952381,1
IND757041AAA,IND756019AAA,FTL,Afternoon,1.5918367346938775,7.318367346938776,3
IND757041AAA,IND756019AAA,FTL,Morning,1.6,1.6,1
IND757041AAA,IND757001AAA,FTL,Morning,1.7619047619047619,1.7619047619047619,1
IND758001AAA,IND757037AAA,FTL,Afternoon,1.8953488372093024,1.9790697674418605,2
IND758001AAA,IND758035AAA,FTL,Evening,2.076923076923077,2.1076923076923078,3
IND758034AAA,IND756100AAC,FTL,Evening,2.0552147239263805,2.0552147239263805,1
IND758034AAA,IND757037AAA,FTL,Evening,2.05,2.152222222222222,2
IND758034AAA,IND758001AAA,FTL,Afternoon,2.127659574468085,2.127659574468085,1
IND758035AAA,IND758001AAA,FTL,Evening,1.7142857142857142,1.7142857142857142,1
IND759122AAC,IND767017AAA,Carting,Evening,1.6794871794871795,1.6794871794871795,1
IND760003AAB,IND754022AAA,FTL,Morning,2.76,2.76,1
IND761200AAA,IND532001AAB,FTL,Morning,2.3333333333333335,2.3333333333333335,1
IND761200AAA,IND532001AAB,FTL,Night,2.1076923076923078,2.436,8
IND762001AAA,IND759122AAC,Carting,Evening,2.3241758241758244,2.3241758241758244,1
IND764001AAC,IND764059AAA,Carting,Evening,2.533333333333333,3.864516129032258,5
IND764001AAC,IND764059AAA,Carting,Night,3.625,3.625,1
IND764020AAC,IND764001AAC,Carting,Evening,2.25,2.25,1
IND764059AAA,IND764071AAB,Carting,Evening,1.8888888888888888,1.8888888888888888,1
IND764059AAA,IND764071AAB,Carting,Night,2.125,2.125,1
IND764071AAB,IND530012AAA,Carting,Evening,2.5428571428571427,2.5428571428571427,1
IND764071AAB,IND530012AAA,Carting,Night,12.042654028436019,12.042654028436019,1
IND764071AAB,IND764073AAA,Carting,Evening,1.6950757575757576,1.8390151515151516,2
IND767001AAA,IND762001AAA,Carting,Evening,2.2,2.2,1
IND767001AAA,IND767017AAA,FTL,Evening,2.1714285714285713,2.1714285714285713,1
IND767001AAA,IND767017AAA,FTL,Night,1.8571428571428572,1.8571428571428572,1
IND767017AAA,IND767001AAA,Carting,Evening,2.4285714285714284,2.4285714285714284,1
IND767017AAA,IND768004AAD,FTL,Evening,2.278481012658228,2.278481012658228,1
IND767017AAA,IND768004AAD,FTL,Night,1.935897435897436,1.935897435897436,1
IND768004AAD,IND768028AAA,FTL,Night,2.8,2.8,1
IND768004AAD,IND768028AAB,FTL,Night,2.53125,2.53125,1
IND768028AAA,IND767001AAA,FTL,Night,0.8289473684210527,0.8289473684210527,1
IND768028AAB,IND767001AAA,FTL,Evening,0.9802631578947368,0.9802631578947368,1
IND768201AAA,IND770001AAA,FTL,Night,4.333333333333333,4.333333333333333,1
IND768216AAA,IND770001AAA,FTL,Evening,2.1952614379084965,2.3279411764705884,2
IND768216AAA,IND770001AAA,FTL,Night,3.057142857142857,3.057142857142857,1
IND770001AAA,IND770017AAB,FTL,Evening,1.7070333157059756,1.7349550502379694,2
IND770001AAA,IND770017AAB,FTL,Night,1.5530142781597038,1.5696192490745637,2
IND781001AAA,IND781018AAB,Carting,Morning,1.3620199146514937,1.931831831831832,4
IND781001AAA,IND781018AAB,Carting,Night,2.8655761024182076,3.2679943100995734,4
IND781003AAA,IND781018AAB,Carting,Night,3.108108108108108,3.1513513513513516,3
IND781005AAA,IND781018AAB,Carting,Morning,1.3333333333333333,2.1951635846372692,7
IND781005AAA,IND781018AAB,Carting,Night,1.2261904761904763,1.311904761904762,2
IND781014AAA,IND781102AAA,Carting,Morning,2.6209150326797386,2.835294117647059,2
IND781014AAA,IND781124AAA,Carting,Night,2.130434782608696,3.02809364548495,7
IND781018AAA,IND781018AAB,Carting,Morning,0.8611111111111112,0.8611111111111112,1
IND781018AAA,IND781018AAB,Carting,Night,1.2647058823529411,1.2647058823529411,1
IND781018AAB,IND110037AAM,FTL,Evening,2.507936507936508,2.5439473621016737,3
IND781018AAB,IND110037AAM,FTL,Night,2.546142208774584,2.5988785630237974,13
IND781018AAB,IND712311AAA,FTL,Afternoon,3.9189580318379162,4.157047420321072,3
IND781018AAB,IND712311AAA,FTL,Evening,2.8415697674418605,2.8415697674418605,1
IND781018AAB,IND712311AAA,FTL,Morning,2.5297532656023223,2.5297532656023223,1
IND781018AAB,IND781003AAA,Carting,Morning,1.975609756097561,3.0777777777777775,6
IND781018AAB,IND781005AAA,Carting,Night,1.0,1.8577777777777778,5
IND781018AAB,IND781022AAA,Carting,Morning,0.893970893970894,1.2796257796257797,4
IND781018AAB,IND781022AAA,Carting,Night,0.95,1.03,3
IND781018AAB,IND781102AAA,Carting,Morning,1.3076923076923077,1.3076923076923077,1
IND781018AAB,IND781354AAA,FTL,Morning,1.9444444444444444,2.098181818181818,5
IND781018AAB,IND781354AAA,FTL,Night,1.6111111111111112,1.7148148148148148,2
IND781018AAB,IND784001AAA,FTL,Morning,2.014388489208633,2.273381294964029,3
IND781018AAB,IND784125AAA,FTL,Afternoon,1.676923076923077,1.676923076923077,1
IND781018AAB,IND784125AAA,FTL,Morning,1.7384615384615385,1.8,3
IND781018AAB,IND784168AAB,FTL,Morning,2.28125,2.28125,1
IND781018AAB,IND785001AAA,FTL,Night,1.9958677685950412,1.9958677685950412,1
IND781018AAB,IND785612AAB,FTL,Night,3.0923076923076924,3.0923076923076924,1
IND781018AAB,IND785621AAA,FTL,Night,1.9437229437229437,1.9437229437229437,1
IND781018AAB,IND788026AAC,FTL,Morning,2.9926561083041845,3.512587446560435,2
IND781018AAB,IND788026AAC,FTL,Night,2.744979919678715,3.256224899598393,8
IND781018AAB,IND793001AAA,FTL,Afternoon,2.0051020408163263,2.0812244897959182,6
IND781022AAA,IND781018AAB,Carting,Morning,0.9825367647058824,2.092691622103387,6
IND781022AAA,IND781018AAB,Carting,Night,0.8502673796791445,2.301069518716578,4
IND781102AAA,IND781018AAB,Carting,Morning,1.9411764705882353,1.9411764705882353,1
IND781124AAA,IND781018AAB,Carting,Night,4.77671370967742,6.439784946236559,6
IND781335AAA,IND000000AET,FTL,Morning,1.8725490196078431,2.0058823529411764,2
IND781335AAA,IND000000AET,FTL,Night,1.86,1.86,1
IND781354AAA,IND781335AAA,FTL,Morning,3.1333333333333333,3.6133333333333333,2
IND783129AAA,IND794101AAA,FTL,Morning,2.0194174757281553,2.0194174757281553,1
IND783301AAA,IND783348AAA,FTL,Morning,1.9545454545454546,2.4187499999999997,8
IND783301AAA,IND783348AAA,FTL,Night,1.875,2.871969696969697,3
IND783348AAA,IND783129AAA,FTL,Morning,1.9101123595505618,2.1835546475995913,7
IND783348AAA,IND783129AAA,FTL,Night,1.7415730337078652,1.8404494382022472,2
IND783370AAB,IND783301AAA,FTL,Morning,2.127659574468085,2.178723404255319,2
IND783370AAC,IND783301AAA,FTL,Morning,2.6458333333333335,3.6534574468085106,5
IND783370AAC,IND783301AAA,FTL,Night,2.4680851063829787,2.6550205300485255,3
IND784001AAA,IND784101AAA,Carting,Morning,7.125,7.125,1
IND784001AAA,IND790114AAA,Carting,Night,2.8627450980392157,2.8627450980392157,1
IND784001AAA,IND791111AAC,FTL,Morning,2.3949579831932772,2.5495798319327734,3
IND784101AAA,IND790114AAA,Carting,Morning,1.28125,1.28125,1
IND784110AAA,IND781018AAB,FTL,Afternoon,2.7777777777777777,2.7777777777777777,1
IND784110AAA,IND784001AAA,FTL,Morning,2.8600000000000003,3.356,2
IND784125AAA,IND784110AAA,FTL,Afternoon,2.9411764705882355,2.9411764705882355,1
IND784125AAA,IND784110AAA,FTL,Morning,2.424319727891157,2.551530612244898,2
IND784168AAB,IND784176AAA,FTL,Afternoon,2.292682926829268,2.292682926829268,1
IND784168AAB,IND784176AAA,FTL,Morning,2.761904761904762,3.0143774069319638,5
IND784168AAB,IND791111AAC,FTL,Morning,3.16,3.16,1
IND784176AAA,IND781018AAB,FTL,Morning,2.337814610190301,2.5749109883364025,4
IND785001AAA,IND785112AAC,Carting,Evening,2.111111111111111,2.4432748538011695,3
IND785001AAA,IND785682AAA,FTL,Night,2.3488612836438922,2.9565217391304346,8
IND785001AAA,IND798601AAA,Carting,Evening,4.135135135135135,4.135135135135135,1
IND785112AAC,IND785001AAA,Carting,Evening,15.085526315789474,18.553947368421053,2
IND785112AAC,IND785634AAA,Carting,Evening,3.2195402298850575,4.057241379310345,2
IND785621AAA,IND785001AAA,FTL,Night,1.551010101010101,1.5829292929292929,2
IND785634AAA,IND785001AAA,Carting,Evening,31.2,32.59,3
IND785675AAA,IND785612AAB,FTL,Night,2.190082644628099,2.190082644628099,1
IND785682AAA,IND785690AAB,Carting,Night,3.494652406417112,4.1812834224598925,2
IND785682AAA,IND786001AAB,FTL,Night,2.1179315476190474,2.3110911885245904,8
IND785690AAB,IND785682AAA,Carting,Night,4.32258064516129,8.058823529411764,11
IND786001AAB,IND785675AAA,FTL,Night,2.763095238095238,3.2669047619047618,2
IND786001AAB,IND786125AAA,Carting,Night,2.2758620689655173,2.2758620689655173,1
IND786001AAB,IND786171AAA,Carting,Night,3.1333333333333333,3.6553951367781155,12
IND786001AAB,IND786184AAA,Carting,Night,2.076923076923077,5.753333333333333,8
IND786001AAB,IND786190AAA,Carting,Night,1.8837209302325582,1.8837209302325582,1
IND786001AAB,IND786602AAA,Carting,Night,1.6,2.1666666666666665,11
IND786001AAB,IND792103AAB,Carting,Night,2.259259259259259,2.259259259259259,1
IND786125AAA,IND786190AAA,Carting,Night,3.0625,4.523333333333333,7
IND786171AAA,IND786181AAC,Carting,Night,2.3472222222222223,2.944444444444444,10
IND786181AAC,IND786001AAB,Carting,Night,3.316666666666667,4.340000000000001,13
IND786181AAC,IND792120AAB,Carting,Morning,6.848197343453511,7.9502846299810255,2
IND786181AAC,IND792120AAB,Carting,Night,4.848484848484849,5.300829493087558,7
IND786181AAC,IND792121AAB,Carting,Morning,3.252873563218391,5.0344827586206895,6
IND786181AAC,IND792121AAB,Carting,Night,4.0344827586206895,4.227586206896551,3
IND786184AAA,IND786125AAA,Carting,Night,2.7333333333333334,3.6,5
IND786184AAA,IND786190AAA,Carting,Night,1.9464285714285714,1.9892857142857143,2
IND786190AAA,IND786001AAB,Carting,Night,2.4523809523809526,2.4523809523809526,1
IND786190AAA,IND792103AAB,Carting,Night,2.324324324324324,2.502702702702703,7
IND787001AAA,IND787057AAA,FTL,Afternoon,2.6595744680851063,2.6595744680851063,1
IND787001AAA,IND787057AAA,FTL,Morning,2.765957446808511,3.302127659574468,7
IND787057AAA,IND787059AAB,FTL,Afternoon,1.7916666666666667,1.7916666666666667,1
IND787057AAA,IND787059AAB,FTL,Morning,2.12,3.0943840579710145,8
IND788026AAC,IND781018AAB,FTL,Evening,2.0201924672307947,2.0885913389746142,2
IND788026AAC,IND781018AAB,FTL,Morning,2.678861788617886,2.678861788617886,1
IND788026AAC,IND781018AAB,FTL,Night,2.574479340683818,2.7167346938775507,10
IND788026AAC,IND788121AAA,FTL,Evening,4.904761904761905,4.904761904761905,1
IND788026AAC,IND788121AAA,FTL,Night,3.142857142857143,3.142857142857143,1
IND788026AAC,IND788151AAA,FTL,Evening,2.7694805194805197,2.8396103896103897,2
IND788026AAC,IND788151AAA,FTL,Night,2.5227272727272725,3.7416666666666663,8
IND788026AAC,IND799250AAA,FTL,Night,4.2,4.2,1
IND788121AAA,IND796081AAA,FTL,Evening,3.9,3.9,1
IND788121AAA,IND796081AAA,FTL,Morning,3.5,3.5,1
IND788121AAA,IND796081AAA,FTL,Night,3.04,3.04,1
IND788151AAA,IND788713AAA,FTL,Evening,2.8125,3.575833333333333,3
IND788151AAA,IND788713AAA,FTL,Night,2.6,2.838636363636364,7
IND788713AAA,IND788806AAA,FTL,Evening,3.7142857142857144,3.7142857142857144,1
IND788713AAA,IND788806AAA,FTL,Night,2.6923076923076925,3.7412087912087912,8
IND788806AAA,IND788026AAC,FTL,Night,3.75,8.555000000000003,7
IND790001AAB,IND784001AAA,Carting,Night,7.05,7.05,1
IND791102AAA,IND784168AAB,FTL,Morning,2.8217821782178216,2.8217821782178216,1
IND791109AAA,IND787001AAA,FTL,Morning,3.5757575757575757,3.5757575757575757,1
IND791110AAA,IND787001AAA,FTL,Morning,3.5294117647058822,3.5294117647058822,1
IND791125AAB,IND791102AAA,FTL,Morning,1.9503858024691358,2.195160256410256,4
IND792001AAA,IND786001AAB,Carting,Morning,2.3846153846153846,2.3846153846153846,1
IND792001AAA,IND792110AAA,Carting,Night,1.5697674418604652,1.6348837209302327,2
IND792103AAB,IND792001AAA,Carting,Night,0.6808510638297872,0.7111758118701008,9
IND792110AAA,IND786001AAB,Carting,Night,2.505098039215686,2.8931764705882355,2
IND792120AAB,IND786181AAC,Carting,Night,3.088235294117647,3.111764705882353,3
IND792121AAB,IND786181AAC,Carting,Morning,33.58620689655172,36.3967816091954,7
IND792121AAB,IND786181AAC,Carting,Night,2.933333333333333,3.50974358974359,3
IND792130AAB,IND786001AAB,Carting,Night,2.929411764705882,3.4280935506732817,7
IND793001AAA,IND781018AAB,FTL,Afternoon,3.3435114503816794,3.3435114503816794,1
IND793001AAA,IND793150AAA,FTL,Afternoon,2.4565217391304346,2.4565217391304346,1
IND794101AAA,IND781018AAB,FTL,Morning,2.408805031446541,2.5850931677018636,7
IND794101AAA,IND781018AAB,FTL,Night,2.408805031446541,2.529559748427673,2
IND796009AAA,IND796321AAB,FTL,Afternoon,4.950381679389313,5.142748091603053,2
IND796009AAA,IND796321AAB,FTL,Morning,6.290076335877862,6.290076335877862,1
IND796081AAA,IND788026AAC,FTL,Night,2.638888888888889,2.638888888888889,1
IND796321AAB,IND796009AAA,FTL,Afternoon,4.0272542938931295,4.042950858778626,2
IND798601AAA,IND785001AAA,Carting,Evening,3.9210526315789473,9.763663704716338,5
IND799250AAA,IND799008AAA,FTL,Night,2.725806451612903,2.725806451612903,1
IND801103AAA,IND802301AAA,FTL,Evening,2.6666666666666665,3.5733333333333337,7
IND802101AAA,IND802119AAA,FTL,Night,2.9166666666666665,3.2857142857142856,11
IND802101AAA,IND802158AAB,FTL,Night,2.76,2.76,1
IND802119AAA,IND802158AAB,FTL,Night,1.7894736842105263,1.9421052631578948,12
IND802158AAB,IND821115AAB,FTL,Night,2.4133333333333336,2.8139671361502354,9
IND802212AAA,IND821115AAB,FTL,Night,23.738095238095237,25.040601503759397,7
IND802213AAB,IND802212AAA,FTL,Night,3.5,4.136764705882353,5
IND802301AAA,IND804401AAA,FTL,Evening,1.8133484162895928,2.1578054298642533,6
IND803101AAA,IND805110AAD,FTL,Afternoon,2.3349802371541504,2.7459627329192546,8
IND803116AAA,IND803108AAB,FTL,Afternoon,2.2203463203463203,2.5575757575757576,10
IND803213AAA,IND803212AAB,FTL,Afternoon,3.872340425531915,3.872340425531915,1
IND803213AAA,IND803212AAB,FTL,Evening,2.4166666666666665,2.4166666666666665,1
IND803213AAA,IND811105AAA,FTL,Afternoon,1.7777777777777777,1.7777777777777777,1
IND803213AAA,IND811105AAA,FTL,Evening,2.467391304347826,2.997826086956522,2
IND804420AAA,IND803101AAA,FTL,Afternoon,2.833333333333333,4.467179487179488,8
IND804452AAA,IND804420AAA,FTL,Afternoon,3.045454545454546,3.781818181818182,4
IND805110AAD,IND803116AAA,FTL,Afternoon,2.2339544513457557,3.2718535469107546,8
IND811105AAA,IND803212AAB,FTL,Afternoon,2.9375,2.9375,1
IND811105AAA,IND803212AAB,FTL,Evening,2.489795918367347,2.489795918367347,1
IND811201AAB,IND811213AAA,FTL,Night,2.134615384615385,2.180769230769231,2
IND811201AAB,IND813213AAA,FTL,Night,4.288461538461538,4.703846153846154,2
IND811213AAA,IND811201AAB,FTL,Night,2.5,2.5,1
IND811213AAA,IND813213AAA,FTL,Night,1.6139162561576355,1.6193349753694581,2
IND811307AAA,IND811201AAB,FTL,Night,2.0172413793103448,2.0172413793103448,1
IND811307AAA,IND811213AAA,FTL,Night,1.96875,1.96875,1
IND811399AAA,IND110044AAB,Carting,Afternoon,4.647058823529412,11.0625,21
IND811399AAA,IND110044AAB,Carting,Evening,2.663533834586466,3.683552631578947,10
IND811399AAA,IND110044AAB,Carting,Night,1.375,1.375,1
IND811399AAA,IND209304AAA,FTL,Evening,1.6083793420749943,1.7560597826086954,8
IND812002AAA,IND813203AAA,FTL,Evening,3.5217391304347827,3.5217391304347827,1
IND812002AAA,IND813203AAA,FTL,Night,3.782608695652174,6.636070853462158,15
IND813102AAA,IND812002AAA,FTL,Evening,2.675,2.675,1
IND813102AAA,IND812002AAA,FTL,Night,2.00030487804878,2.2925,14
IND814101AAB,IND816107AAA,FTL,Evening,1.4804865009355788,1.579818230419674,2
IND814101AAB,IND816107AAA,FTL,Night,1.4883720930232558,1.6418604651162791,5
IND814112AAA,IND814133AAA,FTL,Night,2.3508771929824563,2.3508771929824563,1
IND814112AAA,IND814133AAB,FTL,Evening,2.327272727272727,2.327272727272727,1
IND814112AAA,IND814133AAB,FTL,Night,2.594736842105263,3.6750239234449764,4
IND814133AAA,IND816109AAA,FTL,Night,2.4375,2.4375,1
IND814133AAB,IND816109AAA,FTL,Evening,2.3659855769230766,2.5356971153846155,2
IND814133AAB,IND816109AAA,FTL,Night,2.359375,2.8,8
IND815301AAA,IND814133AAB,FTL,Night,2.4224137931034484,2.550569715142429,3
IND815301AAA,IND815353AAA,FTL,Night,2.1142857142857143,2.187563025210084,3
IND815351AAA,IND814101AAB,FTL,Evening,1.1597938144329896,1.229896907216495,2
IND815351AAA,IND814101AAB,FTL,Night,1.0515463917525774,1.2597938144329897,5
IND815353AAA,IND814112AAA,FTL,Night,1.2564102564102564,1.2564102564102564,2
IND815353AAA,IND814133AAB,FTL,Evening,2.0,2.0,1
IND815353AAA,IND814133AAB,FTL,Night,1.8718732314657611,2.075268817204301,6
IND815353AAA,IND826004AAA,FTL,Night,1.5172413793103448,1.5172413793103448,1
IND816107AAA,IND826004AAA,FTL,Evening,1.883222827373905,1.8868884679138054,2
IND816107AAA,IND826004AAA,FTL,Night,1.9460784313725492,2.012661406025825,4
IND816109AAA,IND826004AAA,FTL,Evening,1.6693820414221143,1.6781387033663901,2
IND816109AAA,IND826004AAA,FTL,Night,2.1324682959603596,3.0799180327868854,6
IND821109AAA,IND802213AAB,FTL,Night,5.125,5.777777777777778,11
IND821115AAB,IND000000ACB,FTL,Afternoon,2.1756548536209555,2.1756548536209555,1
IND821115AAB,IND000000ACB,FTL,Evening,2.058641975308642,2.058641975308642,1
IND821115AAB,IND000000ACB,FTL,Morning,2.3639876352395675,2.500618238021638,2
IND821115AAB,IND209304AAA,FTL,Night,1.9460921177587844,2.0558461538461534,10
IND821115AAB,IND802101AAA,FTL,Night,2.3513513513513513,2.4281650071123755,3
IND821115AAB,IND821109AAA,FTL,Night,2.3,2.625,6
IND821307AAA,IND824101AAA,FTL,Night,1.9949874686716793,2.175,6
IND824101AAA,IND821115AAB,FTL,Night,1.9285714285714286,3.2683385579937303,5
IND824101AAA,IND821307AAA,FTL,Night,1.8456937799043063,1.932775119617225,2
IND825102AAA,IND827013AAA,FTL,Afternoon,2.0576923076923075,2.1346153846153846,2
IND825301AAA,IND825409AAA,FTL,Afternoon,2.7089285714285714,3.228513356562137,10
IND825301AAA,IND825409AAA,FTL,Morning,2.516885553470919,2.6572232645403377,2
IND825409AAA,IND000000ACB,FTL,Afternoon,1.9372153349621453,2.0356359387388894,10
IND825409AAA,IND000000ACB,FTL,Morning,1.9118498082228652,1.9408115200861316,2
IND826001AAC,IND828111AAA,Carting,Night,2.5555555555555554,2.6444444444444444,2
IND826004AAA,IND209304AAA,FTL,Night,1.7249134948096885,1.7678200692041521,3
IND826004AAA,IND814112AAA,FTL,Night,1.7565217391304349,2.2446376811594204,3
IND826004AAA,IND815301AAA,FTL,Night,1.9636363636363636,2.341818181818182,5
IND826004AAA,IND815351AAA,FTL,Night,3.3947368421052633,4.497990297990298,8
IND826004AAA,IND815353AAA,FTL,Night,1.7992801771871538,1.9087277701778387,4
IND826004AAA,IND821115AAB,FTL,Night,1.5490196078431373,1.6483865987339816,3
IND826004AAA,IND828111AAA,Carting,Night,2.409090909090909,2.4454545454545453,2
IND826004AAA,IND828205AAA,Carting,Night,2.95,2.95,1
IND826004AAA,IND828401AAB,Carting,Night,0.926829268292683,0.9853658536585366,3
IND827013AAA,IND829121AAA,Carting,Afternoon,2.0,2.0,1
IND827013AAA,IND829121AAA,FTL,Afternoon,1.9909090909090907,2.1436363636363636,2
IND827013AAA,IND829121AAA,FTL,Evening,1.8,1.8,1
IND828111AAA,IND826004AAA,Carting,Morning,2.235294117647059,2.235294117647059,1
IND828111AAA,IND826004AAA,Carting,Night,11.71590909090909,24.30363636363636,8
IND828401AAB,IND826004AAA,Carting,Night,3.0238095238095237,4.034090909090909,6
IND829121AAA,IND834002AAB,Carting,Afternoon,7.174603174603175,7.756213643574828,7
IND829121AAA,IND834002AAB,FTL,Afternoon,6.658043032786885,7.259477459016393,2
IND829121AAA,IND834002AAB,FTL,Evening,7.655737704918033,7.655737704918033,1
IND829122AAA,IND825301AAA,FTL,Afternoon,1.972972972972973,2.124324324324324,10
IND829122AAA,IND825301AAA,FTL,Morning,1.7659854976928147,1.8166117336849046,2
IND832109AAB,IND834002AAB,FTL,Night,2.433333333333333,2.84367816091954,15
IND834002AAB,IND000000ACB,FTL,Evening,1.990023474178404,2.0374413145539907,2
IND834002AAB,IND000000ACB,FTL,Night,1.990012466357347,2.0603250409767426,6
IND834002AAB,IND781018AAB,FTL,Night,2.9806949806949805,2.9806949806949805,1
IND834002AAB,IND825102AAA,FTL,Afternoon,3.417582417582418,3.4703296703296704,2
IND834002AAB,IND826004AAA,Carting,Afternoon,2.509811273590801,2.972902312992126,6
IND834002AAB,IND826004AAA,Carting,Morning,2.393700787401575,2.525909261342332,15
IND834002AAB,IND827013AAA,Carting,Afternoon,4.333333333333333,5.164835164835165,11
IND834002AAB,IND827013AAA,Carting,Evening,3.8068181818181817,3.8068181818181817,1
IND834002AAB,IND829122AAA,FTL,Afternoon,2.390625,2.65,10
IND834002AAB,IND829122AAA,FTL,Morning,1.953125,1.965625,2
IND834002AAB,IND832109AAB,FTL,Afternoon,2.2954545454545454,2.3533437826541275,3
IND834002AAB,IND832109AAB,FTL,Evening,2.4046377973803796,2.4735632183908045,10
IND841101AAA,IND841207AAB,FTL,Evening,9.0,9.0,1
IND841101AAA,IND841207AAB,FTL,Night,2.611111111111111,2.611111111111111,1
IND841226AAB,IND841428AAA,Carting,Night,2.3333333333333335,2.3333333333333335,1
IND841301AAC,IND841226AAB,Carting,Night,2.0,2.0,1
IND841405AAA,IND841301AAC,Carting,Night,2.116279069767442,2.116279069767442,1
IND841424AAA,IND841226AAB,FTL,Afternoon,2.2383838383838386,2.4113131313131313,2
IND841424AAA,IND841428AAA,FTL,Afternoon,3.6884057971014492,3.8043478260869565,4
IND842001AAA,IND843105AAB,FTL,Night,2.875,3.975,15
IND842001AAA,IND843109AAB,Carting,Night,3.4,4.909090909090909,11
IND842001AAA,IND843126AAA,Carting,Night,5.927777777777778,9.025555555555556,2
IND842001AAA,IND843301AAA,FTL,Evening,3.0480769230769234,4.018867924528302,6
IND842001AAA,IND843320AAA,FTL,Evening,6.25,6.25,1
IND842001AAA,IND843329AAB,FTL,Evening,1.3793103448275863,1.4805539853024308,7
IND842001AAA,IND843329AAB,FTL,Night,1.2413793103448276,1.5114337568058076,3
IND842001AAA,IND845401AAA,FTL,Night,2.0655737704918034,2.2131147540983607,3
IND842001AAA,IND845412AAB,FTL,Night,2.264705882352941,2.411764705882353,11
IND842001AAA,IND845418AAB,FTL,Evening,1.8,1.8,1
IND842001AAA,IND845418AAB,FTL,Night,1.93125,2.4839506172839503,8
IND842001AAA,IND845438AAA,FTL,Evening,2.4782608695652173,2.4782608695652173,1
IND842001AAA,IND845438AAA,FTL,Night,2.5054945054945055,2.8960953939677343,4
IND842001AAA,IND846004AAA,FTL,Evening,2.326530612244898,3.153469387755102,7
IND842001AAA,IND846004AAA,FTL,Night,2.08,2.6719999999999993,10
IND842001AAA,IND847212AAA,FTL,Evening,2.191780821917808,3.019178082191781,15
IND842001AAA,IND847212AAA,FTL,Night,1.8055555555555554,1.8277777777777777,2
IND842001AAA,IND848101AAA,FTL,Night,3.891891891891892,3.891891891891892,1
IND842001AAA,IND848114AAA,FTL,Night,2.2270408163265305,2.380357142857143,18
IND842001AAA,IND854326AAB,FTL,Morning,1.8275862068965518,2.4923210663575777,7
IND842001AAA,IND854326AAB,FTL,Night,1.892156862745098,2.1176470588235294,8
IND842003AAB,IND480661AAA,FTL,Night,1.9422860360360361,2.046114864864865,2
IND842003AAB,IND480886AAA,FTL,Night,2.303030303030303,2.671969696969697,7
IND842003AAB,IND482002AAA,Carting,Night,23.1875,47.06250000000001,4
IND842003AAB,IND483225AAA,FTL,Night,2.8636363636363638,2.8727272727272726,3
IND842003AAB,IND483501AAA,FTL,Night,2.646551724137931,2.974021040327293,10
IND842003AAB,IND484661AAE,FTL,Night,1.5832365466511806,1.643476577622919,2
IND842003AAB,IND487001AAA,FTL,Night,1.974025974025974,1.974025974025974,1
IND842003AAB,IND487001AAB,FTL,Night,1.8181818181818181,2.3575641025641025,5
IND843105AAB,IND848101AAA,FTL,Night,2.05,3.552380952380952,15
IND843109AAB,IND842001AAA,Carting,Night,2.0,2.0,1
IND843109AAB,IND843126AAA,Carting,Night,1.0476190476190477,4.04835164835165,7
IND843126AAA,IND842001AAA,Carting,Night,2.3970588235294117,3.2258169934640524,8
IND843126AAA,IND843109AAB,Carting,Night,1.9615384615384615,1.9615384615384615,1
IND843301AAA,IND843320AAA,FTL,Evening,2.66,3.053846153846154,14
IND843301AAA,IND843320AAA,FTL,Night,1.6923076923076923,2.307692307692308,3
IND843320AAA,IND847223AAA,FTL,Evening,2.15,3.294285714285715,7
IND843320AAA,IND847223AAA,FTL,Night,9.631578947368421,9.631578947368421,1
IND843329AAB,IND843301AAA,FTL,Evening,2.736842105263158,3.7157894736842105,7
IND843329AAB,IND843301AAA,FTL,Night,2.789473684210526,4.052631578947368,3
IND844101AAB,IND841207AAB,FTL,Night,2.611111111111111,2.611111111111111,1
IND844505AAB,IND842001AAA,FTL,Night,12.139615384615386,15.067307692307693,12
IND845305AAA,IND842001AAA,FTL,Night,5.838541666666666,7.33717637540453,16
IND845401AAA,IND845305AAA,FTL,Night,2.5,2.822857142857143,17
IND845412AAB,IND845401AAA,FTL,Night,1.8518518518518519,3.230769230769231,11
IND845418AAB,IND842001AAA,FTL,Night,2.9851778656126484,3.252108036890646,2
IND845418AAB,IND845438AAA,FTL,Evening,2.0,2.0,1
IND845418AAB,IND845438AAA,FTL,Night,2.1491228070175437,2.343291536050157,8
IND845438AAA,IND845455AAB,FTL,Evening,1.8651026392961876,2.1184750733137827,2
IND845438AAA,IND845455AAB,FTL,Night,1.7971652003910068,2.966666666666667,12
IND845455AAB,IND842001AAA,FTL,Evening,4.456,4.456,1
IND845455AAB,IND842001AAA,FTL,Night,2.274698412698413,2.854761904761905,12
IND845455AAB,IND845418AAB,FTL,Evening,1.9333333333333333,1.9333333333333333,1
IND845455AAB,IND845418AAB,FTL,Night,2.266304347826087,2.3054347826086956,2
IND846004AAA,IND847103AAA,FTL,Evening,1.8333333333333335,2.0009057971014492,6
IND846004AAA,IND847103AAA,FTL,Night,1.7708333333333335,1.8333333333333333,10
IND846004AAA,IND847404AAB,FTL,Evening,4.466666666666667,4.466666666666667,1
IND847103AAA,IND847404AAB,FTL,Evening,2.0,2.606451612903226,5
IND847103AAA,IND847404AAB,FTL,Night,1.935483870967742,2.44375,9
IND847212AAA,IND847226AAA,FTL,Evening,1.7453703703703702,3.2733333333333343,14
IND847212AAA,IND847226AAA,FTL,Night,1.7535121328224776,1.832183908045977,2
IND847223AAA,IND842001AAA,FTL,Evening,10.538461538461538,10.84423076923077,9
IND847223AAA,IND842001AAA,FTL,Night,9.84375,9.882596153846155,3
IND847226AAA,IND842001AAA,FTL,Evening,8.880952380952381,9.376372549019608,14
IND847226AAA,IND842001AAA,FTL,Night,8.680722891566266,9.071084337349397,2
IND847404AAB,IND842001AAA,FTL,Evening,8.948051948051948,11.444736842105264,5
IND847404AAB,IND842001AAA,FTL,Night,8.330909090909092,9.075837320574163,8
IND848101AAA,IND844505AAB,FTL,Night,3.301169590643275,4.306432748538012,12
IND848114AAA,IND848210AAA,FTL,Night,1.7083333333333333,2.025,19
IND848210AAA,IND842001AAA,FTL,Night,4.088235294117647,4.66692242114237,3
IND848210AAA,IND851127AAA,FTL,Night,1.8461538461538463,2.5487179487179485,15
IND851127AAA,IND842001AAA,FTL,Night,4.333333333333333,4.879166666666667,14
IND851127AAA,IND851112AAB,FTL,Morning,2.316951566951567,2.4782051282051283,2
IND852111AAA,IND852118AAA,FTL,Evening,2.057142857142857,2.057142857142857,1
IND852111AAA,IND854311AAA,FTL,Evening,2.8461538461538463,2.8461538461538463,1
IND852111AAA,IND854326AAB,FTL,Evening,4.162891986062718,4.2856312292358805,10
IND852111AAA,IND854326AAB,FTL,Night,3.6987951807228914,4.488095238095238,5
IND852111AAA,IND854335AAA,FTL,Night,1.5,1.5,1
IND852113AAA,IND852139AAB,FTL,Evening,2.639130434782609,4.175999999999999,10
IND852113AAA,IND852139AAB,FTL,Night,2.708333333333333,3.375,6
IND852113AAA,IND852201AAA,FTL,Evening,3.9411764705882355,3.9411764705882355,1
IND852118A1B,IND854326AAB,FTL,Night,3.0588235294117645,3.0588235294117645,1
IND852118AAA,IND852111AAA,FTL,Night,3.7,3.7,1
IND852118AAA,IND854326AAB,FTL,Evening,2.4705882352941178,2.4705882352941178,1
IND852131AAA,IND852139AAB,FTL,Evening,3.380952380952381,3.380952380952381,1
IND852131AAA,IND852201AAA,FTL,Evening,2.787878787878788,3.296969696969697,3
IND852131AAA,IND852201AAA,FTL,Night,2.8484848484848486,2.896969696969697,3
IND852139AAB,IND854326AAB,FTL,Evening,3.3026315789473686,3.6,11
IND852139AAB,IND854326AAB,FTL,Night,2.986842105263158,3.7600000000000002,7
IND852201AAA,IND852113AAA,FTL,Evening,4.2631578947368425,4.525,9
IND852201AAA,IND852113AAA,FTL,Night,3.4558823529411766,4.896284829721362,6
IND852201AAA,IND852131AAA,FTL,Evening,2.375,2.375,1
IND852201AAA,IND854326AAB,FTL,Night,5.6125,5.6125,1
IND853204AAA,IND851204AAA,FTL,Afternoon,2.1956521739130435,3.2217391304347824,3
IND853204AAA,IND851204AAA,FTL,Evening,2.108695652173913,2.5956521739130434,3
IND853204AAA,IND851204AAA,FTL,Night,2.0,2.104347826086957,2
IND854105AAA,IND853204AAA,FTL,Evening,2.36,2.36,1
IND854105AAB,IND851204AAA,FTL,Night,2.3473684210526318,2.5242105263157897,3
IND854105AAB,IND853204AAA,FTL,Evening,3.0408163265306123,3.6285714285714286,3
IND854105AAB,IND853204AAA,FTL,Night,3.020408163265306,3.020408163265306,1
IND854311AAA,IND852118A1B,FTL,Evening,3.769230769230769,3.769230769230769,1
IND854311AAA,IND852118A1B,FTL,Night,2.895833333333333,3.3125,2
IND854311AAA,IND854326AAB,FTL,Evening,6.34375,6.34375,1
IND854311AAA,IND854334AAA,FTL,Evening,1.9941520467836258,3.0431578947368423,4
IND854311AAA,IND854334AAA,FTL,Night,1.631578947368421,3.484210526315789,3
IND854326AAB,IND000000ACB,FTL,Morning,2.0838184170102676,2.3268722625366545,6
IND854326AAB,IND000000ACB,FTL,Night,2.2497308934338,2.371445549357264,8
IND854326AAB,IND852113AAA,FTL,Evening,2.9855072463768115,2.9855072463768115,1
IND854326AAB,IND852131AAA,FTL,Evening,2.1382978723404253,2.389473684210526,5
IND854326AAB,IND852131AAA,FTL,Night,2.4947368421052634,2.696842105263158,3
IND854326AAB,IND852201AAA,FTL,Evening,3.6774193548387095,4.339879475363347,3
IND854326AAB,IND852201AAA,FTL,Night,3.217391304347826,4.034782608695652,3
IND854326AAB,IND854105AAA,FTL,Evening,7.333333333333333,7.333333333333333,1
IND854326AAB,IND854105AAB,FTL,Evening,2.05,2.81,3
IND854326AAB,IND854105AAB,FTL,Night,2.4,6.14,5
IND854326AAB,IND854311AAA,FTL,Evening,1.6333333333333333,1.793103448275862,11
IND854326AAB,IND854311AAA,FTL,Night,1.8688172043010751,5.13125,8
IND854326AAB,IND854334AAA,FTL,Evening,3.5625,3.5625,1
IND854334AAA,IND852118A1B,FTL,Evening,1.2857142857142858,1.342857142857143,5
IND854334AAA,IND852118A1B,FTL,Night,1.173913043478261,1.173913043478261,1
IND854334AAA,IND852118AAA,FTL,Evening,1.3636363636363635,1.3636363636363635,3
IND854334AAA,IND852118AAA,FTL,Night,1.2554112554112553,1.3818181818181818,4
IND854334AAA,IND854335AAA,FTL,Evening,1.3125,1.3125,1
IND854334AAA,IND854335AAA,FTL,Night,1.3793103448275863,1.3793103448275863,1
IND854335AAA,IND852111AAA,FTL,Evening,2.0952380952380953,2.65,11
IND854335AAA,IND852111AAA,FTL,Night,2.25,2.474285714285714,5
IND854335AAA,IND854326AAB,FTL,Night,3.262295081967213,3.262295081967213,1
